period,mca_dimension,mca_variance_explained,algorithm,distance_metric,feature_space,cluster_k,batch_size,n_init,m,error,maxiter,silhouette_score,davies_bouldin_index,calinski_harabasz_index,silhouette_sample_size,fpc,mean_max_membership,boundary_ratio,mean_jaccard_distance,running_time_seconds,metric_warning,label_file,membership_file,center_file,cluster_size_file
2012_03_to_2017_03,53,80%,KMeans,euclidean,mca_coordinates,3,4096.0,5.0,,,,0.10526019018073157,3.857513777020662,1697.2655181024136,10000,,,,,1.1593101024627686,,2012_03_to_2017_03_hyperparameter_tuning_results/mca53_euclidean_kmeans_bs4096_ninit5_labels_K3.npy,,,2012_03_to_2017_03_hyperparameter_tuning_results/mca53_euclidean_kmeans_bs4096_ninit5_cluster_size_K3.csv
2012_03_to_2017_03,53,80%,KMeans,euclidean,mca_coordinates,3,4096.0,10.0,,,,0.0983784288303928,3.8334272810521655,1666.5386080489343,10000,,,,,1.160269021987915,,2012_03_to_2017_03_hyperparameter_tuning_results/mca53_euclidean_kmeans_bs4096_ninit10_labels_K3.npy,,,2012_03_to_2017_03_hyperparameter_tuning_results/mca53_euclidean_kmeans_bs4096_ninit10_cluster_size_K3.csv
2012_03_to_2017_03,53,80%,KMeans,euclidean,mca_coordinates,3,4096.0,20.0,,,,0.09934563576856684,3.8398360880094677,1665.7164484297443,10000,,,,,1.4313571453094482,,2012_03_to_2017_03_hyperparameter_tuning_results/mca53_euclidean_kmeans_bs4096_ninit20_labels_K3.npy,,,2012_03_to_2017_03_hyperparameter_tuning_results/mca53_euclidean_kmeans_bs4096_ninit20_cluster_size_K3.csv
2012_03_to_2017_03,53,80%,KMeans,euclidean,mca_coordinates,3,8192.0,5.0,,,,-0.02027012758883901,4.941753552823735,1245.1902924815925,10000,,,,,1.2470991611480713,,2012_03_to_2017_03_hyperparameter_tuning_results/mca53_euclidean_kmeans_bs8192_ninit5_labels_K3.npy,,,2012_03_to_2017_03_hyperparameter_tuning_results/mca53_euclidean_kmeans_bs8192_ninit5_cluster_size_K3.csv
2012_03_to_2017_03,53,80%,KMeans,euclidean,mca_coordinates,3,8192.0,10.0,,,,0.06099576973007696,4.472284811325033,1834.3725229663921,10000,,,,,1.2503259181976318,,2012_03_to_2017_03_hyperparameter_tuning_results/mca53_euclidean_kmeans_bs8192_ninit10_labels_K3.npy,,,2012_03_to_2017_03_hyperparameter_tuning_results/mca53_euclidean_kmeans_bs8192_ninit10_cluster_size_K3.csv
2012_03_to_2017_03,53,80%,KMeans,euclidean,mca_coordinates,3,8192.0,20.0,,,,0.06382627125707398,4.451025201599353,1849.534951211079,10000,,,,,1.570539951324463,,2012_03_to_2017_03_hyperparameter_tuning_results/mca53_euclidean_kmeans_bs8192_ninit20_labels_K3.npy,,,2012_03_to_2017_03_hyperparameter_tuning_results/mca53_euclidean_kmeans_bs8192_ninit20_cluster_size_K3.csv
2012_03_to_2017_03,53,80%,KMeans,euclidean,mca_coordinates,3,16384.0,5.0,,,,0.19680503459059004,3.4763186971645315,1832.8555557054842,10000,,,,,1.6634771823883057,,2012_03_to_2017_03_hyperparameter_tuning_results/mca53_euclidean_kmeans_bs16384_ninit5_labels_K3.npy,,,2012_03_to_2017_03_hyperparameter_tuning_results/mca53_euclidean_kmeans_bs16384_ninit5_cluster_size_K3.csv
2012_03_to_2017_03,53,80%,KMeans,euclidean,mca_coordinates,3,16384.0,10.0,,,,0.20346961924990165,3.063544747537952,2608.181397025563,10000,,,,,1.7832269668579102,,2012_03_to_2017_03_hyperparameter_tuning_results/mca53_euclidean_kmeans_bs16384_ninit10_labels_K3.npy,,,2012_03_to_2017_03_hyperparameter_tuning_results/mca53_euclidean_kmeans_bs16384_ninit10_cluster_size_K3.csv
2012_03_to_2017_03,53,80%,KMeans,euclidean,mca_coordinates,3,16384.0,20.0,,,,0.2017412539817676,3.052939461714335,2606.0124379034105,10000,,,,,2.1616129875183105,,2012_03_to_2017_03_hyperparameter_tuning_results/mca53_euclidean_kmeans_bs16384_ninit20_labels_K3.npy,,,2012_03_to_2017_03_hyperparameter_tuning_results/mca53_euclidean_kmeans_bs16384_ninit20_cluster_size_K3.csv
2012_03_to_2017_03,53,80%,FCM,euclidean,mca_coordinates,3,,,1.1,0.01,300.0,0.04805127753640649,4.3934656172840105,1873.684138579112,10000,0.6748498050312408,0.7460629109165046,0.2225527208938718,,2.6322720050811768,,2012_03_to_2017_03_hyperparameter_tuning_results/mca53_euclidean_fcm_m1p1_labels_K3.npy,2012_03_to_2017_03_hyperparameter_tuning_results/mca53_euclidean_fcm_m1p1_membership_K3.npy,,2012_03_to_2017_03_hyperparameter_tuning_results/mca53_euclidean_fcm_m1p1_cluster_size_K3.csv
2012_03_to_2017_03,53,80%,FCM,euclidean,mca_coordinates,3,,,1.2,0.01,300.0,0.13064272961089574,5.304747825402597,1565.1389873776693,10000,0.4270241416385618,0.485965420538351,0.6873991025689916,,4.368026971817017,,2012_03_to_2017_03_hyperparameter_tuning_results/mca53_euclidean_fcm_m1p2_labels_K3.npy,2012_03_to_2017_03_hyperparameter_tuning_results/mca53_euclidean_fcm_m1p2_membership_K3.npy,,2012_03_to_2017_03_hyperparameter_tuning_results/mca53_euclidean_fcm_m1p2_cluster_size_K3.csv
2012_03_to_2017_03,53,80%,FCM,euclidean,mca_coordinates,3,,,1.3,0.01,300.0,0.04710321371002953,6.474385766814546,936.6889542479387,10000,0.3333349471225922,0.333874671804286,1.0,,1.119255781173706,,2012_03_to_2017_03_hyperparameter_tuning_results/mca53_euclidean_fcm_m1p3_labels_K3.npy,2012_03_to_2017_03_hyperparameter_tuning_results/mca53_euclidean_fcm_m1p3_membership_K3.npy,,2012_03_to_2017_03_hyperparameter_tuning_results/mca53_euclidean_fcm_m1p3_cluster_size_K3.csv
2012_03_to_2017_03,53,80%,FCM,euclidean,mca_coordinates,3,,,1.4,0.01,300.0,0.0020678812447215097,6.319140881394101,911.6668586484798,10000,0.3333333530344823,0.3333930822077085,1.0,,1.2530081272125244,,2012_03_to_2017_03_hyperparameter_tuning_results/mca53_euclidean_fcm_m1p4_labels_K3.npy,2012_03_to_2017_03_hyperparameter_tuning_results/mca53_euclidean_fcm_m1p4_membership_K3.npy,,2012_03_to_2017_03_hyperparameter_tuning_results/mca53_euclidean_fcm_m1p4_cluster_size_K3.csv
2012_03_to_2017_03,53,80%,FCM,euclidean,mca_coordinates,3,,,1.5,0.01,300.0,0.0018979782831968898,6.315496388517517,923.0204473340929,10000,0.3333333373018931,0.3333600769509365,1.0,,1.2182390689849854,,2012_03_to_2017_03_hyperparameter_tuning_results/mca53_euclidean_fcm_m1p5_labels_K3.npy,2012_03_to_2017_03_hyperparameter_tuning_results/mca53_euclidean_fcm_m1p5_membership_K3.npy,,2012_03_to_2017_03_hyperparameter_tuning_results/mca53_euclidean_fcm_m1p5_cluster_size_K3.csv
2012_03_to_2017_03,53,80%,FCM,euclidean,mca_coordinates,3,,,1.6,0.01,300.0,0.011170319195928398,6.428567021175496,933.3035051066137,10000,0.3333333349015996,0.3333501303975481,1.0,,1.3883090019226074,,2012_03_to_2017_03_hyperparameter_tuning_results/mca53_euclidean_fcm_m1p6_labels_K3.npy,2012_03_to_2017_03_hyperparameter_tuning_results/mca53_euclidean_fcm_m1p6_membership_K3.npy,,2012_03_to_2017_03_hyperparameter_tuning_results/mca53_euclidean_fcm_m1p6_cluster_size_K3.csv
2012_03_to_2017_03,53,80%,FCM,euclidean,mca_coordinates,3,,,1.7,0.01,300.0,0.03863203687399492,6.420906347876671,952.053139376672,10000,0.33333333466055526,0.3333487908815942,1.0,,1.1422138214111328,,2012_03_to_2017_03_hyperparameter_tuning_results/mca53_euclidean_fcm_m1p7_labels_K3.npy,2012_03_to_2017_03_hyperparameter_tuning_results/mca53_euclidean_fcm_m1p7_membership_K3.npy,,2012_03_to_2017_03_hyperparameter_tuning_results/mca53_euclidean_fcm_m1p7_cluster_size_K3.csv
2012_03_to_2017_03,53,80%,FCM,euclidean,mca_coordinates,3,,,1.8,0.01,300.0,0.033267248477224745,6.404106737159371,955.5938859003929,10000,0.3333333338429136,0.3333429327682879,1.0,,1.1727049350738525,,2012_03_to_2017_03_hyperparameter_tuning_results/mca53_euclidean_fcm_m1p8_labels_K3.npy,2012_03_to_2017_03_hyperparameter_tuning_results/mca53_euclidean_fcm_m1p8_membership_K3.npy,,2012_03_to_2017_03_hyperparameter_tuning_results/mca53_euclidean_fcm_m1p8_cluster_size_K3.csv
2012_03_to_2017_03,53,80%,FCM,euclidean,mca_coordinates,3,,,1.9,0.01,300.0,0.032527043813028664,6.451769248637011,978.6343744591715,10000,0.33333333431675943,0.3333467052611207,1.0,,1.1362221240997314,,2012_03_to_2017_03_hyperparameter_tuning_results/mca53_euclidean_fcm_m1p9_labels_K3.npy,2012_03_to_2017_03_hyperparameter_tuning_results/mca53_euclidean_fcm_m1p9_membership_K3.npy,,2012_03_to_2017_03_hyperparameter_tuning_results/mca53_euclidean_fcm_m1p9_cluster_size_K3.csv
2012_03_to_2017_03,53,80%,FCM,euclidean,mca_coordinates,3,,,2.0,0.01,300.0,0.033295088956202576,6.452353074652824,981.3845404819524,10000,0.33333333388278064,0.3333433713415173,1.0,,1.294269323348999,,2012_03_to_2017_03_hyperparameter_tuning_results/mca53_euclidean_fcm_m2p0_labels_K3.npy,2012_03_to_2017_03_hyperparameter_tuning_results/mca53_euclidean_fcm_m2p0_membership_K3.npy,,2012_03_to_2017_03_hyperparameter_tuning_results/mca53_euclidean_fcm_m2p0_cluster_size_K3.csv
2012_03_to_2017_03,53,80%,FCM,euclidean,mca_coordinates,3,,,4.0,0.01,300.0,0.1250906058306355,6.995895738880388,1197.2321412191454,10000,0.33333333339562854,0.33333704053330293,1.0,,1.087157964706421,,2012_03_to_2017_03_hyperparameter_tuning_results/mca53_euclidean_fcm_m4p0_labels_K3.npy,2012_03_to_2017_03_hyperparameter_tuning_results/mca53_euclidean_fcm_m4p0_membership_K3.npy,,2012_03_to_2017_03_hyperparameter_tuning_results/mca53_euclidean_fcm_m4p0_cluster_size_K3.csv
2012_03_to_2017_03,53,80%,KMeans,euclidean,mca_coordinates,4,4096.0,5.0,,,,0.0641314123505507,3.8411331090146894,1746.8344264903815,10000,,,,,1.451556921005249,,2012_03_to_2017_03_hyperparameter_tuning_results/mca53_euclidean_kmeans_bs4096_ninit5_labels_K4.npy,,,2012_03_to_2017_03_hyperparameter_tuning_results/mca53_euclidean_kmeans_bs4096_ninit5_cluster_size_K4.csv
2012_03_to_2017_03,53,80%,KMeans,euclidean,mca_coordinates,4,4096.0,10.0,,,,0.09456495586918665,3.9546333217053946,1501.8570288098613,10000,,,,,1.2005860805511475,,2012_03_to_2017_03_hyperparameter_tuning_results/mca53_euclidean_kmeans_bs4096_ninit10_labels_K4.npy,,,2012_03_to_2017_03_hyperparameter_tuning_results/mca53_euclidean_kmeans_bs4096_ninit10_cluster_size_K4.csv
2012_03_to_2017_03,53,80%,KMeans,euclidean,mca_coordinates,4,4096.0,20.0,,,,0.2730031096776173,3.0941286443879976,1370.3884122278032,10000,,,,,1.441094160079956,,2012_03_to_2017_03_hyperparameter_tuning_results/mca53_euclidean_kmeans_bs4096_ninit20_labels_K4.npy,,,2012_03_to_2017_03_hyperparameter_tuning_results/mca53_euclidean_kmeans_bs4096_ninit20_cluster_size_K4.csv
2012_03_to_2017_03,53,80%,KMeans,euclidean,mca_coordinates,4,8192.0,5.0,,,,0.1943396736508149,2.416031751621906,1608.4790899158302,10000,,,,,1.5555498600006104,,2012_03_to_2017_03_hyperparameter_tuning_results/mca53_euclidean_kmeans_bs8192_ninit5_labels_K4.npy,,,2012_03_to_2017_03_hyperparameter_tuning_results/mca53_euclidean_kmeans_bs8192_ninit5_cluster_size_K4.csv
2012_03_to_2017_03,53,80%,KMeans,euclidean,mca_coordinates,4,8192.0,10.0,,,,0.24167902700703958,2.0931325750054333,1272.5256555129492,10000,,,,,1.484238862991333,,2012_03_to_2017_03_hyperparameter_tuning_results/mca53_euclidean_kmeans_bs8192_ninit10_labels_K4.npy,,,2012_03_to_2017_03_hyperparameter_tuning_results/mca53_euclidean_kmeans_bs8192_ninit10_cluster_size_K4.csv
2012_03_to_2017_03,53,80%,KMeans,euclidean,mca_coordinates,4,8192.0,20.0,,,,0.1489001644145557,3.3911704428963825,2297.124644676816,10000,,,,,1.637901782989502,,2012_03_to_2017_03_hyperparameter_tuning_results/mca53_euclidean_kmeans_bs8192_ninit20_labels_K4.npy,,,2012_03_to_2017_03_hyperparameter_tuning_results/mca53_euclidean_kmeans_bs8192_ninit20_cluster_size_K4.csv
2012_03_to_2017_03,53,80%,KMeans,euclidean,mca_coordinates,4,16384.0,5.0,,,,0.04182895389351369,4.067376810806388,1394.0538702021342,10000,,,,,1.5430808067321777,,2012_03_to_2017_03_hyperparameter_tuning_results/mca53_euclidean_kmeans_bs16384_ninit5_labels_K4.npy,,,2012_03_to_2017_03_hyperparameter_tuning_results/mca53_euclidean_kmeans_bs16384_ninit5_cluster_size_K4.csv
2012_03_to_2017_03,53,80%,KMeans,euclidean,mca_coordinates,4,16384.0,10.0,,,,0.04546256017300807,4.606861213310113,1299.7234194199023,10000,,,,,1.5357792377471924,,2012_03_to_2017_03_hyperparameter_tuning_results/mca53_euclidean_kmeans_bs16384_ninit10_labels_K4.npy,,,2012_03_to_2017_03_hyperparameter_tuning_results/mca53_euclidean_kmeans_bs16384_ninit10_cluster_size_K4.csv
2012_03_to_2017_03,53,80%,KMeans,euclidean,mca_coordinates,4,16384.0,20.0,,,,0.04018792539561906,4.117506356598571,1358.6360289909826,10000,,,,,1.834587812423706,,2012_03_to_2017_03_hyperparameter_tuning_results/mca53_euclidean_kmeans_bs16384_ninit20_labels_K4.npy,,,2012_03_to_2017_03_hyperparameter_tuning_results/mca53_euclidean_kmeans_bs16384_ninit20_cluster_size_K4.csv
2012_03_to_2017_03,53,80%,FCM,euclidean,mca_coordinates,4,,,1.1,0.01,300.0,0.014563685116136451,4.634758223642733,1586.7986260206521,10000,0.615762701235742,0.6962943737071047,0.29513531378306573,,3.3175840377807617,,2012_03_to_2017_03_hyperparameter_tuning_results/mca53_euclidean_fcm_m1p1_labels_K4.npy,2012_03_to_2017_03_hyperparameter_tuning_results/mca53_euclidean_fcm_m1p1_membership_K4.npy,,2012_03_to_2017_03_hyperparameter_tuning_results/mca53_euclidean_fcm_m1p1_cluster_size_K4.csv
2012_03_to_2017_03,53,80%,FCM,euclidean,mca_coordinates,4,,,1.2,0.01,300.0,0.0208847016011924,5.534307444372073,1394.8146117782264,10000,0.37862004276182465,0.45652525896947244,0.6788951175177007,,8.43472170829773,,2012_03_to_2017_03_hyperparameter_tuning_results/mca53_euclidean_fcm_m1p2_labels_K4.npy,2012_03_to_2017_03_hyperparameter_tuning_results/mca53_euclidean_fcm_m1p2_membership_K4.npy,,2012_03_to_2017_03_hyperparameter_tuning_results/mca53_euclidean_fcm_m1p2_cluster_size_K4.csv
2012_03_to_2017_03,53,80%,FCM,euclidean,mca_coordinates,4,,,1.3,0.01,300.0,-0.01710023794682109,5.941270984645719,684.4388205451642,10000,0.2500016763613441,0.2505392180382528,1.0,,1.305804967880249,,2012_03_to_2017_03_hyperparameter_tuning_results/mca53_euclidean_fcm_m1p3_labels_K4.npy,2012_03_to_2017_03_hyperparameter_tuning_results/mca53_euclidean_fcm_m1p3_membership_K4.npy,,2012_03_to_2017_03_hyperparameter_tuning_results/mca53_euclidean_fcm_m1p3_cluster_size_K4.csv
2012_03_to_2017_03,53,80%,FCM,euclidean,mca_coordinates,4,,,1.4,0.01,300.0,-0.05138579976581027,5.87790168677159,608.996902296467,10000,0.25000001375557557,0.25004835087930316,1.0,,1.4876210689544678,,2012_03_to_2017_03_hyperparameter_tuning_results/mca53_euclidean_fcm_m1p4_labels_K4.npy,2012_03_to_2017_03_hyperparameter_tuning_results/mca53_euclidean_fcm_m1p4_membership_K4.npy,,2012_03_to_2017_03_hyperparameter_tuning_results/mca53_euclidean_fcm_m1p4_cluster_size_K4.csv
2012_03_to_2017_03,53,80%,FCM,euclidean,mca_coordinates,4,,,1.5,0.01,300.0,-0.007093127222935892,6.014667682398525,623.0421062531799,10000,0.2500000045818932,0.2500275985863815,1.0,,1.4099133014678955,,2012_03_to_2017_03_hyperparameter_tuning_results/mca53_euclidean_fcm_m1p5_labels_K4.npy,2012_03_to_2017_03_hyperparameter_tuning_results/mca53_euclidean_fcm_m1p5_membership_K4.npy,,2012_03_to_2017_03_hyperparameter_tuning_results/mca53_euclidean_fcm_m1p5_cluster_size_K4.csv
2012_03_to_2017_03,53,80%,FCM,euclidean,mca_coordinates,4,,,1.6,0.01,300.0,-0.01014454135898956,6.057399854359966,638.5636022599022,10000,0.2500000019120103,0.25001765653077673,1.0,,1.3385050296783447,,2012_03_to_2017_03_hyperparameter_tuning_results/mca53_euclidean_fcm_m1p6_labels_K4.npy,2012_03_to_2017_03_hyperparameter_tuning_results/mca53_euclidean_fcm_m1p6_membership_K4.npy,,2012_03_to_2017_03_hyperparameter_tuning_results/mca53_euclidean_fcm_m1p6_cluster_size_K4.csv
2012_03_to_2017_03,53,80%,FCM,euclidean,mca_coordinates,4,,,1.7,0.01,300.0,0.006477780270532401,6.251258835678743,655.9760846598854,10000,0.2500000017105912,0.2500165519858036,1.0,,1.1548590660095215,,2012_03_to_2017_03_hyperparameter_tuning_results/mca53_euclidean_fcm_m1p7_labels_K4.npy,2012_03_to_2017_03_hyperparameter_tuning_results/mca53_euclidean_fcm_m1p7_membership_K4.npy,,2012_03_to_2017_03_hyperparameter_tuning_results/mca53_euclidean_fcm_m1p7_cluster_size_K4.csv
2012_03_to_2017_03,53,80%,FCM,euclidean,mca_coordinates,4,,,1.8,0.01,300.0,0.0040467358913565295,6.27103145322823,653.4133492581448,10000,0.2500000006953737,0.25001047125582737,1.0,,1.1764318943023682,,2012_03_to_2017_03_hyperparameter_tuning_results/mca53_euclidean_fcm_m1p8_labels_K4.npy,2012_03_to_2017_03_hyperparameter_tuning_results/mca53_euclidean_fcm_m1p8_membership_K4.npy,,2012_03_to_2017_03_hyperparameter_tuning_results/mca53_euclidean_fcm_m1p8_cluster_size_K4.csv
2012_03_to_2017_03,53,80%,FCM,euclidean,mca_coordinates,4,,,1.9,0.01,300.0,0.0032274001977041266,6.197781370923466,655.4812258644915,10000,0.25000000032915415,0.25000715305404964,1.0,,1.155189037322998,,2012_03_to_2017_03_hyperparameter_tuning_results/mca53_euclidean_fcm_m1p9_labels_K4.npy,2012_03_to_2017_03_hyperparameter_tuning_results/mca53_euclidean_fcm_m1p9_membership_K4.npy,,2012_03_to_2017_03_hyperparameter_tuning_results/mca53_euclidean_fcm_m1p9_cluster_size_K4.csv
2012_03_to_2017_03,53,80%,FCM,euclidean,mca_coordinates,4,,,2.0,0.01,300.0,-0.001779821570990931,6.153972963604831,687.0103069282244,10000,0.2500000008420272,0.2500113618303691,1.0,,1.1023709774017334,,2012_03_to_2017_03_hyperparameter_tuning_results/mca53_euclidean_fcm_m2p0_labels_K4.npy,2012_03_to_2017_03_hyperparameter_tuning_results/mca53_euclidean_fcm_m2p0_membership_K4.npy,,2012_03_to_2017_03_hyperparameter_tuning_results/mca53_euclidean_fcm_m2p0_cluster_size_K4.csv
2012_03_to_2017_03,53,80%,FCM,euclidean,mca_coordinates,4,,,4.0,0.01,300.0,-0.0387879459732009,6.474233419167411,706.4766031358084,10000,0.25000000002257095,0.25000172351336486,1.0,,1.1782119274139404,,2012_03_to_2017_03_hyperparameter_tuning_results/mca53_euclidean_fcm_m4p0_labels_K4.npy,2012_03_to_2017_03_hyperparameter_tuning_results/mca53_euclidean_fcm_m4p0_membership_K4.npy,,2012_03_to_2017_03_hyperparameter_tuning_results/mca53_euclidean_fcm_m4p0_cluster_size_K4.csv
2012_03_to_2017_03,53,80%,KMeans,euclidean,mca_coordinates,6,4096.0,5.0,,,,0.0501560209526676,3.7964681547711616,1727.4130379684696,10000,,,,,1.1780080795288086,,2012_03_to_2017_03_hyperparameter_tuning_results/mca53_euclidean_kmeans_bs4096_ninit5_labels_K6.npy,,,2012_03_to_2017_03_hyperparameter_tuning_results/mca53_euclidean_kmeans_bs4096_ninit5_cluster_size_K6.csv
2012_03_to_2017_03,53,80%,KMeans,euclidean,mca_coordinates,6,4096.0,10.0,,,,0.05119890330988809,3.076135453006445,1898.3666194886634,10000,,,,,1.518347978591919,,2012_03_to_2017_03_hyperparameter_tuning_results/mca53_euclidean_kmeans_bs4096_ninit10_labels_K6.npy,,,2012_03_to_2017_03_hyperparameter_tuning_results/mca53_euclidean_kmeans_bs4096_ninit10_cluster_size_K6.csv
2012_03_to_2017_03,53,80%,KMeans,euclidean,mca_coordinates,6,4096.0,20.0,,,,0.07724780259722823,3.5345970729837646,1616.5894665940993,10000,,,,,1.3785889148712158,,2012_03_to_2017_03_hyperparameter_tuning_results/mca53_euclidean_kmeans_bs4096_ninit20_labels_K6.npy,,,2012_03_to_2017_03_hyperparameter_tuning_results/mca53_euclidean_kmeans_bs4096_ninit20_cluster_size_K6.csv
2012_03_to_2017_03,53,80%,KMeans,euclidean,mca_coordinates,6,8192.0,5.0,,,,0.07741746973687248,3.048391575889022,1843.6205606450494,10000,,,,,1.2010939121246338,,2012_03_to_2017_03_hyperparameter_tuning_results/mca53_euclidean_kmeans_bs8192_ninit5_labels_K6.npy,,,2012_03_to_2017_03_hyperparameter_tuning_results/mca53_euclidean_kmeans_bs8192_ninit5_cluster_size_K6.csv
2012_03_to_2017_03,53,80%,KMeans,euclidean,mca_coordinates,6,8192.0,10.0,,,,0.1063669145814725,3.1212831787867272,1731.615960231114,10000,,,,,1.3630881309509277,,2012_03_to_2017_03_hyperparameter_tuning_results/mca53_euclidean_kmeans_bs8192_ninit10_labels_K6.npy,,,2012_03_to_2017_03_hyperparameter_tuning_results/mca53_euclidean_kmeans_bs8192_ninit10_cluster_size_K6.csv
2012_03_to_2017_03,53,80%,KMeans,euclidean,mca_coordinates,6,8192.0,20.0,,,,0.11044489128211926,3.152131227707381,1805.2888245661907,10000,,,,,1.5304481983184814,,2012_03_to_2017_03_hyperparameter_tuning_results/mca53_euclidean_kmeans_bs8192_ninit20_labels_K6.npy,,,2012_03_to_2017_03_hyperparameter_tuning_results/mca53_euclidean_kmeans_bs8192_ninit20_cluster_size_K6.csv
2012_03_to_2017_03,53,80%,KMeans,euclidean,mca_coordinates,6,16384.0,5.0,,,,0.04467916117186269,3.3021937545462188,1320.2332390642737,10000,,,,,1.3036210536956787,,2012_03_to_2017_03_hyperparameter_tuning_results/mca53_euclidean_kmeans_bs16384_ninit5_labels_K6.npy,,,2012_03_to_2017_03_hyperparameter_tuning_results/mca53_euclidean_kmeans_bs16384_ninit5_cluster_size_K6.csv
2012_03_to_2017_03,53,80%,KMeans,euclidean,mca_coordinates,6,16384.0,10.0,,,,0.05834433540379468,2.9063250558258993,1407.2256777797272,10000,,,,,1.468381404876709,,2012_03_to_2017_03_hyperparameter_tuning_results/mca53_euclidean_kmeans_bs16384_ninit10_labels_K6.npy,,,2012_03_to_2017_03_hyperparameter_tuning_results/mca53_euclidean_kmeans_bs16384_ninit10_cluster_size_K6.csv
2012_03_to_2017_03,53,80%,KMeans,euclidean,mca_coordinates,6,16384.0,20.0,,,,0.0957014096182323,3.427032478404017,1797.421919403717,10000,,,,,1.9381229877471924,,2012_03_to_2017_03_hyperparameter_tuning_results/mca53_euclidean_kmeans_bs16384_ninit20_labels_K6.npy,,,2012_03_to_2017_03_hyperparameter_tuning_results/mca53_euclidean_kmeans_bs16384_ninit20_cluster_size_K6.csv
2012_03_to_2017_03,53,80%,FCM,euclidean,mca_coordinates,6,,,1.1,0.01,300.0,-0.0005810575587964598,3.9102499856018738,1341.7278993306813,10000,0.6122453802284895,0.6930108456555768,0.3023681500972429,,3.572248697280884,,2012_03_to_2017_03_hyperparameter_tuning_results/mca53_euclidean_fcm_m1p1_labels_K6.npy,2012_03_to_2017_03_hyperparameter_tuning_results/mca53_euclidean_fcm_m1p1_membership_K6.npy,,2012_03_to_2017_03_hyperparameter_tuning_results/mca53_euclidean_fcm_m1p1_cluster_size_K6.csv
2012_03_to_2017_03,53,80%,FCM,euclidean,mca_coordinates,6,,,1.2,0.01,300.0,-0.09212372977386711,5.866031296526802,826.6894724976803,10000,0.30479399264099466,0.3742400077012271,0.7476007067586978,,5.254626750946045,,2012_03_to_2017_03_hyperparameter_tuning_results/mca53_euclidean_fcm_m1p2_labels_K6.npy,2012_03_to_2017_03_hyperparameter_tuning_results/mca53_euclidean_fcm_m1p2_membership_K6.npy,,2012_03_to_2017_03_hyperparameter_tuning_results/mca53_euclidean_fcm_m1p2_cluster_size_K6.csv
2012_03_to_2017_03,53,80%,FCM,euclidean,mca_coordinates,6,,,1.3,0.01,300.0,0.002055026936430192,6.905270121635279,688.1846440190305,10000,0.16666726780021293,0.1669302438134384,1.0,,1.6642591953277588,,2012_03_to_2017_03_hyperparameter_tuning_results/mca53_euclidean_fcm_m1p3_labels_K6.npy,2012_03_to_2017_03_hyperparameter_tuning_results/mca53_euclidean_fcm_m1p3_membership_K6.npy,,2012_03_to_2017_03_hyperparameter_tuning_results/mca53_euclidean_fcm_m1p3_cluster_size_K6.csv
2012_03_to_2017_03,53,80%,FCM,euclidean,mca_coordinates,6,,,1.4,0.01,300.0,0.004285644953152517,8.015973626734786,581.7617415182432,10000,0.1666666858601202,0.16671161355215647,1.0,,1.4904918670654297,,2012_03_to_2017_03_hyperparameter_tuning_results/mca53_euclidean_fcm_m1p4_labels_K6.npy,2012_03_to_2017_03_hyperparameter_tuning_results/mca53_euclidean_fcm_m1p4_membership_K6.npy,,2012_03_to_2017_03_hyperparameter_tuning_results/mca53_euclidean_fcm_m1p4_cluster_size_K6.csv
2012_03_to_2017_03,53,80%,FCM,euclidean,mca_coordinates,6,,,1.5,0.01,300.0,-0.011058338339378408,7.244082601293499,620.6790841779138,10000,0.16666667017180323,0.16668513777801972,1.0,,1.5044522285461426,,2012_03_to_2017_03_hyperparameter_tuning_results/mca53_euclidean_fcm_m1p5_labels_K6.npy,2012_03_to_2017_03_hyperparameter_tuning_results/mca53_euclidean_fcm_m1p5_membership_K6.npy,,2012_03_to_2017_03_hyperparameter_tuning_results/mca53_euclidean_fcm_m1p5_cluster_size_K6.csv
2012_03_to_2017_03,53,80%,FCM,euclidean,mca_coordinates,6,,,1.6,0.01,300.0,-0.03486237905410437,6.57521254210117,655.2503428606065,10000,0.16666666850924722,0.16667966553459812,1.0,,1.2896761894226074,,2012_03_to_2017_03_hyperparameter_tuning_results/mca53_euclidean_fcm_m1p6_labels_K6.npy,2012_03_to_2017_03_hyperparameter_tuning_results/mca53_euclidean_fcm_m1p6_membership_K6.npy,,2012_03_to_2017_03_hyperparameter_tuning_results/mca53_euclidean_fcm_m1p6_cluster_size_K6.csv
2012_03_to_2017_03,53,80%,FCM,euclidean,mca_coordinates,6,,,1.7,0.01,300.0,-0.05235242164748768,6.209379765695292,640.050492357197,10000,0.16666666726896207,0.1666738491798743,1.0,,1.4168739318847656,,2012_03_to_2017_03_hyperparameter_tuning_results/mca53_euclidean_fcm_m1p7_labels_K6.npy,2012_03_to_2017_03_hyperparameter_tuning_results/mca53_euclidean_fcm_m1p7_membership_K6.npy,,2012_03_to_2017_03_hyperparameter_tuning_results/mca53_euclidean_fcm_m1p7_cluster_size_K6.csv
2012_03_to_2017_03,53,80%,FCM,euclidean,mca_coordinates,6,,,1.8,0.01,300.0,-0.08096423598095837,5.818966723218033,654.4490070840528,10000,0.1666666675997603,0.16667563553816928,1.0,,1.3665871620178223,,2012_03_to_2017_03_hyperparameter_tuning_results/mca53_euclidean_fcm_m1p8_labels_K6.npy,2012_03_to_2017_03_hyperparameter_tuning_results/mca53_euclidean_fcm_m1p8_membership_K6.npy,,2012_03_to_2017_03_hyperparameter_tuning_results/mca53_euclidean_fcm_m1p8_cluster_size_K6.csv
2012_03_to_2017_03,53,80%,FCM,euclidean,mca_coordinates,6,,,1.9,0.01,300.0,-0.09976210435897542,6.067268474748791,603.0023243956847,10000,0.16666666716317832,0.1666732042693617,1.0,,1.219071865081787,,2012_03_to_2017_03_hyperparameter_tuning_results/mca53_euclidean_fcm_m1p9_labels_K6.npy,2012_03_to_2017_03_hyperparameter_tuning_results/mca53_euclidean_fcm_m1p9_membership_K6.npy,,2012_03_to_2017_03_hyperparameter_tuning_results/mca53_euclidean_fcm_m1p9_cluster_size_K6.csv
2012_03_to_2017_03,53,80%,FCM,euclidean,mca_coordinates,6,,,2.0,0.01,300.0,-0.06710406849540454,5.495255992269307,577.7126916213226,10000,0.16666666695802138,0.166671763235407,1.0,,1.7097890377044678,,2012_03_to_2017_03_hyperparameter_tuning_results/mca53_euclidean_fcm_m2p0_labels_K6.npy,2012_03_to_2017_03_hyperparameter_tuning_results/mca53_euclidean_fcm_m2p0_membership_K6.npy,,2012_03_to_2017_03_hyperparameter_tuning_results/mca53_euclidean_fcm_m2p0_cluster_size_K6.csv
2012_03_to_2017_03,53,80%,FCM,euclidean,mca_coordinates,6,,,4.0,0.01,300.0,-0.008930337270874803,5.738515856779497,614.5049327965575,10000,0.16666666674961078,0.1666703511164171,1.0,,1.3901219367980957,,2012_03_to_2017_03_hyperparameter_tuning_results/mca53_euclidean_fcm_m4p0_labels_K6.npy,2012_03_to_2017_03_hyperparameter_tuning_results/mca53_euclidean_fcm_m4p0_membership_K6.npy,,2012_03_to_2017_03_hyperparameter_tuning_results/mca53_euclidean_fcm_m4p0_cluster_size_K6.csv
2012_03_to_2017_03,53,80%,KMeans,euclidean,mca_coordinates,8,4096.0,5.0,,,,0.009980920205365729,3.5168030351979764,1510.1541906421317,10000,,,,,1.2032959461212158,,2012_03_to_2017_03_hyperparameter_tuning_results/mca53_euclidean_kmeans_bs4096_ninit5_labels_K8.npy,,,2012_03_to_2017_03_hyperparameter_tuning_results/mca53_euclidean_kmeans_bs4096_ninit5_cluster_size_K8.csv
2012_03_to_2017_03,53,80%,KMeans,euclidean,mca_coordinates,8,4096.0,10.0,,,,0.05805089384241708,3.144674448622336,1626.0614599813337,10000,,,,,1.3687160015106201,,2012_03_to_2017_03_hyperparameter_tuning_results/mca53_euclidean_kmeans_bs4096_ninit10_labels_K8.npy,,,2012_03_to_2017_03_hyperparameter_tuning_results/mca53_euclidean_kmeans_bs4096_ninit10_cluster_size_K8.csv
2012_03_to_2017_03,53,80%,KMeans,euclidean,mca_coordinates,8,4096.0,20.0,,,,-0.005996621553586162,3.5909221890252896,1551.7840184303966,10000,,,,,1.5722630023956299,,2012_03_to_2017_03_hyperparameter_tuning_results/mca53_euclidean_kmeans_bs4096_ninit20_labels_K8.npy,,,2012_03_to_2017_03_hyperparameter_tuning_results/mca53_euclidean_kmeans_bs4096_ninit20_cluster_size_K8.csv
2012_03_to_2017_03,53,80%,KMeans,euclidean,mca_coordinates,8,8192.0,5.0,,,,0.055998065568750054,2.7016179800900835,1778.4166950066476,10000,,,,,1.1951181888580322,,2012_03_to_2017_03_hyperparameter_tuning_results/mca53_euclidean_kmeans_bs8192_ninit5_labels_K8.npy,,,2012_03_to_2017_03_hyperparameter_tuning_results/mca53_euclidean_kmeans_bs8192_ninit5_cluster_size_K8.csv
2012_03_to_2017_03,53,80%,KMeans,euclidean,mca_coordinates,8,8192.0,10.0,,,,0.04360517044242734,2.8888573156018666,1669.5625244283935,10000,,,,,1.4501049518585205,,2012_03_to_2017_03_hyperparameter_tuning_results/mca53_euclidean_kmeans_bs8192_ninit10_labels_K8.npy,,,2012_03_to_2017_03_hyperparameter_tuning_results/mca53_euclidean_kmeans_bs8192_ninit10_cluster_size_K8.csv
2012_03_to_2017_03,53,80%,KMeans,euclidean,mca_coordinates,8,8192.0,20.0,,,,-0.0283207810419892,3.5458999379435676,1527.938997214871,10000,,,,,1.7041358947753906,,2012_03_to_2017_03_hyperparameter_tuning_results/mca53_euclidean_kmeans_bs8192_ninit20_labels_K8.npy,,,2012_03_to_2017_03_hyperparameter_tuning_results/mca53_euclidean_kmeans_bs8192_ninit20_cluster_size_K8.csv
2012_03_to_2017_03,53,80%,KMeans,euclidean,mca_coordinates,8,16384.0,5.0,,,,0.06747298623095951,2.5918702182989914,1809.5314947989848,10000,,,,,1.396803855895996,,2012_03_to_2017_03_hyperparameter_tuning_results/mca53_euclidean_kmeans_bs16384_ninit5_labels_K8.npy,,,2012_03_to_2017_03_hyperparameter_tuning_results/mca53_euclidean_kmeans_bs16384_ninit5_cluster_size_K8.csv
2012_03_to_2017_03,53,80%,KMeans,euclidean,mca_coordinates,8,16384.0,10.0,,,,0.06751570661315638,2.6624730071676725,1818.1092217310397,10000,,,,,1.8715479373931885,,2012_03_to_2017_03_hyperparameter_tuning_results/mca53_euclidean_kmeans_bs16384_ninit10_labels_K8.npy,,,2012_03_to_2017_03_hyperparameter_tuning_results/mca53_euclidean_kmeans_bs16384_ninit10_cluster_size_K8.csv
2012_03_to_2017_03,53,80%,KMeans,euclidean,mca_coordinates,8,16384.0,20.0,,,,0.07664034306378542,2.7932175331088027,1718.9274282282083,10000,,,,,2.29236102104187,,2012_03_to_2017_03_hyperparameter_tuning_results/mca53_euclidean_kmeans_bs16384_ninit20_labels_K8.npy,,,2012_03_to_2017_03_hyperparameter_tuning_results/mca53_euclidean_kmeans_bs16384_ninit20_cluster_size_K8.csv
2012_03_to_2017_03,53,80%,FCM,euclidean,mca_coordinates,8,,,1.1,0.01,300.0,0.0011108916007944892,3.52219331317355,1234.8583304324222,10000,0.62246043113278,0.6983040668004753,0.2977030342320355,,7.573930025100708,,2012_03_to_2017_03_hyperparameter_tuning_results/mca53_euclidean_fcm_m1p1_labels_K8.npy,2012_03_to_2017_03_hyperparameter_tuning_results/mca53_euclidean_fcm_m1p1_membership_K8.npy,,2012_03_to_2017_03_hyperparameter_tuning_results/mca53_euclidean_fcm_m1p1_cluster_size_K8.csv
2012_03_to_2017_03,53,80%,FCM,euclidean,mca_coordinates,8,,,1.2,0.01,300.0,-0.10368997061463865,5.387599332787396,582.2823755304496,10000,0.2584151488832568,0.32082192646506363,0.786599550013347,,5.552364110946655,,2012_03_to_2017_03_hyperparameter_tuning_results/mca53_euclidean_fcm_m1p2_labels_K8.npy,2012_03_to_2017_03_hyperparameter_tuning_results/mca53_euclidean_fcm_m1p2_membership_K8.npy,,2012_03_to_2017_03_hyperparameter_tuning_results/mca53_euclidean_fcm_m1p2_cluster_size_K8.csv
2012_03_to_2017_03,53,80%,FCM,euclidean,mca_coordinates,8,,,1.3,0.01,300.0,-0.04352833138023709,6.804446172235279,439.04044771873527,10000,0.1250003812240048,0.12518976363667592,1.0,,1.3265142440795898,,2012_03_to_2017_03_hyperparameter_tuning_results/mca53_euclidean_fcm_m1p3_labels_K8.npy,2012_03_to_2017_03_hyperparameter_tuning_results/mca53_euclidean_fcm_m1p3_membership_K8.npy,,2012_03_to_2017_03_hyperparameter_tuning_results/mca53_euclidean_fcm_m1p3_cluster_size_K8.csv
2012_03_to_2017_03,53,80%,FCM,euclidean,mca_coordinates,8,,,1.4,0.01,300.0,-0.0736940086310386,7.804892555557707,415.51344404816626,10000,0.1250000122420214,0.12503258798762207,1.0,,1.8866181373596191,,2012_03_to_2017_03_hyperparameter_tuning_results/mca53_euclidean_fcm_m1p4_labels_K8.npy,2012_03_to_2017_03_hyperparameter_tuning_results/mca53_euclidean_fcm_m1p4_membership_K8.npy,,2012_03_to_2017_03_hyperparameter_tuning_results/mca53_euclidean_fcm_m1p4_cluster_size_K8.csv
2012_03_to_2017_03,53,80%,FCM,euclidean,mca_coordinates,8,,,1.5,0.01,300.0,-0.08321833677975658,6.8528045246684925,486.0296884722118,10000,0.1250000048306746,0.12502138631004261,1.0,,1.477506160736084,,2012_03_to_2017_03_hyperparameter_tuning_results/mca53_euclidean_fcm_m1p5_labels_K8.npy,2012_03_to_2017_03_hyperparameter_tuning_results/mca53_euclidean_fcm_m1p5_membership_K8.npy,,2012_03_to_2017_03_hyperparameter_tuning_results/mca53_euclidean_fcm_m1p5_cluster_size_K8.csv
2012_03_to_2017_03,53,80%,FCM,euclidean,mca_coordinates,8,,,1.6,0.01,300.0,-0.060784881385246604,6.721036936264802,482.54417936460027,10000,0.12500000118046345,0.12501080743792226,1.0,,1.32651686668396,,2012_03_to_2017_03_hyperparameter_tuning_results/mca53_euclidean_fcm_m1p6_labels_K8.npy,2012_03_to_2017_03_hyperparameter_tuning_results/mca53_euclidean_fcm_m1p6_membership_K8.npy,,2012_03_to_2017_03_hyperparameter_tuning_results/mca53_euclidean_fcm_m1p6_cluster_size_K8.csv
2012_03_to_2017_03,53,80%,FCM,euclidean,mca_coordinates,8,,,1.7,0.01,300.0,-0.06088057797421202,6.412914451170995,532.2619256026281,10000,0.12500000128143418,0.1250117705586811,1.0,,1.2345070838928223,,2012_03_to_2017_03_hyperparameter_tuning_results/mca53_euclidean_fcm_m1p7_labels_K8.npy,2012_03_to_2017_03_hyperparameter_tuning_results/mca53_euclidean_fcm_m1p7_membership_K8.npy,,2012_03_to_2017_03_hyperparameter_tuning_results/mca53_euclidean_fcm_m1p7_cluster_size_K8.csv
2012_03_to_2017_03,53,80%,FCM,euclidean,mca_coordinates,8,,,1.8,0.01,300.0,-0.1311625122816064,6.371751688528464,534.3231096380255,10000,0.12500000059902072,0.12500821666158232,1.0,,1.2272498607635498,,2012_03_to_2017_03_hyperparameter_tuning_results/mca53_euclidean_fcm_m1p8_labels_K8.npy,2012_03_to_2017_03_hyperparameter_tuning_results/mca53_euclidean_fcm_m1p8_membership_K8.npy,,2012_03_to_2017_03_hyperparameter_tuning_results/mca53_euclidean_fcm_m1p8_cluster_size_K8.csv
2012_03_to_2017_03,53,80%,FCM,euclidean,mca_coordinates,8,,,1.9,0.01,300.0,-0.125583699862805,6.106329119014369,538.2705410783713,10000,0.1250000003178513,0.12500610115769117,1.0,,1.2356691360473633,,2012_03_to_2017_03_hyperparameter_tuning_results/mca53_euclidean_fcm_m1p9_labels_K8.npy,2012_03_to_2017_03_hyperparameter_tuning_results/mca53_euclidean_fcm_m1p9_membership_K8.npy,,2012_03_to_2017_03_hyperparameter_tuning_results/mca53_euclidean_fcm_m1p9_cluster_size_K8.csv
2012_03_to_2017_03,53,80%,FCM,euclidean,mca_coordinates,8,,,2.0,0.01,300.0,-0.011504186253188319,6.078866787340619,526.6573960358464,10000,0.12500000018580604,0.1250047498769181,1.0,,1.2222847938537598,,2012_03_to_2017_03_hyperparameter_tuning_results/mca53_euclidean_fcm_m2p0_labels_K8.npy,2012_03_to_2017_03_hyperparameter_tuning_results/mca53_euclidean_fcm_m2p0_membership_K8.npy,,2012_03_to_2017_03_hyperparameter_tuning_results/mca53_euclidean_fcm_m2p0_cluster_size_K8.csv
2012_03_to_2017_03,53,80%,FCM,euclidean,mca_coordinates,8,,,4.0,0.01,300.0,-0.026318018954481538,5.643615709502917,430.47021595592184,10000,0.12500000004779424,0.12500291011523254,1.0,,1.1642279624938965,,2012_03_to_2017_03_hyperparameter_tuning_results/mca53_euclidean_fcm_m4p0_labels_K8.npy,2012_03_to_2017_03_hyperparameter_tuning_results/mca53_euclidean_fcm_m4p0_membership_K8.npy,,2012_03_to_2017_03_hyperparameter_tuning_results/mca53_euclidean_fcm_m4p0_cluster_size_K8.csv
2012_03_to_2017_03,61,90%,KMeans,euclidean,mca_coordinates,3,4096.0,5.0,,,,0.22728833709605156,3.0153297168394815,1277.1693834060216,10000,,,,,1.243138074874878,,2012_03_to_2017_03_hyperparameter_tuning_results/mca61_euclidean_kmeans_bs4096_ninit5_labels_K3.npy,,,2012_03_to_2017_03_hyperparameter_tuning_results/mca61_euclidean_kmeans_bs4096_ninit5_cluster_size_K3.csv
2012_03_to_2017_03,61,90%,KMeans,euclidean,mca_coordinates,3,4096.0,10.0,,,,0.2355846428179094,1.8778787559703751,1258.9998683139281,10000,,,,,1.5183610916137695,,2012_03_to_2017_03_hyperparameter_tuning_results/mca61_euclidean_kmeans_bs4096_ninit10_labels_K3.npy,,,2012_03_to_2017_03_hyperparameter_tuning_results/mca61_euclidean_kmeans_bs4096_ninit10_cluster_size_K3.csv
2012_03_to_2017_03,61,90%,KMeans,euclidean,mca_coordinates,3,4096.0,20.0,,,,0.17420007286056588,3.59115340472616,1335.0172430657785,10000,,,,,1.3353369235992432,,2012_03_to_2017_03_hyperparameter_tuning_results/mca61_euclidean_kmeans_bs4096_ninit20_labels_K3.npy,,,2012_03_to_2017_03_hyperparameter_tuning_results/mca61_euclidean_kmeans_bs4096_ninit20_cluster_size_K3.csv
2012_03_to_2017_03,61,90%,KMeans,euclidean,mca_coordinates,3,8192.0,5.0,,,,0.0921409376299724,4.459474638734384,1494.3010548584894,10000,,,,,1.2821390628814697,,2012_03_to_2017_03_hyperparameter_tuning_results/mca61_euclidean_kmeans_bs8192_ninit5_labels_K3.npy,,,2012_03_to_2017_03_hyperparameter_tuning_results/mca61_euclidean_kmeans_bs8192_ninit5_cluster_size_K3.csv
2012_03_to_2017_03,61,90%,KMeans,euclidean,mca_coordinates,3,8192.0,10.0,,,,0.006817129986526908,5.17009323110297,1146.5253300011439,10000,,,,,1.3568110466003418,,2012_03_to_2017_03_hyperparameter_tuning_results/mca61_euclidean_kmeans_bs8192_ninit10_labels_K3.npy,,,2012_03_to_2017_03_hyperparameter_tuning_results/mca61_euclidean_kmeans_bs8192_ninit10_cluster_size_K3.csv
2012_03_to_2017_03,61,90%,KMeans,euclidean,mca_coordinates,3,8192.0,20.0,,,,0.0781082786583318,4.96286424356428,1286.4372520320148,10000,,,,,1.6066579818725586,,2012_03_to_2017_03_hyperparameter_tuning_results/mca61_euclidean_kmeans_bs8192_ninit20_labels_K3.npy,,,2012_03_to_2017_03_hyperparameter_tuning_results/mca61_euclidean_kmeans_bs8192_ninit20_cluster_size_K3.csv
2012_03_to_2017_03,61,90%,KMeans,euclidean,mca_coordinates,3,16384.0,5.0,,,,0.04939948746137575,4.797974624979943,1342.986506150276,10000,,,,,1.3152530193328857,,2012_03_to_2017_03_hyperparameter_tuning_results/mca61_euclidean_kmeans_bs16384_ninit5_labels_K3.npy,,,2012_03_to_2017_03_hyperparameter_tuning_results/mca61_euclidean_kmeans_bs16384_ninit5_cluster_size_K3.csv
2012_03_to_2017_03,61,90%,KMeans,euclidean,mca_coordinates,3,16384.0,10.0,,,,0.37004643230437134,1.4107175424371932,1893.6978390135728,10000,,,,,1.6278300285339355,,2012_03_to_2017_03_hyperparameter_tuning_results/mca61_euclidean_kmeans_bs16384_ninit10_labels_K3.npy,,,2012_03_to_2017_03_hyperparameter_tuning_results/mca61_euclidean_kmeans_bs16384_ninit10_cluster_size_K3.csv
2012_03_to_2017_03,61,90%,KMeans,euclidean,mca_coordinates,3,16384.0,20.0,,,,0.37004643230437134,1.4107175424371932,1893.6978390135728,10000,,,,,1.8013100624084473,,2012_03_to_2017_03_hyperparameter_tuning_results/mca61_euclidean_kmeans_bs16384_ninit20_labels_K3.npy,,,2012_03_to_2017_03_hyperparameter_tuning_results/mca61_euclidean_kmeans_bs16384_ninit20_cluster_size_K3.csv
2012_03_to_2017_03,61,90%,FCM,euclidean,mca_coordinates,3,,,1.1,0.01,300.0,0.036677818637420485,4.727615928046763,1652.8525865593144,10000,0.6241240534715307,0.7049859331243455,0.2700555491998119,,2.4661970138549805,,2012_03_to_2017_03_hyperparameter_tuning_results/mca61_euclidean_fcm_m1p1_labels_K3.npy,2012_03_to_2017_03_hyperparameter_tuning_results/mca61_euclidean_fcm_m1p1_membership_K3.npy,,2012_03_to_2017_03_hyperparameter_tuning_results/mca61_euclidean_fcm_m1p1_cluster_size_K3.csv
2012_03_to_2017_03,61,90%,FCM,euclidean,mca_coordinates,3,,,1.2,0.01,300.0,0.1135654517988233,5.876633744922188,1296.0870163176478,10000,0.38780278491700565,0.44029396032775453,0.783637773455872,,2.8054089546203613,,2012_03_to_2017_03_hyperparameter_tuning_results/mca61_euclidean_fcm_m1p2_labels_K3.npy,2012_03_to_2017_03_hyperparameter_tuning_results/mca61_euclidean_fcm_m1p2_membership_K3.npy,,2012_03_to_2017_03_hyperparameter_tuning_results/mca61_euclidean_fcm_m1p2_cluster_size_K3.csv
2012_03_to_2017_03,61,90%,FCM,euclidean,mca_coordinates,3,,,1.3,0.01,300.0,0.09505412762066426,6.573311787666078,800.6030511242617,10000,0.3333333700341629,0.3334102825399586,1.0,,1.47990083694458,,2012_03_to_2017_03_hyperparameter_tuning_results/mca61_euclidean_fcm_m1p3_labels_K3.npy,2012_03_to_2017_03_hyperparameter_tuning_results/mca61_euclidean_fcm_m1p3_membership_K3.npy,,2012_03_to_2017_03_hyperparameter_tuning_results/mca61_euclidean_fcm_m1p3_cluster_size_K3.csv
2012_03_to_2017_03,61,90%,FCM,euclidean,mca_coordinates,3,,,1.4,0.01,300.0,0.019274581725707226,6.714900872788145,818.0354680560423,10000,0.33333333680300564,0.33335684650705133,1.0,,1.2428889274597168,,2012_03_to_2017_03_hyperparameter_tuning_results/mca61_euclidean_fcm_m1p4_labels_K3.npy,2012_03_to_2017_03_hyperparameter_tuning_results/mca61_euclidean_fcm_m1p4_membership_K3.npy,,2012_03_to_2017_03_hyperparameter_tuning_results/mca61_euclidean_fcm_m1p4_cluster_size_K3.csv
2012_03_to_2017_03,61,90%,FCM,euclidean,mca_coordinates,3,,,1.5,0.01,300.0,0.0014948335425282238,6.832534416625344,836.5605408211511,10000,0.3333333350053408,0.33334958912096047,1.0,,1.5261390209197998,,2012_03_to_2017_03_hyperparameter_tuning_results/mca61_euclidean_fcm_m1p5_labels_K3.npy,2012_03_to_2017_03_hyperparameter_tuning_results/mca61_euclidean_fcm_m1p5_membership_K3.npy,,2012_03_to_2017_03_hyperparameter_tuning_results/mca61_euclidean_fcm_m1p5_cluster_size_K3.csv
2012_03_to_2017_03,61,90%,FCM,euclidean,mca_coordinates,3,,,1.6,0.01,300.0,-0.012908491297621321,6.8234371285494655,852.9730359185003,10000,0.3333333344446604,0.33334655165366955,1.0,,1.1818509101867676,,2012_03_to_2017_03_hyperparameter_tuning_results/mca61_euclidean_fcm_m1p6_labels_K3.npy,2012_03_to_2017_03_hyperparameter_tuning_results/mca61_euclidean_fcm_m1p6_membership_K3.npy,,2012_03_to_2017_03_hyperparameter_tuning_results/mca61_euclidean_fcm_m1p6_cluster_size_K3.csv
2012_03_to_2017_03,61,90%,FCM,euclidean,mca_coordinates,3,,,1.7,0.01,300.0,-0.002984892972441634,6.8245899161680015,855.7730094539244,10000,0.3333333336820026,0.33334073701547395,1.0,,1.3622450828552246,,2012_03_to_2017_03_hyperparameter_tuning_results/mca61_euclidean_fcm_m1p7_labels_K3.npy,2012_03_to_2017_03_hyperparameter_tuning_results/mca61_euclidean_fcm_m1p7_membership_K3.npy,,2012_03_to_2017_03_hyperparameter_tuning_results/mca61_euclidean_fcm_m1p7_cluster_size_K3.csv
2012_03_to_2017_03,61,90%,FCM,euclidean,mca_coordinates,3,,,1.8,0.01,300.0,-0.018193649012093367,6.719515232840557,880.8429083910233,10000,0.3333333340114997,0.33334365086603485,1.0,,1.1204228401184082,,2012_03_to_2017_03_hyperparameter_tuning_results/mca61_euclidean_fcm_m1p8_labels_K3.npy,2012_03_to_2017_03_hyperparameter_tuning_results/mca61_euclidean_fcm_m1p8_membership_K3.npy,,2012_03_to_2017_03_hyperparameter_tuning_results/mca61_euclidean_fcm_m1p8_cluster_size_K3.csv
2012_03_to_2017_03,61,90%,FCM,euclidean,mca_coordinates,3,,,1.9,0.01,300.0,-0.01766729123568748,6.710286916379527,883.9675523602932,10000,0.33333333367865486,0.3333407104537805,1.0,,1.1684660911560059,,2012_03_to_2017_03_hyperparameter_tuning_results/mca61_euclidean_fcm_m1p9_labels_K3.npy,2012_03_to_2017_03_hyperparameter_tuning_results/mca61_euclidean_fcm_m1p9_membership_K3.npy,,2012_03_to_2017_03_hyperparameter_tuning_results/mca61_euclidean_fcm_m1p9_cluster_size_K3.csv
2012_03_to_2017_03,61,90%,FCM,euclidean,mca_coordinates,3,,,2.0,0.01,300.0,-0.015603120173263329,6.716489158100777,884.901279086993,10000,0.33333333352694255,0.33333887296884956,1.0,,1.1031091213226318,,2012_03_to_2017_03_hyperparameter_tuning_results/mca61_euclidean_fcm_m2p0_labels_K3.npy,2012_03_to_2017_03_hyperparameter_tuning_results/mca61_euclidean_fcm_m2p0_membership_K3.npy,,2012_03_to_2017_03_hyperparameter_tuning_results/mca61_euclidean_fcm_m2p0_cluster_size_K3.csv
2012_03_to_2017_03,61,90%,FCM,euclidean,mca_coordinates,3,,,4.0,0.01,300.0,0.05428457368982757,6.864273005784701,991.1281840158312,10000,0.3333333333600953,0.33333563347175516,1.0,,1.1229462623596191,,2012_03_to_2017_03_hyperparameter_tuning_results/mca61_euclidean_fcm_m4p0_labels_K3.npy,2012_03_to_2017_03_hyperparameter_tuning_results/mca61_euclidean_fcm_m4p0_membership_K3.npy,,2012_03_to_2017_03_hyperparameter_tuning_results/mca61_euclidean_fcm_m4p0_cluster_size_K3.csv
2012_03_to_2017_03,61,90%,KMeans,euclidean,mca_coordinates,4,4096.0,5.0,,,,0.023000160401244397,4.272011078227837,1471.4180529617583,10000,,,,,1.1493771076202393,,2012_03_to_2017_03_hyperparameter_tuning_results/mca61_euclidean_kmeans_bs4096_ninit5_labels_K4.npy,,,2012_03_to_2017_03_hyperparameter_tuning_results/mca61_euclidean_kmeans_bs4096_ninit5_cluster_size_K4.csv
2012_03_to_2017_03,61,90%,KMeans,euclidean,mca_coordinates,4,4096.0,10.0,,,,0.18556028463279722,3.4291612264062232,1474.4033207549649,10000,,,,,1.3732731342315674,,2012_03_to_2017_03_hyperparameter_tuning_results/mca61_euclidean_kmeans_bs4096_ninit10_labels_K4.npy,,,2012_03_to_2017_03_hyperparameter_tuning_results/mca61_euclidean_kmeans_bs4096_ninit10_cluster_size_K4.csv
2012_03_to_2017_03,61,90%,KMeans,euclidean,mca_coordinates,4,4096.0,20.0,,,,0.06546207907510546,3.6174680507926187,1741.1042144549876,10000,,,,,1.460925817489624,,2012_03_to_2017_03_hyperparameter_tuning_results/mca61_euclidean_kmeans_bs4096_ninit20_labels_K4.npy,,,2012_03_to_2017_03_hyperparameter_tuning_results/mca61_euclidean_kmeans_bs4096_ninit20_cluster_size_K4.csv
2012_03_to_2017_03,61,90%,KMeans,euclidean,mca_coordinates,4,8192.0,5.0,,,,0.3345441773360152,1.3825756429667249,1711.5469174450734,10000,,,,,1.4127960205078125,,2012_03_to_2017_03_hyperparameter_tuning_results/mca61_euclidean_kmeans_bs8192_ninit5_labels_K4.npy,,,2012_03_to_2017_03_hyperparameter_tuning_results/mca61_euclidean_kmeans_bs8192_ninit5_cluster_size_K4.csv
2012_03_to_2017_03,61,90%,KMeans,euclidean,mca_coordinates,4,8192.0,10.0,,,,0.23086738011371616,2.0743055564431048,1277.0783053232267,10000,,,,,1.505530834197998,,2012_03_to_2017_03_hyperparameter_tuning_results/mca61_euclidean_kmeans_bs8192_ninit10_labels_K4.npy,,,2012_03_to_2017_03_hyperparameter_tuning_results/mca61_euclidean_kmeans_bs8192_ninit10_cluster_size_K4.csv
2012_03_to_2017_03,61,90%,KMeans,euclidean,mca_coordinates,4,8192.0,20.0,,,,0.01598162597034901,4.864774338451173,1216.6146186850553,10000,,,,,1.6560313701629639,,2012_03_to_2017_03_hyperparameter_tuning_results/mca61_euclidean_kmeans_bs8192_ninit20_labels_K4.npy,,,2012_03_to_2017_03_hyperparameter_tuning_results/mca61_euclidean_kmeans_bs8192_ninit20_cluster_size_K4.csv
2012_03_to_2017_03,61,90%,KMeans,euclidean,mca_coordinates,4,16384.0,5.0,,,,0.01801775802981543,4.658855735461943,1144.1996756316244,10000,,,,,1.5612609386444092,,2012_03_to_2017_03_hyperparameter_tuning_results/mca61_euclidean_kmeans_bs16384_ninit5_labels_K4.npy,,,2012_03_to_2017_03_hyperparameter_tuning_results/mca61_euclidean_kmeans_bs16384_ninit5_cluster_size_K4.csv
2012_03_to_2017_03,61,90%,KMeans,euclidean,mca_coordinates,4,16384.0,10.0,,,,0.0734584276113792,3.8798481987419198,1365.0718982751553,10000,,,,,1.6003749370574951,,2012_03_to_2017_03_hyperparameter_tuning_results/mca61_euclidean_kmeans_bs16384_ninit10_labels_K4.npy,,,2012_03_to_2017_03_hyperparameter_tuning_results/mca61_euclidean_kmeans_bs16384_ninit10_cluster_size_K4.csv
2012_03_to_2017_03,61,90%,KMeans,euclidean,mca_coordinates,4,16384.0,20.0,,,,0.0693025566477394,3.9423138233935022,1332.8329162753266,10000,,,,,1.8354811668395996,,2012_03_to_2017_03_hyperparameter_tuning_results/mca61_euclidean_kmeans_bs16384_ninit20_labels_K4.npy,,,2012_03_to_2017_03_hyperparameter_tuning_results/mca61_euclidean_kmeans_bs16384_ninit20_cluster_size_K4.csv
2012_03_to_2017_03,61,90%,FCM,euclidean,mca_coordinates,4,,,1.1,0.01,300.0,0.01769368271870805,4.588432884630997,1421.3457355714365,10000,0.5753095000091127,0.6633334729349802,0.3348205773557564,,10.318884134292603,,2012_03_to_2017_03_hyperparameter_tuning_results/mca61_euclidean_fcm_m1p1_labels_K4.npy,2012_03_to_2017_03_hyperparameter_tuning_results/mca61_euclidean_fcm_m1p1_membership_K4.npy,,2012_03_to_2017_03_hyperparameter_tuning_results/mca61_euclidean_fcm_m1p1_cluster_size_K4.csv
2012_03_to_2017_03,61,90%,FCM,euclidean,mca_coordinates,4,,,1.2,0.01,300.0,-0.08301268937119567,5.647678750970364,879.7172022007557,10000,0.3092894724368486,0.35930924984664664,0.8495976814247035,,2.7127580642700195,,2012_03_to_2017_03_hyperparameter_tuning_results/mca61_euclidean_fcm_m1p2_labels_K4.npy,2012_03_to_2017_03_hyperparameter_tuning_results/mca61_euclidean_fcm_m1p2_membership_K4.npy,,2012_03_to_2017_03_hyperparameter_tuning_results/mca61_euclidean_fcm_m1p2_cluster_size_K4.csv
2012_03_to_2017_03,61,90%,FCM,euclidean,mca_coordinates,4,,,1.3,0.01,300.0,-0.08379810229056191,6.185194178238357,538.2940379210759,10000,0.25000004385910063,0.25008412997572294,1.0,,1.4352920055389404,,2012_03_to_2017_03_hyperparameter_tuning_results/mca61_euclidean_fcm_m1p3_labels_K4.npy,2012_03_to_2017_03_hyperparameter_tuning_results/mca61_euclidean_fcm_m1p3_membership_K4.npy,,2012_03_to_2017_03_hyperparameter_tuning_results/mca61_euclidean_fcm_m1p3_cluster_size_K4.csv
2012_03_to_2017_03,61,90%,FCM,euclidean,mca_coordinates,4,,,1.4,0.01,300.0,0.009047837340392231,6.827597378063848,556.1154838183813,10000,0.2500000031705056,0.25002241772582284,1.0,,1.251127004623413,,2012_03_to_2017_03_hyperparameter_tuning_results/mca61_euclidean_fcm_m1p4_labels_K4.npy,2012_03_to_2017_03_hyperparameter_tuning_results/mca61_euclidean_fcm_m1p4_membership_K4.npy,,2012_03_to_2017_03_hyperparameter_tuning_results/mca61_euclidean_fcm_m1p4_cluster_size_K4.csv
2012_03_to_2017_03,61,90%,FCM,euclidean,mca_coordinates,4,,,1.5,0.01,300.0,0.001205968792283063,6.8385802348872575,586.7386696417101,10000,0.25000000159014885,0.2500157612970676,1.0,,1.2121758460998535,,2012_03_to_2017_03_hyperparameter_tuning_results/mca61_euclidean_fcm_m1p5_labels_K4.npy,2012_03_to_2017_03_hyperparameter_tuning_results/mca61_euclidean_fcm_m1p5_membership_K4.npy,,2012_03_to_2017_03_hyperparameter_tuning_results/mca61_euclidean_fcm_m1p5_cluster_size_K4.csv
2012_03_to_2017_03,61,90%,FCM,euclidean,mca_coordinates,4,,,1.6,0.01,300.0,-0.011815810681987324,6.7856093941761095,614.3761199777902,10000,0.25000000110160087,0.25001303916608936,1.0,,1.1867578029632568,,2012_03_to_2017_03_hyperparameter_tuning_results/mca61_euclidean_fcm_m1p6_labels_K4.npy,2012_03_to_2017_03_hyperparameter_tuning_results/mca61_euclidean_fcm_m1p6_membership_K4.npy,,2012_03_to_2017_03_hyperparameter_tuning_results/mca61_euclidean_fcm_m1p6_cluster_size_K4.csv
2012_03_to_2017_03,61,90%,FCM,euclidean,mca_coordinates,4,,,1.7,0.01,300.0,-0.009693576095889205,6.800886275854737,606.2751677703844,10000,0.25000000036088144,0.2500074260749573,1.0,,1.159397840499878,,2012_03_to_2017_03_hyperparameter_tuning_results/mca61_euclidean_fcm_m1p7_labels_K4.npy,2012_03_to_2017_03_hyperparameter_tuning_results/mca61_euclidean_fcm_m1p7_membership_K4.npy,,2012_03_to_2017_03_hyperparameter_tuning_results/mca61_euclidean_fcm_m1p7_cluster_size_K4.csv
2012_03_to_2017_03,61,90%,FCM,euclidean,mca_coordinates,4,,,1.8,0.01,300.0,-0.0233627174061869,6.72586830569482,644.641631399332,10000,0.25000000073211226,0.25001053304722126,1.0,,1.1175780296325684,,2012_03_to_2017_03_hyperparameter_tuning_results/mca61_euclidean_fcm_m1p8_labels_K4.npy,2012_03_to_2017_03_hyperparameter_tuning_results/mca61_euclidean_fcm_m1p8_membership_K4.npy,,2012_03_to_2017_03_hyperparameter_tuning_results/mca61_euclidean_fcm_m1p8_cluster_size_K4.csv
2012_03_to_2017_03,61,90%,FCM,euclidean,mca_coordinates,4,,,1.9,0.01,300.0,-0.026595731399273848,6.66538580770581,640.3197430470399,10000,0.2500000003899074,0.25000765763297966,1.0,,1.1703901290893555,,2012_03_to_2017_03_hyperparameter_tuning_results/mca61_euclidean_fcm_m1p9_labels_K4.npy,2012_03_to_2017_03_hyperparameter_tuning_results/mca61_euclidean_fcm_m1p9_membership_K4.npy,,2012_03_to_2017_03_hyperparameter_tuning_results/mca61_euclidean_fcm_m1p9_cluster_size_K4.csv
2012_03_to_2017_03,61,90%,FCM,euclidean,mca_coordinates,4,,,2.0,0.01,300.0,-0.025741057712618972,6.6602838943252305,633.1064286682607,10000,0.2500000002288225,0.2500058473274255,1.0,,1.1060729026794434,,2012_03_to_2017_03_hyperparameter_tuning_results/mca61_euclidean_fcm_m2p0_labels_K4.npy,2012_03_to_2017_03_hyperparameter_tuning_results/mca61_euclidean_fcm_m2p0_membership_K4.npy,,2012_03_to_2017_03_hyperparameter_tuning_results/mca61_euclidean_fcm_m2p0_cluster_size_K4.csv
2012_03_to_2017_03,61,90%,FCM,euclidean,mca_coordinates,4,,,4.0,0.01,300.0,-0.028325315704783135,6.675764163186541,653.7417615467712,10000,0.25000000007557804,0.25000328804661587,1.0,,1.2256109714508057,,2012_03_to_2017_03_hyperparameter_tuning_results/mca61_euclidean_fcm_m4p0_labels_K4.npy,2012_03_to_2017_03_hyperparameter_tuning_results/mca61_euclidean_fcm_m4p0_membership_K4.npy,,2012_03_to_2017_03_hyperparameter_tuning_results/mca61_euclidean_fcm_m4p0_cluster_size_K4.csv
2012_03_to_2017_03,61,90%,KMeans,euclidean,mca_coordinates,6,4096.0,5.0,,,,0.03826008337617067,3.617042344851497,1634.0758887232787,10000,,,,,1.1196551322937012,,2012_03_to_2017_03_hyperparameter_tuning_results/mca61_euclidean_kmeans_bs4096_ninit5_labels_K6.npy,,,2012_03_to_2017_03_hyperparameter_tuning_results/mca61_euclidean_kmeans_bs4096_ninit5_cluster_size_K6.csv
2012_03_to_2017_03,61,90%,KMeans,euclidean,mca_coordinates,6,4096.0,10.0,,,,0.02441096730414534,3.886104341613928,1177.9576150805235,10000,,,,,1.3037898540496826,,2012_03_to_2017_03_hyperparameter_tuning_results/mca61_euclidean_kmeans_bs4096_ninit10_labels_K6.npy,,,2012_03_to_2017_03_hyperparameter_tuning_results/mca61_euclidean_kmeans_bs4096_ninit10_cluster_size_K6.csv
2012_03_to_2017_03,61,90%,KMeans,euclidean,mca_coordinates,6,4096.0,20.0,,,,0.04829407234704441,3.0836875977044755,1685.2619618959804,10000,,,,,1.551504135131836,,2012_03_to_2017_03_hyperparameter_tuning_results/mca61_euclidean_kmeans_bs4096_ninit20_labels_K6.npy,,,2012_03_to_2017_03_hyperparameter_tuning_results/mca61_euclidean_kmeans_bs4096_ninit20_cluster_size_K6.csv
2012_03_to_2017_03,61,90%,KMeans,euclidean,mca_coordinates,6,8192.0,5.0,,,,0.07730264068670192,3.1407127883541572,1300.0437850437474,10000,,,,,1.2685067653656006,,2012_03_to_2017_03_hyperparameter_tuning_results/mca61_euclidean_kmeans_bs8192_ninit5_labels_K6.npy,,,2012_03_to_2017_03_hyperparameter_tuning_results/mca61_euclidean_kmeans_bs8192_ninit5_cluster_size_K6.csv
2012_03_to_2017_03,61,90%,KMeans,euclidean,mca_coordinates,6,8192.0,10.0,,,,0.10067405063453733,3.578844169466111,1330.1916294743037,10000,,,,,1.4920618534088135,,2012_03_to_2017_03_hyperparameter_tuning_results/mca61_euclidean_kmeans_bs8192_ninit10_labels_K6.npy,,,2012_03_to_2017_03_hyperparameter_tuning_results/mca61_euclidean_kmeans_bs8192_ninit10_cluster_size_K6.csv
2012_03_to_2017_03,61,90%,KMeans,euclidean,mca_coordinates,6,8192.0,20.0,,,,-0.0202425508000983,4.838693811835898,1121.0880955145524,10000,,,,,1.9260540008544922,,2012_03_to_2017_03_hyperparameter_tuning_results/mca61_euclidean_kmeans_bs8192_ninit20_labels_K6.npy,,,2012_03_to_2017_03_hyperparameter_tuning_results/mca61_euclidean_kmeans_bs8192_ninit20_cluster_size_K6.csv
2012_03_to_2017_03,61,90%,KMeans,euclidean,mca_coordinates,6,16384.0,5.0,,,,0.027911712631164005,4.546441501897816,1072.1166258869134,10000,,,,,1.359098196029663,,2012_03_to_2017_03_hyperparameter_tuning_results/mca61_euclidean_kmeans_bs16384_ninit5_labels_K6.npy,,,2012_03_to_2017_03_hyperparameter_tuning_results/mca61_euclidean_kmeans_bs16384_ninit5_cluster_size_K6.csv
2012_03_to_2017_03,61,90%,KMeans,euclidean,mca_coordinates,6,16384.0,10.0,,,,0.09116830175178495,2.870165487437957,1260.4036857006756,10000,,,,,1.6657929420471191,,2012_03_to_2017_03_hyperparameter_tuning_results/mca61_euclidean_kmeans_bs16384_ninit10_labels_K6.npy,,,2012_03_to_2017_03_hyperparameter_tuning_results/mca61_euclidean_kmeans_bs16384_ninit10_cluster_size_K6.csv
2012_03_to_2017_03,61,90%,KMeans,euclidean,mca_coordinates,6,16384.0,20.0,,,,0.05358314581757771,3.2941065621960988,1564.9680361043552,10000,,,,,2.090662956237793,,2012_03_to_2017_03_hyperparameter_tuning_results/mca61_euclidean_kmeans_bs16384_ninit20_labels_K6.npy,,,2012_03_to_2017_03_hyperparameter_tuning_results/mca61_euclidean_kmeans_bs16384_ninit20_cluster_size_K6.csv
2012_03_to_2017_03,61,90%,FCM,euclidean,mca_coordinates,6,,,1.1,0.01,300.0,-0.0034464188931153353,4.309152892585135,1199.8585176340289,10000,0.556039961217635,0.6446940454618241,0.3666247187583419,,4.737094879150391,,2012_03_to_2017_03_hyperparameter_tuning_results/mca61_euclidean_fcm_m1p1_labels_K6.npy,2012_03_to_2017_03_hyperparameter_tuning_results/mca61_euclidean_fcm_m1p1_membership_K6.npy,,2012_03_to_2017_03_hyperparameter_tuning_results/mca61_euclidean_fcm_m1p1_cluster_size_K6.csv
2012_03_to_2017_03,61,90%,FCM,euclidean,mca_coordinates,6,,,1.2,0.01,300.0,-0.11711371914626034,5.118065121585793,533.690029608,10000,0.22758006858486587,0.27167477116457517,0.8889778693004868,,3.609755039215088,,2012_03_to_2017_03_hyperparameter_tuning_results/mca61_euclidean_fcm_m1p2_labels_K6.npy,2012_03_to_2017_03_hyperparameter_tuning_results/mca61_euclidean_fcm_m1p2_membership_K6.npy,,2012_03_to_2017_03_hyperparameter_tuning_results/mca61_euclidean_fcm_m1p2_cluster_size_K6.csv
2012_03_to_2017_03,61,90%,FCM,euclidean,mca_coordinates,6,,,1.3,0.01,300.0,-0.13349617980411882,7.091196846294242,345.92250058356524,10000,0.16666670809009976,0.16673431543627779,1.0,,1.483994960784912,,2012_03_to_2017_03_hyperparameter_tuning_results/mca61_euclidean_fcm_m1p3_labels_K6.npy,2012_03_to_2017_03_hyperparameter_tuning_results/mca61_euclidean_fcm_m1p3_membership_K6.npy,,2012_03_to_2017_03_hyperparameter_tuning_results/mca61_euclidean_fcm_m1p3_cluster_size_K6.csv
2012_03_to_2017_03,61,90%,FCM,euclidean,mca_coordinates,6,,,1.4,0.01,300.0,-0.0015388491734731036,7.155847876613063,432.22124989335254,10000,0.1666666718495609,0.1666895824569602,1.0,,1.4326801300048828,,2012_03_to_2017_03_hyperparameter_tuning_results/mca61_euclidean_fcm_m1p4_labels_K6.npy,2012_03_to_2017_03_hyperparameter_tuning_results/mca61_euclidean_fcm_m1p4_membership_K6.npy,,2012_03_to_2017_03_hyperparameter_tuning_results/mca61_euclidean_fcm_m1p4_cluster_size_K6.csv
2012_03_to_2017_03,61,90%,FCM,euclidean,mca_coordinates,6,,,1.5,0.01,300.0,-0.01988007863918952,7.232356536930328,505.07002621936573,10000,0.16666666836180835,0.16667926949449816,1.0,,1.2298359870910645,,2012_03_to_2017_03_hyperparameter_tuning_results/mca61_euclidean_fcm_m1p5_labels_K6.npy,2012_03_to_2017_03_hyperparameter_tuning_results/mca61_euclidean_fcm_m1p5_membership_K6.npy,,2012_03_to_2017_03_hyperparameter_tuning_results/mca61_euclidean_fcm_m1p5_cluster_size_K6.csv
2012_03_to_2017_03,61,90%,FCM,euclidean,mca_coordinates,6,,,1.6,0.01,300.0,-0.026741858108559096,7.0351490970079675,559.6489592955267,10000,0.1666666670774088,0.16667262079155898,1.0,,1.214402675628662,,2012_03_to_2017_03_hyperparameter_tuning_results/mca61_euclidean_fcm_m1p6_labels_K6.npy,2012_03_to_2017_03_hyperparameter_tuning_results/mca61_euclidean_fcm_m1p6_membership_K6.npy,,2012_03_to_2017_03_hyperparameter_tuning_results/mca61_euclidean_fcm_m1p6_cluster_size_K6.csv
2012_03_to_2017_03,61,90%,FCM,euclidean,mca_coordinates,6,,,1.7,0.01,300.0,-0.04670106261237039,6.852337184084558,590.9159470125163,10000,0.16666666724893822,0.1666735920650257,1.0,,1.1869549751281738,,2012_03_to_2017_03_hyperparameter_tuning_results/mca61_euclidean_fcm_m1p7_labels_K6.npy,2012_03_to_2017_03_hyperparameter_tuning_results/mca61_euclidean_fcm_m1p7_membership_K6.npy,,2012_03_to_2017_03_hyperparameter_tuning_results/mca61_euclidean_fcm_m1p7_cluster_size_K6.csv
2012_03_to_2017_03,61,90%,FCM,euclidean,mca_coordinates,6,,,1.8,0.01,300.0,-0.05657387197497355,6.767676396143243,599.3862033861661,10000,0.1666666669374719,0.16667124302160477,1.0,,1.1393792629241943,,2012_03_to_2017_03_hyperparameter_tuning_results/mca61_euclidean_fcm_m1p8_labels_K6.npy,2012_03_to_2017_03_hyperparameter_tuning_results/mca61_euclidean_fcm_m1p8_membership_K6.npy,,2012_03_to_2017_03_hyperparameter_tuning_results/mca61_euclidean_fcm_m1p8_cluster_size_K6.csv
2012_03_to_2017_03,61,90%,FCM,euclidean,mca_coordinates,6,,,1.9,0.01,300.0,-0.0701775485168796,6.514198505178051,594.6105793194267,10000,0.16666666680981582,0.16666992387919666,1.0,,1.1492509841918945,,2012_03_to_2017_03_hyperparameter_tuning_results/mca61_euclidean_fcm_m1p9_labels_K6.npy,2012_03_to_2017_03_hyperparameter_tuning_results/mca61_euclidean_fcm_m1p9_membership_K6.npy,,2012_03_to_2017_03_hyperparameter_tuning_results/mca61_euclidean_fcm_m1p9_cluster_size_K6.csv
2012_03_to_2017_03,61,90%,FCM,euclidean,mca_coordinates,6,,,2.0,0.01,300.0,-0.06766370111286327,6.4757045476795225,565.0085573118802,10000,0.16666666675012573,0.1666691437565381,1.0,,1.5852830410003662,,2012_03_to_2017_03_hyperparameter_tuning_results/mca61_euclidean_fcm_m2p0_labels_K6.npy,2012_03_to_2017_03_hyperparameter_tuning_results/mca61_euclidean_fcm_m2p0_membership_K6.npy,,2012_03_to_2017_03_hyperparameter_tuning_results/mca61_euclidean_fcm_m2p0_cluster_size_K6.csv
2012_03_to_2017_03,61,90%,FCM,euclidean,mca_coordinates,6,,,4.0,0.01,300.0,-0.012242208446274805,6.347007146144421,541.5073166703313,10000,0.16666666669496355,0.16666876723780738,1.0,,1.1863689422607422,,2012_03_to_2017_03_hyperparameter_tuning_results/mca61_euclidean_fcm_m4p0_labels_K6.npy,2012_03_to_2017_03_hyperparameter_tuning_results/mca61_euclidean_fcm_m4p0_membership_K6.npy,,2012_03_to_2017_03_hyperparameter_tuning_results/mca61_euclidean_fcm_m4p0_cluster_size_K6.csv
2012_03_to_2017_03,61,90%,KMeans,euclidean,mca_coordinates,8,4096.0,5.0,,,,0.09742079353125827,3.167836885214075,1506.348099145986,10000,,,,,1.1022050380706787,,2012_03_to_2017_03_hyperparameter_tuning_results/mca61_euclidean_kmeans_bs4096_ninit5_labels_K8.npy,,,2012_03_to_2017_03_hyperparameter_tuning_results/mca61_euclidean_kmeans_bs4096_ninit5_cluster_size_K8.csv
2012_03_to_2017_03,61,90%,KMeans,euclidean,mca_coordinates,8,4096.0,10.0,,,,0.1198935901970802,3.08573774618542,1534.223335748999,10000,,,,,1.3715991973876953,,2012_03_to_2017_03_hyperparameter_tuning_results/mca61_euclidean_kmeans_bs4096_ninit10_labels_K8.npy,,,2012_03_to_2017_03_hyperparameter_tuning_results/mca61_euclidean_kmeans_bs4096_ninit10_cluster_size_K8.csv
2012_03_to_2017_03,61,90%,KMeans,euclidean,mca_coordinates,8,4096.0,20.0,,,,0.043218397665023965,3.1409705521537563,1549.0137009743155,10000,,,,,1.4547619819641113,,2012_03_to_2017_03_hyperparameter_tuning_results/mca61_euclidean_kmeans_bs4096_ninit20_labels_K8.npy,,,2012_03_to_2017_03_hyperparameter_tuning_results/mca61_euclidean_kmeans_bs4096_ninit20_cluster_size_K8.csv
2012_03_to_2017_03,61,90%,KMeans,euclidean,mca_coordinates,8,8192.0,5.0,,,,0.07152989635733545,2.6758148164132223,1688.0757591061342,10000,,,,,1.3361198902130127,,2012_03_to_2017_03_hyperparameter_tuning_results/mca61_euclidean_kmeans_bs8192_ninit5_labels_K8.npy,,,2012_03_to_2017_03_hyperparameter_tuning_results/mca61_euclidean_kmeans_bs8192_ninit5_cluster_size_K8.csv
2012_03_to_2017_03,61,90%,KMeans,euclidean,mca_coordinates,8,8192.0,10.0,,,,0.03173577952868533,3.3108953622211503,1487.9381820519332,10000,,,,,1.3916411399841309,,2012_03_to_2017_03_hyperparameter_tuning_results/mca61_euclidean_kmeans_bs8192_ninit10_labels_K8.npy,,,2012_03_to_2017_03_hyperparameter_tuning_results/mca61_euclidean_kmeans_bs8192_ninit10_cluster_size_K8.csv
2012_03_to_2017_03,61,90%,KMeans,euclidean,mca_coordinates,8,8192.0,20.0,,,,-0.019631136048923928,3.460172118889147,1457.7591133103629,10000,,,,,1.7749361991882324,,2012_03_to_2017_03_hyperparameter_tuning_results/mca61_euclidean_kmeans_bs8192_ninit20_labels_K8.npy,,,2012_03_to_2017_03_hyperparameter_tuning_results/mca61_euclidean_kmeans_bs8192_ninit20_cluster_size_K8.csv
2012_03_to_2017_03,61,90%,KMeans,euclidean,mca_coordinates,8,16384.0,5.0,,,,-0.018481681626723725,3.1623755884788527,1303.5192548801854,10000,,,,,1.4652059078216553,,2012_03_to_2017_03_hyperparameter_tuning_results/mca61_euclidean_kmeans_bs16384_ninit5_labels_K8.npy,,,2012_03_to_2017_03_hyperparameter_tuning_results/mca61_euclidean_kmeans_bs16384_ninit5_cluster_size_K8.csv
2012_03_to_2017_03,61,90%,KMeans,euclidean,mca_coordinates,8,16384.0,10.0,,,,0.045263194282461665,3.2155983551312675,1492.8035676647187,10000,,,,,1.9526081085205078,,2012_03_to_2017_03_hyperparameter_tuning_results/mca61_euclidean_kmeans_bs16384_ninit10_labels_K8.npy,,,2012_03_to_2017_03_hyperparameter_tuning_results/mca61_euclidean_kmeans_bs16384_ninit10_cluster_size_K8.csv
2012_03_to_2017_03,61,90%,KMeans,euclidean,mca_coordinates,8,16384.0,20.0,,,,0.03514635755641228,3.5354791909922154,1450.4082059962057,10000,,,,,2.25069522857666,,2012_03_to_2017_03_hyperparameter_tuning_results/mca61_euclidean_kmeans_bs16384_ninit20_labels_K8.npy,,,2012_03_to_2017_03_hyperparameter_tuning_results/mca61_euclidean_kmeans_bs16384_ninit20_cluster_size_K8.csv
2012_03_to_2017_03,61,90%,FCM,euclidean,mca_coordinates,8,,,1.1,0.01,300.0,0.0029322039818066295,3.884081841943307,1109.1212640553772,10000,0.5816348604488555,0.6666001610868492,0.3312486494044668,,8.846868991851807,,2012_03_to_2017_03_hyperparameter_tuning_results/mca61_euclidean_fcm_m1p1_labels_K8.npy,2012_03_to_2017_03_hyperparameter_tuning_results/mca61_euclidean_fcm_m1p1_membership_K8.npy,,2012_03_to_2017_03_hyperparameter_tuning_results/mca61_euclidean_fcm_m1p1_cluster_size_K8.csv
2012_03_to_2017_03,61,90%,FCM,euclidean,mca_coordinates,8,,,1.2,0.01,300.0,-0.09597701130007749,4.382322571610238,378.1760571948495,10000,0.18448783195209056,0.22353591417812785,0.9039774243984289,,4.122298717498779,,2012_03_to_2017_03_hyperparameter_tuning_results/mca61_euclidean_fcm_m1p2_labels_K8.npy,2012_03_to_2017_03_hyperparameter_tuning_results/mca61_euclidean_fcm_m1p2_membership_K8.npy,,2012_03_to_2017_03_hyperparameter_tuning_results/mca61_euclidean_fcm_m1p2_cluster_size_K8.csv
2012_03_to_2017_03,61,90%,FCM,euclidean,mca_coordinates,8,,,1.3,0.01,300.0,-0.009494267431499245,9.370753130295874,285.09836722922734,10000,0.12500003447744756,0.1250567019649656,1.0,,1.6538972854614258,,2012_03_to_2017_03_hyperparameter_tuning_results/mca61_euclidean_fcm_m1p3_labels_K8.npy,2012_03_to_2017_03_hyperparameter_tuning_results/mca61_euclidean_fcm_m1p3_membership_K8.npy,,2012_03_to_2017_03_hyperparameter_tuning_results/mca61_euclidean_fcm_m1p3_cluster_size_K8.csv
2012_03_to_2017_03,61,90%,FCM,euclidean,mca_coordinates,8,,,1.4,0.01,300.0,-0.048039779252172295,9.312569151350921,350.78908446307804,10000,0.12500000319626658,0.1250165535271984,1.0,,1.4953641891479492,,2012_03_to_2017_03_hyperparameter_tuning_results/mca61_euclidean_fcm_m1p4_labels_K8.npy,2012_03_to_2017_03_hyperparameter_tuning_results/mca61_euclidean_fcm_m1p4_membership_K8.npy,,2012_03_to_2017_03_hyperparameter_tuning_results/mca61_euclidean_fcm_m1p4_cluster_size_K8.csv
2012_03_to_2017_03,61,90%,FCM,euclidean,mca_coordinates,8,,,1.5,0.01,300.0,-0.07611816858417503,8.593222838801696,395.9097209963021,10000,0.12500000105051878,0.12500935247448694,1.0,,1.2600681781768799,,2012_03_to_2017_03_hyperparameter_tuning_results/mca61_euclidean_fcm_m1p5_labels_K8.npy,2012_03_to_2017_03_hyperparameter_tuning_results/mca61_euclidean_fcm_m1p5_membership_K8.npy,,2012_03_to_2017_03_hyperparameter_tuning_results/mca61_euclidean_fcm_m1p5_cluster_size_K8.csv
2012_03_to_2017_03,61,90%,FCM,euclidean,mca_coordinates,8,,,1.6,0.01,300.0,-0.07450873511583843,7.398174935771218,439.41870924045946,10000,0.12500000092846195,0.12500909320208078,1.0,,1.2365193367004395,,2012_03_to_2017_03_hyperparameter_tuning_results/mca61_euclidean_fcm_m1p6_labels_K8.npy,2012_03_to_2017_03_hyperparameter_tuning_results/mca61_euclidean_fcm_m1p6_membership_K8.npy,,2012_03_to_2017_03_hyperparameter_tuning_results/mca61_euclidean_fcm_m1p6_cluster_size_K8.csv
2012_03_to_2017_03,61,90%,FCM,euclidean,mca_coordinates,8,,,1.7,0.01,300.0,-0.04974988410348131,7.516461108656989,432.2731730673715,10000,0.12500000036351963,0.12500578654325462,1.0,,1.412890911102295,,2012_03_to_2017_03_hyperparameter_tuning_results/mca61_euclidean_fcm_m1p7_labels_K8.npy,2012_03_to_2017_03_hyperparameter_tuning_results/mca61_euclidean_fcm_m1p7_membership_K8.npy,,2012_03_to_2017_03_hyperparameter_tuning_results/mca61_euclidean_fcm_m1p7_cluster_size_K8.csv
2012_03_to_2017_03,61,90%,FCM,euclidean,mca_coordinates,8,,,1.8,0.01,300.0,-0.053016840558292325,7.426765348962933,437.31565809230733,10000,0.1250000001689925,0.1250040230545845,1.0,,1.233506202697754,,2012_03_to_2017_03_hyperparameter_tuning_results/mca61_euclidean_fcm_m1p8_labels_K8.npy,2012_03_to_2017_03_hyperparameter_tuning_results/mca61_euclidean_fcm_m1p8_membership_K8.npy,,2012_03_to_2017_03_hyperparameter_tuning_results/mca61_euclidean_fcm_m1p8_cluster_size_K8.csv
2012_03_to_2017_03,61,90%,FCM,euclidean,mca_coordinates,8,,,1.9,0.01,300.0,-0.061200613800437634,6.6256236203150225,490.70463498354553,10000,0.12500000052917404,0.12500748118142516,1.0,,1.3664538860321045,,2012_03_to_2017_03_hyperparameter_tuning_results/mca61_euclidean_fcm_m1p9_labels_K8.npy,2012_03_to_2017_03_hyperparameter_tuning_results/mca61_euclidean_fcm_m1p9_membership_K8.npy,,2012_03_to_2017_03_hyperparameter_tuning_results/mca61_euclidean_fcm_m1p9_cluster_size_K8.csv
2012_03_to_2017_03,61,90%,FCM,euclidean,mca_coordinates,8,,,2.0,0.01,300.0,-0.05077980257458654,6.567498620951764,494.98401275590567,10000,0.12500000034262232,0.12500611633417058,1.0,,1.270292043685913,,2012_03_to_2017_03_hyperparameter_tuning_results/mca61_euclidean_fcm_m2p0_labels_K8.npy,2012_03_to_2017_03_hyperparameter_tuning_results/mca61_euclidean_fcm_m2p0_membership_K8.npy,,2012_03_to_2017_03_hyperparameter_tuning_results/mca61_euclidean_fcm_m2p0_cluster_size_K8.csv
2012_03_to_2017_03,61,90%,FCM,euclidean,mca_coordinates,8,,,4.0,0.01,300.0,-0.024409459453321732,5.980545163864475,393.31429535818177,10000,0.12500000001619255,0.12500158115788831,1.0,,1.2133018970489502,,2012_03_to_2017_03_hyperparameter_tuning_results/mca61_euclidean_fcm_m4p0_labels_K8.npy,2012_03_to_2017_03_hyperparameter_tuning_results/mca61_euclidean_fcm_m4p0_membership_K8.npy,,2012_03_to_2017_03_hyperparameter_tuning_results/mca61_euclidean_fcm_m4p0_cluster_size_K8.csv
2012_03_to_2017_03,73,100%,KMeans,euclidean,mca_coordinates,3,4096.0,5.0,,,,0.17815135568415313,4.4853126521824835,1395.662663150442,10000,,,,,1.281200885772705,,2012_03_to_2017_03_hyperparameter_tuning_results/mca73_euclidean_kmeans_bs4096_ninit5_labels_K3.npy,,,2012_03_to_2017_03_hyperparameter_tuning_results/mca73_euclidean_kmeans_bs4096_ninit5_cluster_size_K3.csv
2012_03_to_2017_03,73,100%,KMeans,euclidean,mca_coordinates,3,4096.0,10.0,,,,0.0460617563854983,4.79399654155193,1176.2573200970153,10000,,,,,1.4131531715393066,,2012_03_to_2017_03_hyperparameter_tuning_results/mca73_euclidean_kmeans_bs4096_ninit10_labels_K3.npy,,,2012_03_to_2017_03_hyperparameter_tuning_results/mca73_euclidean_kmeans_bs4096_ninit10_cluster_size_K3.csv
2012_03_to_2017_03,73,100%,KMeans,euclidean,mca_coordinates,3,4096.0,20.0,,,,0.037966770189058856,5.712410104320242,899.4702860986065,10000,,,,,1.6451060771942139,,2012_03_to_2017_03_hyperparameter_tuning_results/mca73_euclidean_kmeans_bs4096_ninit20_labels_K3.npy,,,2012_03_to_2017_03_hyperparameter_tuning_results/mca73_euclidean_kmeans_bs4096_ninit20_cluster_size_K3.csv
2012_03_to_2017_03,73,100%,KMeans,euclidean,mca_coordinates,3,8192.0,5.0,,,,0.20366278161762735,2.8725503479559307,2018.7526203017046,10000,,,,,1.4209299087524414,,2012_03_to_2017_03_hyperparameter_tuning_results/mca73_euclidean_kmeans_bs8192_ninit5_labels_K3.npy,,,2012_03_to_2017_03_hyperparameter_tuning_results/mca73_euclidean_kmeans_bs8192_ninit5_cluster_size_K3.csv
2012_03_to_2017_03,73,100%,KMeans,euclidean,mca_coordinates,3,8192.0,10.0,,,,0.2046162032600407,2.90145514642577,2023.495285633645,10000,,,,,1.455761194229126,,2012_03_to_2017_03_hyperparameter_tuning_results/mca73_euclidean_kmeans_bs8192_ninit10_labels_K3.npy,,,2012_03_to_2017_03_hyperparameter_tuning_results/mca73_euclidean_kmeans_bs8192_ninit10_cluster_size_K3.csv
2012_03_to_2017_03,73,100%,KMeans,euclidean,mca_coordinates,3,8192.0,20.0,,,,0.20756617185977155,2.779014493774054,1998.8696442923963,10000,,,,,1.6185250282287598,,2012_03_to_2017_03_hyperparameter_tuning_results/mca73_euclidean_kmeans_bs8192_ninit20_labels_K3.npy,,,2012_03_to_2017_03_hyperparameter_tuning_results/mca73_euclidean_kmeans_bs8192_ninit20_cluster_size_K3.csv
2012_03_to_2017_03,73,100%,KMeans,euclidean,mca_coordinates,3,16384.0,5.0,,,,0.07147750655908625,4.728599873476266,1243.6050179745462,10000,,,,,1.4253950119018555,,2012_03_to_2017_03_hyperparameter_tuning_results/mca73_euclidean_kmeans_bs16384_ninit5_labels_K3.npy,,,2012_03_to_2017_03_hyperparameter_tuning_results/mca73_euclidean_kmeans_bs16384_ninit5_cluster_size_K3.csv
2012_03_to_2017_03,73,100%,KMeans,euclidean,mca_coordinates,3,16384.0,10.0,,,,0.09863962043041265,4.605732831015632,1297.569936433325,10000,,,,,1.6145257949829102,,2012_03_to_2017_03_hyperparameter_tuning_results/mca73_euclidean_kmeans_bs16384_ninit10_labels_K3.npy,,,2012_03_to_2017_03_hyperparameter_tuning_results/mca73_euclidean_kmeans_bs16384_ninit10_cluster_size_K3.csv
2012_03_to_2017_03,73,100%,KMeans,euclidean,mca_coordinates,3,16384.0,20.0,,,,-0.024717131847037086,4.446496995320513,608.9477034795806,10000,,,,,2.1981799602508545,,2012_03_to_2017_03_hyperparameter_tuning_results/mca73_euclidean_kmeans_bs16384_ninit20_labels_K3.npy,,,2012_03_to_2017_03_hyperparameter_tuning_results/mca73_euclidean_kmeans_bs16384_ninit20_cluster_size_K3.csv
2012_03_to_2017_03,73,100%,FCM,euclidean,mca_coordinates,3,,,1.1,0.01,300.0,0.027551286179827446,5.107757387666823,1450.2888580115616,10000,0.5490072534881402,0.63740022827332,0.3520573542310186,,3.0641191005706787,,2012_03_to_2017_03_hyperparameter_tuning_results/mca73_euclidean_fcm_m1p1_labels_K3.npy,2012_03_to_2017_03_hyperparameter_tuning_results/mca73_euclidean_fcm_m1p1_membership_K3.npy,,2012_03_to_2017_03_hyperparameter_tuning_results/mca73_euclidean_fcm_m1p1_cluster_size_K3.csv
2012_03_to_2017_03,73,100%,FCM,euclidean,mca_coordinates,3,,,1.2,0.01,300.0,-0.001801290580623029,7.1300771776261405,757.4813088032583,10000,0.3333358615293501,0.3339658288563806,1.0,,1.2620348930358887,,2012_03_to_2017_03_hyperparameter_tuning_results/mca73_euclidean_fcm_m1p2_labels_K3.npy,2012_03_to_2017_03_hyperparameter_tuning_results/mca73_euclidean_fcm_m1p2_membership_K3.npy,,2012_03_to_2017_03_hyperparameter_tuning_results/mca73_euclidean_fcm_m1p2_cluster_size_K3.csv
2012_03_to_2017_03,73,100%,FCM,euclidean,mca_coordinates,3,,,1.3,0.01,300.0,0.00768857911664934,7.0977666619934086,741.1952521895302,10000,0.3333333404070797,0.33336657883312515,1.0,,1.5472722053527832,,2012_03_to_2017_03_hyperparameter_tuning_results/mca73_euclidean_fcm_m1p3_labels_K3.npy,2012_03_to_2017_03_hyperparameter_tuning_results/mca73_euclidean_fcm_m1p3_membership_K3.npy,,2012_03_to_2017_03_hyperparameter_tuning_results/mca73_euclidean_fcm_m1p3_cluster_size_K3.csv
2012_03_to_2017_03,73,100%,FCM,euclidean,mca_coordinates,3,,,1.4,0.01,300.0,0.0021912125840419135,7.156609219616887,761.3241589666776,10000,0.33333333457321307,0.3333471960551484,1.0,,1.3792979717254639,,2012_03_to_2017_03_hyperparameter_tuning_results/mca73_euclidean_fcm_m1p4_labels_K3.npy,2012_03_to_2017_03_hyperparameter_tuning_results/mca73_euclidean_fcm_m1p4_membership_K3.npy,,2012_03_to_2017_03_hyperparameter_tuning_results/mca73_euclidean_fcm_m1p4_cluster_size_K3.csv
2012_03_to_2017_03,73,100%,FCM,euclidean,mca_coordinates,3,,,1.5,0.01,300.0,-0.002816130514541115,7.276546392182688,776.628060375918,10000,0.3333333338807074,0.33334252169675255,1.0,,1.5229241847991943,,2012_03_to_2017_03_hyperparameter_tuning_results/mca73_euclidean_fcm_m1p5_labels_K3.npy,2012_03_to_2017_03_hyperparameter_tuning_results/mca73_euclidean_fcm_m1p5_membership_K3.npy,,2012_03_to_2017_03_hyperparameter_tuning_results/mca73_euclidean_fcm_m1p5_cluster_size_K3.csv
2012_03_to_2017_03,73,100%,FCM,euclidean,mca_coordinates,3,,,1.6,0.01,300.0,-0.004741391800061507,7.293091939300563,800.1034353268757,10000,0.3333333339779602,0.33334329282837377,1.0,,1.4660968780517578,,2012_03_to_2017_03_hyperparameter_tuning_results/mca73_euclidean_fcm_m1p6_labels_K3.npy,2012_03_to_2017_03_hyperparameter_tuning_results/mca73_euclidean_fcm_m1p6_membership_K3.npy,,2012_03_to_2017_03_hyperparameter_tuning_results/mca73_euclidean_fcm_m1p6_cluster_size_K3.csv
2012_03_to_2017_03,73,100%,FCM,euclidean,mca_coordinates,3,,,1.7,0.01,300.0,-0.00486634287977075,7.28739432082638,802.2461509200083,10000,0.3333333335763842,0.3333394511834974,1.0,,1.3189959526062012,,2012_03_to_2017_03_hyperparameter_tuning_results/mca73_euclidean_fcm_m1p7_labels_K3.npy,2012_03_to_2017_03_hyperparameter_tuning_results/mca73_euclidean_fcm_m1p7_membership_K3.npy,,2012_03_to_2017_03_hyperparameter_tuning_results/mca73_euclidean_fcm_m1p7_cluster_size_K3.csv
2012_03_to_2017_03,73,100%,FCM,euclidean,mca_coordinates,3,,,1.8,0.01,300.0,-0.005489091929995931,7.295731267763126,803.0158277903281,10000,0.33333333344205845,0.3333374309457935,1.0,,1.1598789691925049,,2012_03_to_2017_03_hyperparameter_tuning_results/mca73_euclidean_fcm_m1p8_labels_K3.npy,2012_03_to_2017_03_hyperparameter_tuning_results/mca73_euclidean_fcm_m1p8_membership_K3.npy,,2012_03_to_2017_03_hyperparameter_tuning_results/mca73_euclidean_fcm_m1p8_cluster_size_K3.csv
2012_03_to_2017_03,73,100%,FCM,euclidean,mca_coordinates,3,,,1.9,0.01,300.0,-0.0042331121206963,7.2987923796220775,804.1106189379268,10000,0.3333333333885102,0.3333362593426113,1.0,,1.145798921585083,,2012_03_to_2017_03_hyperparameter_tuning_results/mca73_euclidean_fcm_m1p9_labels_K3.npy,2012_03_to_2017_03_hyperparameter_tuning_results/mca73_euclidean_fcm_m1p9_membership_K3.npy,,2012_03_to_2017_03_hyperparameter_tuning_results/mca73_euclidean_fcm_m1p9_cluster_size_K3.csv
2012_03_to_2017_03,73,100%,FCM,euclidean,mca_coordinates,3,,,2.0,0.01,300.0,-0.010628159975358695,7.350738648673523,836.3624754743712,10000,0.3333333336115175,0.3333399333419853,1.0,,1.101973056793213,,2012_03_to_2017_03_hyperparameter_tuning_results/mca73_euclidean_fcm_m2p0_labels_K3.npy,2012_03_to_2017_03_hyperparameter_tuning_results/mca73_euclidean_fcm_m2p0_membership_K3.npy,,2012_03_to_2017_03_hyperparameter_tuning_results/mca73_euclidean_fcm_m2p0_cluster_size_K3.csv
2012_03_to_2017_03,73,100%,FCM,euclidean,mca_coordinates,3,,,4.0,0.01,300.0,0.08708098301223915,7.672880828687043,951.2316093555239,10000,0.3333333333393332,0.3333343980650075,1.0,,1.1290361881256104,,2012_03_to_2017_03_hyperparameter_tuning_results/mca73_euclidean_fcm_m4p0_labels_K3.npy,2012_03_to_2017_03_hyperparameter_tuning_results/mca73_euclidean_fcm_m4p0_membership_K3.npy,,2012_03_to_2017_03_hyperparameter_tuning_results/mca73_euclidean_fcm_m4p0_cluster_size_K3.csv
2012_03_to_2017_03,73,100%,KMeans,euclidean,mca_coordinates,4,4096.0,5.0,,,,0.045110927849374614,4.291137888058426,1281.4357845109923,10000,,,,,1.1468939781188965,,2012_03_to_2017_03_hyperparameter_tuning_results/mca73_euclidean_kmeans_bs4096_ninit5_labels_K4.npy,,,2012_03_to_2017_03_hyperparameter_tuning_results/mca73_euclidean_kmeans_bs4096_ninit5_cluster_size_K4.csv
2012_03_to_2017_03,73,100%,KMeans,euclidean,mca_coordinates,4,4096.0,10.0,,,,0.17418963199785958,3.783892542443231,1325.3538149783294,10000,,,,,1.3029170036315918,,2012_03_to_2017_03_hyperparameter_tuning_results/mca73_euclidean_kmeans_bs4096_ninit10_labels_K4.npy,,,2012_03_to_2017_03_hyperparameter_tuning_results/mca73_euclidean_kmeans_bs4096_ninit10_cluster_size_K4.csv
2012_03_to_2017_03,73,100%,KMeans,euclidean,mca_coordinates,4,4096.0,20.0,,,,0.09016631240577733,4.261486004420705,1362.2550820067322,10000,,,,,1.3241980075836182,,2012_03_to_2017_03_hyperparameter_tuning_results/mca73_euclidean_kmeans_bs4096_ninit20_labels_K4.npy,,,2012_03_to_2017_03_hyperparameter_tuning_results/mca73_euclidean_kmeans_bs4096_ninit20_cluster_size_K4.csv
2012_03_to_2017_03,73,100%,KMeans,euclidean,mca_coordinates,4,8192.0,5.0,,,,0.09059889643759286,3.9757586821420707,1205.650386690047,10000,,,,,1.2917730808258057,,2012_03_to_2017_03_hyperparameter_tuning_results/mca73_euclidean_kmeans_bs8192_ninit5_labels_K4.npy,,,2012_03_to_2017_03_hyperparameter_tuning_results/mca73_euclidean_kmeans_bs8192_ninit5_cluster_size_K4.csv
2012_03_to_2017_03,73,100%,KMeans,euclidean,mca_coordinates,4,8192.0,10.0,,,,0.08169456007490025,4.350906653962277,1208.020394534271,10000,,,,,1.4959919452667236,,2012_03_to_2017_03_hyperparameter_tuning_results/mca73_euclidean_kmeans_bs8192_ninit10_labels_K4.npy,,,2012_03_to_2017_03_hyperparameter_tuning_results/mca73_euclidean_kmeans_bs8192_ninit10_cluster_size_K4.csv
2012_03_to_2017_03,73,100%,KMeans,euclidean,mca_coordinates,4,8192.0,20.0,,,,0.09649663735705243,3.1552449518420462,1542.954390211422,10000,,,,,1.8608160018920898,,2012_03_to_2017_03_hyperparameter_tuning_results/mca73_euclidean_kmeans_bs8192_ninit20_labels_K4.npy,,,2012_03_to_2017_03_hyperparameter_tuning_results/mca73_euclidean_kmeans_bs8192_ninit20_cluster_size_K4.csv
2012_03_to_2017_03,73,100%,KMeans,euclidean,mca_coordinates,4,16384.0,5.0,,,,0.06532564801911464,4.568397870775028,1154.6249442037033,10000,,,,,1.402083158493042,,2012_03_to_2017_03_hyperparameter_tuning_results/mca73_euclidean_kmeans_bs16384_ninit5_labels_K4.npy,,,2012_03_to_2017_03_hyperparameter_tuning_results/mca73_euclidean_kmeans_bs16384_ninit5_cluster_size_K4.csv
2012_03_to_2017_03,73,100%,KMeans,euclidean,mca_coordinates,4,16384.0,10.0,,,,0.12071797957158617,4.375745854214863,1231.0817345528362,10000,,,,,1.6311671733856201,,2012_03_to_2017_03_hyperparameter_tuning_results/mca73_euclidean_kmeans_bs16384_ninit10_labels_K4.npy,,,2012_03_to_2017_03_hyperparameter_tuning_results/mca73_euclidean_kmeans_bs16384_ninit10_cluster_size_K4.csv
2012_03_to_2017_03,73,100%,KMeans,euclidean,mca_coordinates,4,16384.0,20.0,,,,0.12199188629366758,4.394020730236555,1225.9821881290238,10000,,,,,1.8889820575714111,,2012_03_to_2017_03_hyperparameter_tuning_results/mca73_euclidean_kmeans_bs16384_ninit20_labels_K4.npy,,,2012_03_to_2017_03_hyperparameter_tuning_results/mca73_euclidean_kmeans_bs16384_ninit20_cluster_size_K4.csv
2012_03_to_2017_03,73,100%,FCM,euclidean,mca_coordinates,4,,,1.1,0.01,300.0,0.004945160565667297,5.081383790348761,1252.8741522691814,10000,0.49405897664262843,0.5898246861889717,0.4380632777841335,,8.870503902435303,,2012_03_to_2017_03_hyperparameter_tuning_results/mca73_euclidean_fcm_m1p1_labels_K4.npy,2012_03_to_2017_03_hyperparameter_tuning_results/mca73_euclidean_fcm_m1p1_membership_K4.npy,,2012_03_to_2017_03_hyperparameter_tuning_results/mca73_euclidean_fcm_m1p1_cluster_size_K4.csv
2012_03_to_2017_03,73,100%,FCM,euclidean,mca_coordinates,4,,,1.2,0.01,300.0,0.005613087439480286,7.3440991399011,640.4364729677859,10000,0.25000224200468507,0.250590875803614,1.0,,1.2523272037506104,,2012_03_to_2017_03_hyperparameter_tuning_results/mca73_euclidean_fcm_m1p2_labels_K4.npy,2012_03_to_2017_03_hyperparameter_tuning_results/mca73_euclidean_fcm_m1p2_membership_K4.npy,,2012_03_to_2017_03_hyperparameter_tuning_results/mca73_euclidean_fcm_m1p2_cluster_size_K4.csv
2012_03_to_2017_03,73,100%,FCM,euclidean,mca_coordinates,4,,,1.3,0.01,300.0,-0.017750361423693174,6.986308273646024,512.0236129128245,10000,0.2500000065232239,0.25003150119680917,1.0,,1.3367218971252441,,2012_03_to_2017_03_hyperparameter_tuning_results/mca73_euclidean_fcm_m1p3_labels_K4.npy,2012_03_to_2017_03_hyperparameter_tuning_results/mca73_euclidean_fcm_m1p3_membership_K4.npy,,2012_03_to_2017_03_hyperparameter_tuning_results/mca73_euclidean_fcm_m1p3_cluster_size_K4.csv
2012_03_to_2017_03,73,100%,FCM,euclidean,mca_coordinates,4,,,1.4,0.01,300.0,-0.00039038999523283396,7.069469435975634,547.1779591949722,10000,0.25000000119619736,0.25001338665664,1.0,,1.2285456657409668,,2012_03_to_2017_03_hyperparameter_tuning_results/mca73_euclidean_fcm_m1p4_labels_K4.npy,2012_03_to_2017_03_hyperparameter_tuning_results/mca73_euclidean_fcm_m1p4_membership_K4.npy,,2012_03_to_2017_03_hyperparameter_tuning_results/mca73_euclidean_fcm_m1p4_cluster_size_K4.csv
2012_03_to_2017_03,73,100%,FCM,euclidean,mca_coordinates,4,,,1.5,0.01,300.0,-0.007049408840074503,7.08045231030614,571.285726157056,10000,0.2500000005535587,0.2500090480908851,1.0,,1.1986751556396484,,2012_03_to_2017_03_hyperparameter_tuning_results/mca73_euclidean_fcm_m1p5_labels_K4.npy,2012_03_to_2017_03_hyperparameter_tuning_results/mca73_euclidean_fcm_m1p5_membership_K4.npy,,2012_03_to_2017_03_hyperparameter_tuning_results/mca73_euclidean_fcm_m1p5_cluster_size_K4.csv
2012_03_to_2017_03,73,100%,FCM,euclidean,mca_coordinates,4,,,1.6,0.01,300.0,-0.014034351529913891,7.135462756216291,607.2528359601339,10000,0.2500000006834197,0.25001000948038604,1.0,,1.1441500186920166,,2012_03_to_2017_03_hyperparameter_tuning_results/mca73_euclidean_fcm_m1p6_labels_K4.npy,2012_03_to_2017_03_hyperparameter_tuning_results/mca73_euclidean_fcm_m1p6_membership_K4.npy,,2012_03_to_2017_03_hyperparameter_tuning_results/mca73_euclidean_fcm_m1p6_cluster_size_K4.csv
2012_03_to_2017_03,73,100%,FCM,euclidean,mca_coordinates,4,,,1.7,0.01,300.0,-0.017158083524984578,7.162723390970203,594.327769902066,10000,0.2500000002708438,0.2500062630266857,1.0,,1.1655192375183105,,2012_03_to_2017_03_hyperparameter_tuning_results/mca73_euclidean_fcm_m1p7_labels_K4.npy,2012_03_to_2017_03_hyperparameter_tuning_results/mca73_euclidean_fcm_m1p7_membership_K4.npy,,2012_03_to_2017_03_hyperparameter_tuning_results/mca73_euclidean_fcm_m1p7_cluster_size_K4.csv
2012_03_to_2017_03,73,100%,FCM,euclidean,mca_coordinates,4,,,1.8,0.01,300.0,-0.017367760716007,7.162021520601741,581.8199399306159,10000,0.25000000012745077,0.25000427336926706,1.0,,1.1834149360656738,,2012_03_to_2017_03_hyperparameter_tuning_results/mca73_euclidean_fcm_m1p8_labels_K4.npy,2012_03_to_2017_03_hyperparameter_tuning_results/mca73_euclidean_fcm_m1p8_membership_K4.npy,,2012_03_to_2017_03_hyperparameter_tuning_results/mca73_euclidean_fcm_m1p8_cluster_size_K4.csv
2012_03_to_2017_03,73,100%,FCM,euclidean,mca_coordinates,4,,,1.9,0.01,300.0,-0.021762627136235814,7.132831822174527,576.2194540753591,10000,0.25000000006808726,0.2500031088687484,1.0,,1.1703591346740723,,2012_03_to_2017_03_hyperparameter_tuning_results/mca73_euclidean_fcm_m1p9_labels_K4.npy,2012_03_to_2017_03_hyperparameter_tuning_results/mca73_euclidean_fcm_m1p9_membership_K4.npy,,2012_03_to_2017_03_hyperparameter_tuning_results/mca73_euclidean_fcm_m1p9_cluster_size_K4.csv
2012_03_to_2017_03,73,100%,FCM,euclidean,mca_coordinates,4,,,2.0,0.01,300.0,-0.020766546626799637,7.092229343060544,571.4917527900255,10000,0.25000000004007306,0.25000237528445035,1.0,,1.1596591472625732,,2012_03_to_2017_03_hyperparameter_tuning_results/mca73_euclidean_fcm_m2p0_labels_K4.npy,2012_03_to_2017_03_hyperparameter_tuning_results/mca73_euclidean_fcm_m2p0_membership_K4.npy,,2012_03_to_2017_03_hyperparameter_tuning_results/mca73_euclidean_fcm_m2p0_cluster_size_K4.csv
2012_03_to_2017_03,73,100%,FCM,euclidean,mca_coordinates,4,,,4.0,0.01,300.0,-0.037700252391648835,7.190187688948776,585.4250709554074,10000,0.2500000000191252,0.2500015813814453,1.0,,1.1259667873382568,,2012_03_to_2017_03_hyperparameter_tuning_results/mca73_euclidean_fcm_m4p0_labels_K4.npy,2012_03_to_2017_03_hyperparameter_tuning_results/mca73_euclidean_fcm_m4p0_membership_K4.npy,,2012_03_to_2017_03_hyperparameter_tuning_results/mca73_euclidean_fcm_m4p0_cluster_size_K4.csv
2012_03_to_2017_03,73,100%,KMeans,euclidean,mca_coordinates,6,4096.0,5.0,,,,0.01616534357024711,3.9386486046450986,1291.238212711776,10000,,,,,1.260321855545044,,2012_03_to_2017_03_hyperparameter_tuning_results/mca73_euclidean_kmeans_bs4096_ninit5_labels_K6.npy,,,2012_03_to_2017_03_hyperparameter_tuning_results/mca73_euclidean_kmeans_bs4096_ninit5_cluster_size_K6.csv
2012_03_to_2017_03,73,100%,KMeans,euclidean,mca_coordinates,6,4096.0,10.0,,,,0.0192668797003922,4.043710538581506,1128.7935401866566,10000,,,,,1.628420114517212,,2012_03_to_2017_03_hyperparameter_tuning_results/mca73_euclidean_kmeans_bs4096_ninit10_labels_K6.npy,,,2012_03_to_2017_03_hyperparameter_tuning_results/mca73_euclidean_kmeans_bs4096_ninit10_cluster_size_K6.csv
2012_03_to_2017_03,73,100%,KMeans,euclidean,mca_coordinates,6,4096.0,20.0,,,,-0.0024608459528936374,3.932757495717567,1218.609495992858,10000,,,,,1.5454699993133545,,2012_03_to_2017_03_hyperparameter_tuning_results/mca73_euclidean_kmeans_bs4096_ninit20_labels_K6.npy,,,2012_03_to_2017_03_hyperparameter_tuning_results/mca73_euclidean_kmeans_bs4096_ninit20_cluster_size_K6.csv
2012_03_to_2017_03,73,100%,KMeans,euclidean,mca_coordinates,6,8192.0,5.0,,,,0.06454461343639847,3.878118469325639,1212.6063617126156,10000,,,,,1.2799711227416992,,2012_03_to_2017_03_hyperparameter_tuning_results/mca73_euclidean_kmeans_bs8192_ninit5_labels_K6.npy,,,2012_03_to_2017_03_hyperparameter_tuning_results/mca73_euclidean_kmeans_bs8192_ninit5_cluster_size_K6.csv
2012_03_to_2017_03,73,100%,KMeans,euclidean,mca_coordinates,6,8192.0,10.0,,,,0.12257905364190073,3.1181201558728557,1253.548542194678,10000,,,,,1.6051380634307861,,2012_03_to_2017_03_hyperparameter_tuning_results/mca73_euclidean_kmeans_bs8192_ninit10_labels_K6.npy,,,2012_03_to_2017_03_hyperparameter_tuning_results/mca73_euclidean_kmeans_bs8192_ninit10_cluster_size_K6.csv
2012_03_to_2017_03,73,100%,KMeans,euclidean,mca_coordinates,6,8192.0,20.0,,,,0.03159195782635473,3.79030728564674,1160.8147319479299,10000,,,,,1.9965319633483887,,2012_03_to_2017_03_hyperparameter_tuning_results/mca73_euclidean_kmeans_bs8192_ninit20_labels_K6.npy,,,2012_03_to_2017_03_hyperparameter_tuning_results/mca73_euclidean_kmeans_bs8192_ninit20_cluster_size_K6.csv
2012_03_to_2017_03,73,100%,KMeans,euclidean,mca_coordinates,6,16384.0,5.0,,,,0.04662097117229773,3.4701613425265823,1384.751005861015,10000,,,,,1.5447301864624023,,2012_03_to_2017_03_hyperparameter_tuning_results/mca73_euclidean_kmeans_bs16384_ninit5_labels_K6.npy,,,2012_03_to_2017_03_hyperparameter_tuning_results/mca73_euclidean_kmeans_bs16384_ninit5_cluster_size_K6.csv
2012_03_to_2017_03,73,100%,KMeans,euclidean,mca_coordinates,6,16384.0,10.0,,,,0.06831517498789343,3.352584534230564,1437.6526522139316,10000,,,,,1.6767029762268066,,2012_03_to_2017_03_hyperparameter_tuning_results/mca73_euclidean_kmeans_bs16384_ninit10_labels_K6.npy,,,2012_03_to_2017_03_hyperparameter_tuning_results/mca73_euclidean_kmeans_bs16384_ninit10_cluster_size_K6.csv
2012_03_to_2017_03,73,100%,KMeans,euclidean,mca_coordinates,6,16384.0,20.0,,,,0.06991669476465918,3.4524532091258244,1472.5673336876005,10000,,,,,2.086261034011841,,2012_03_to_2017_03_hyperparameter_tuning_results/mca73_euclidean_kmeans_bs16384_ninit20_labels_K6.npy,,,2012_03_to_2017_03_hyperparameter_tuning_results/mca73_euclidean_kmeans_bs16384_ninit20_cluster_size_K6.csv
2012_03_to_2017_03,73,100%,FCM,euclidean,mca_coordinates,6,,,1.1,0.01,300.0,-0.004616245361324871,4.563624891363901,1082.4762037085259,10000,0.4805467766359547,0.5783315749490375,0.4556432648184164,,10.445722103118896,,2012_03_to_2017_03_hyperparameter_tuning_results/mca73_euclidean_fcm_m1p1_labels_K6.npy,2012_03_to_2017_03_hyperparameter_tuning_results/mca73_euclidean_fcm_m1p1_membership_K6.npy,,2012_03_to_2017_03_hyperparameter_tuning_results/mca73_euclidean_fcm_m1p1_cluster_size_K6.csv
2012_03_to_2017_03,73,100%,FCM,euclidean,mca_coordinates,6,,,1.2,0.01,300.0,-0.024395169473186717,7.638472695186777,346.518298423694,10000,0.166667589491239,0.16698644734489923,1.0,,1.7639522552490234,,2012_03_to_2017_03_hyperparameter_tuning_results/mca73_euclidean_fcm_m1p2_labels_K6.npy,2012_03_to_2017_03_hyperparameter_tuning_results/mca73_euclidean_fcm_m1p2_membership_K6.npy,,2012_03_to_2017_03_hyperparameter_tuning_results/mca73_euclidean_fcm_m1p2_cluster_size_K6.csv
2012_03_to_2017_03,73,100%,FCM,euclidean,mca_coordinates,6,,,1.3,0.01,300.0,-0.10593666685316075,7.98624154815078,332.47303205049883,10000,0.16666667172663796,0.1666893101490138,1.0,,1.6447029113769531,,2012_03_to_2017_03_hyperparameter_tuning_results/mca73_euclidean_fcm_m1p3_labels_K6.npy,2012_03_to_2017_03_hyperparameter_tuning_results/mca73_euclidean_fcm_m1p3_membership_K6.npy,,2012_03_to_2017_03_hyperparameter_tuning_results/mca73_euclidean_fcm_m1p3_cluster_size_K6.csv
2012_03_to_2017_03,73,100%,FCM,euclidean,mca_coordinates,6,,,1.4,0.01,300.0,-0.02121320292775672,7.939559452514783,399.63071612620405,10000,0.16666666808597627,0.16667821582047476,1.0,,1.7568151950836182,,2012_03_to_2017_03_hyperparameter_tuning_results/mca73_euclidean_fcm_m1p4_labels_K6.npy,2012_03_to_2017_03_hyperparameter_tuning_results/mca73_euclidean_fcm_m1p4_membership_K6.npy,,2012_03_to_2017_03_hyperparameter_tuning_results/mca73_euclidean_fcm_m1p4_cluster_size_K6.csv
2012_03_to_2017_03,73,100%,FCM,euclidean,mca_coordinates,6,,,1.5,0.01,300.0,-0.034651979197904574,7.766418453562152,468.52275364145726,10000,0.1666666675603764,0.16667555776969678,1.0,,1.2275888919830322,,2012_03_to_2017_03_hyperparameter_tuning_results/mca73_euclidean_fcm_m1p5_labels_K6.npy,2012_03_to_2017_03_hyperparameter_tuning_results/mca73_euclidean_fcm_m1p5_membership_K6.npy,,2012_03_to_2017_03_hyperparameter_tuning_results/mca73_euclidean_fcm_m1p5_cluster_size_K6.csv
2012_03_to_2017_03,73,100%,FCM,euclidean,mca_coordinates,6,,,1.6,0.01,300.0,-0.046745773271857055,7.569676603418908,503.0432243535706,10000,0.1666666669415926,0.16667141541821137,1.0,,1.43477201461792,,2012_03_to_2017_03_hyperparameter_tuning_results/mca73_euclidean_fcm_m1p6_labels_K6.npy,2012_03_to_2017_03_hyperparameter_tuning_results/mca73_euclidean_fcm_m1p6_membership_K6.npy,,2012_03_to_2017_03_hyperparameter_tuning_results/mca73_euclidean_fcm_m1p6_cluster_size_K6.csv
2012_03_to_2017_03,73,100%,FCM,euclidean,mca_coordinates,6,,,1.7,0.01,300.0,-0.056668171694222474,7.312774281959229,553.061770572629,10000,0.16666666677455005,0.16666954139259185,1.0,,1.410322904586792,,2012_03_to_2017_03_hyperparameter_tuning_results/mca73_euclidean_fcm_m1p7_labels_K6.npy,2012_03_to_2017_03_hyperparameter_tuning_results/mca73_euclidean_fcm_m1p7_membership_K6.npy,,2012_03_to_2017_03_hyperparameter_tuning_results/mca73_euclidean_fcm_m1p7_cluster_size_K6.csv
2012_03_to_2017_03,73,100%,FCM,euclidean,mca_coordinates,6,,,1.8,0.01,300.0,-0.06252883451964057,7.076544859643778,582.5836057108576,10000,0.1666666670299136,0.16667210615844205,1.0,,1.1946260929107666,,2012_03_to_2017_03_hyperparameter_tuning_results/mca73_euclidean_fcm_m1p8_labels_K6.npy,2012_03_to_2017_03_hyperparameter_tuning_results/mca73_euclidean_fcm_m1p8_membership_K6.npy,,2012_03_to_2017_03_hyperparameter_tuning_results/mca73_euclidean_fcm_m1p8_cluster_size_K6.csv
2012_03_to_2017_03,73,100%,FCM,euclidean,mca_coordinates,6,,,1.9,0.01,300.0,-0.06865782075738362,6.955226384780196,585.3435045630918,10000,0.16666666688514703,0.1666708440691645,1.0,,1.3471050262451172,,2012_03_to_2017_03_hyperparameter_tuning_results/mca73_euclidean_fcm_m1p9_labels_K6.npy,2012_03_to_2017_03_hyperparameter_tuning_results/mca73_euclidean_fcm_m1p9_membership_K6.npy,,2012_03_to_2017_03_hyperparameter_tuning_results/mca73_euclidean_fcm_m1p9_cluster_size_K6.csv
2012_03_to_2017_03,73,100%,FCM,euclidean,mca_coordinates,6,,,2.0,0.01,300.0,-0.06771780153659938,6.879835697337918,579.7162673809767,10000,0.16666666680877432,0.16667002195735808,1.0,,1.0955660343170166,,2012_03_to_2017_03_hyperparameter_tuning_results/mca73_euclidean_fcm_m2p0_labels_K6.npy,2012_03_to_2017_03_hyperparameter_tuning_results/mca73_euclidean_fcm_m2p0_membership_K6.npy,,2012_03_to_2017_03_hyperparameter_tuning_results/mca73_euclidean_fcm_m2p0_cluster_size_K6.csv
2012_03_to_2017_03,73,100%,FCM,euclidean,mca_coordinates,6,,,4.0,0.01,300.0,-0.028886578905483514,7.422598544976135,495.4116683886654,10000,0.1666666666738131,0.16666770199974346,1.0,,1.7114269733428955,,2012_03_to_2017_03_hyperparameter_tuning_results/mca73_euclidean_fcm_m4p0_labels_K6.npy,2012_03_to_2017_03_hyperparameter_tuning_results/mca73_euclidean_fcm_m4p0_membership_K6.npy,,2012_03_to_2017_03_hyperparameter_tuning_results/mca73_euclidean_fcm_m4p0_cluster_size_K6.csv
2012_03_to_2017_03,73,100%,KMeans,euclidean,mca_coordinates,8,4096.0,5.0,,,,0.03486780534689205,3.7156111677472303,1359.0452118892458,10000,,,,,1.2331690788269043,,2012_03_to_2017_03_hyperparameter_tuning_results/mca73_euclidean_kmeans_bs4096_ninit5_labels_K8.npy,,,2012_03_to_2017_03_hyperparameter_tuning_results/mca73_euclidean_kmeans_bs4096_ninit5_cluster_size_K8.csv
2012_03_to_2017_03,73,100%,KMeans,euclidean,mca_coordinates,8,4096.0,10.0,,,,0.03034300516610711,3.348091281775903,1348.9583652559309,10000,,,,,1.2357990741729736,,2012_03_to_2017_03_hyperparameter_tuning_results/mca73_euclidean_kmeans_bs4096_ninit10_labels_K8.npy,,,2012_03_to_2017_03_hyperparameter_tuning_results/mca73_euclidean_kmeans_bs4096_ninit10_cluster_size_K8.csv
2012_03_to_2017_03,73,100%,KMeans,euclidean,mca_coordinates,8,4096.0,20.0,,,,0.0204134749697105,3.45297753248145,1328.2944724504146,10000,,,,,1.474973201751709,,2012_03_to_2017_03_hyperparameter_tuning_results/mca73_euclidean_kmeans_bs4096_ninit20_labels_K8.npy,,,2012_03_to_2017_03_hyperparameter_tuning_results/mca73_euclidean_kmeans_bs4096_ninit20_cluster_size_K8.csv
2012_03_to_2017_03,73,100%,KMeans,euclidean,mca_coordinates,8,8192.0,5.0,,,,0.004556209656675192,3.419407741706304,1396.7337965491313,10000,,,,,1.29612398147583,,2012_03_to_2017_03_hyperparameter_tuning_results/mca73_euclidean_kmeans_bs8192_ninit5_labels_K8.npy,,,2012_03_to_2017_03_hyperparameter_tuning_results/mca73_euclidean_kmeans_bs8192_ninit5_cluster_size_K8.csv
2012_03_to_2017_03,73,100%,KMeans,euclidean,mca_coordinates,8,8192.0,10.0,,,,0.020125470907091,3.2896593651747783,1428.52052115008,10000,,,,,1.5192897319793701,,2012_03_to_2017_03_hyperparameter_tuning_results/mca73_euclidean_kmeans_bs8192_ninit10_labels_K8.npy,,,2012_03_to_2017_03_hyperparameter_tuning_results/mca73_euclidean_kmeans_bs8192_ninit10_cluster_size_K8.csv
2012_03_to_2017_03,73,100%,KMeans,euclidean,mca_coordinates,8,8192.0,20.0,,,,0.008430565104981438,3.288221016977838,1448.5760165891386,10000,,,,,2.178529739379883,,2012_03_to_2017_03_hyperparameter_tuning_results/mca73_euclidean_kmeans_bs8192_ninit20_labels_K8.npy,,,2012_03_to_2017_03_hyperparameter_tuning_results/mca73_euclidean_kmeans_bs8192_ninit20_cluster_size_K8.csv
2012_03_to_2017_03,73,100%,KMeans,euclidean,mca_coordinates,8,16384.0,5.0,,,,0.04922613707091129,3.093642692783211,1350.2610380730637,10000,,,,,1.5242860317230225,,2012_03_to_2017_03_hyperparameter_tuning_results/mca73_euclidean_kmeans_bs16384_ninit5_labels_K8.npy,,,2012_03_to_2017_03_hyperparameter_tuning_results/mca73_euclidean_kmeans_bs16384_ninit5_cluster_size_K8.csv
2012_03_to_2017_03,73,100%,KMeans,euclidean,mca_coordinates,8,16384.0,10.0,,,,0.06942359720009654,3.1894707554484993,1394.843935876561,10000,,,,,2.0685830116271973,,2012_03_to_2017_03_hyperparameter_tuning_results/mca73_euclidean_kmeans_bs16384_ninit10_labels_K8.npy,,,2012_03_to_2017_03_hyperparameter_tuning_results/mca73_euclidean_kmeans_bs16384_ninit10_cluster_size_K8.csv
2012_03_to_2017_03,73,100%,KMeans,euclidean,mca_coordinates,8,16384.0,20.0,,,,0.03895051688215458,3.490029568959949,1358.1135223125548,10000,,,,,2.2876579761505127,,2012_03_to_2017_03_hyperparameter_tuning_results/mca73_euclidean_kmeans_bs16384_ninit20_labels_K8.npy,,,2012_03_to_2017_03_hyperparameter_tuning_results/mca73_euclidean_kmeans_bs16384_ninit20_cluster_size_K8.csv
2012_03_to_2017_03,73,100%,FCM,euclidean,mca_coordinates,8,,,1.1,0.01,300.0,-0.0029652519530111022,4.22476800856084,1008.8206623018699,10000,0.5096191273597853,0.6044202097538162,0.41571648298567415,,20.094165802001953,,2012_03_to_2017_03_hyperparameter_tuning_results/mca73_euclidean_fcm_m1p1_labels_K8.npy,2012_03_to_2017_03_hyperparameter_tuning_results/mca73_euclidean_fcm_m1p1_membership_K8.npy,,2012_03_to_2017_03_hyperparameter_tuning_results/mca73_euclidean_fcm_m1p1_cluster_size_K8.csv
2012_03_to_2017_03,73,100%,FCM,euclidean,mca_coordinates,8,,,1.2,0.01,300.0,-0.0013845733211041108,8.925253712297076,257.92678779851155,10000,0.12500052727841562,0.1252316265145474,1.0,,1.6475152969360352,,2012_03_to_2017_03_hyperparameter_tuning_results/mca73_euclidean_fcm_m1p2_labels_K8.npy,2012_03_to_2017_03_hyperparameter_tuning_results/mca73_euclidean_fcm_m1p2_membership_K8.npy,,2012_03_to_2017_03_hyperparameter_tuning_results/mca73_euclidean_fcm_m1p2_cluster_size_K8.csv
2012_03_to_2017_03,73,100%,FCM,euclidean,mca_coordinates,8,,,1.3,0.01,300.0,-0.002664924848282008,9.114430347008428,265.3099541185122,10000,0.12500000557198512,0.12502262973739886,1.0,,1.7941739559173584,,2012_03_to_2017_03_hyperparameter_tuning_results/mca73_euclidean_fcm_m1p3_labels_K8.npy,2012_03_to_2017_03_hyperparameter_tuning_results/mca73_euclidean_fcm_m1p3_membership_K8.npy,,2012_03_to_2017_03_hyperparameter_tuning_results/mca73_euclidean_fcm_m1p3_cluster_size_K8.csv
2012_03_to_2017_03,73,100%,FCM,euclidean,mca_coordinates,8,,,1.4,0.01,300.0,-0.06570647905285823,8.582365858328483,324.9696793592043,10000,0.12500000082664178,0.12500836401406154,1.0,,1.5297868251800537,,2012_03_to_2017_03_hyperparameter_tuning_results/mca73_euclidean_fcm_m1p4_labels_K8.npy,2012_03_to_2017_03_hyperparameter_tuning_results/mca73_euclidean_fcm_m1p4_membership_K8.npy,,2012_03_to_2017_03_hyperparameter_tuning_results/mca73_euclidean_fcm_m1p4_cluster_size_K8.csv
2012_03_to_2017_03,73,100%,FCM,euclidean,mca_coordinates,8,,,1.5,0.01,300.0,-0.0722891045175789,7.952219464995204,379.3993172944604,10000,0.1250000005261667,0.1250066433371303,1.0,,1.3917810916900635,,2012_03_to_2017_03_hyperparameter_tuning_results/mca73_euclidean_fcm_m1p5_labels_K8.npy,2012_03_to_2017_03_hyperparameter_tuning_results/mca73_euclidean_fcm_m1p5_membership_K8.npy,,2012_03_to_2017_03_hyperparameter_tuning_results/mca73_euclidean_fcm_m1p5_cluster_size_K8.csv
2012_03_to_2017_03,73,100%,FCM,euclidean,mca_coordinates,8,,,1.6,0.01,300.0,-0.023642666329575148,8.147145309860532,356.74721387566564,10000,0.1250000001626573,0.1250037521597941,1.0,,1.46573805809021,,2012_03_to_2017_03_hyperparameter_tuning_results/mca73_euclidean_fcm_m1p6_labels_K8.npy,2012_03_to_2017_03_hyperparameter_tuning_results/mca73_euclidean_fcm_m1p6_membership_K8.npy,,2012_03_to_2017_03_hyperparameter_tuning_results/mca73_euclidean_fcm_m1p6_cluster_size_K8.csv
2012_03_to_2017_03,73,100%,FCM,euclidean,mca_coordinates,8,,,1.7,0.01,300.0,-0.03672135287379565,7.092148969264638,417.26127170241523,10000,0.12500000040243933,0.12500624497695714,1.0,,1.421597957611084,,2012_03_to_2017_03_hyperparameter_tuning_results/mca73_euclidean_fcm_m1p7_labels_K8.npy,2012_03_to_2017_03_hyperparameter_tuning_results/mca73_euclidean_fcm_m1p7_membership_K8.npy,,2012_03_to_2017_03_hyperparameter_tuning_results/mca73_euclidean_fcm_m1p7_cluster_size_K8.csv
2012_03_to_2017_03,73,100%,FCM,euclidean,mca_coordinates,8,,,1.8,0.01,300.0,-0.0368932428934171,6.863330345583948,420.4126216313562,10000,0.12500000021913268,0.12500469871791456,1.0,,1.404676914215088,,2012_03_to_2017_03_hyperparameter_tuning_results/mca73_euclidean_fcm_m1p8_labels_K8.npy,2012_03_to_2017_03_hyperparameter_tuning_results/mca73_euclidean_fcm_m1p8_membership_K8.npy,,2012_03_to_2017_03_hyperparameter_tuning_results/mca73_euclidean_fcm_m1p8_cluster_size_K8.csv
2012_03_to_2017_03,73,100%,FCM,euclidean,mca_coordinates,8,,,1.9,0.01,300.0,-0.0225711795720302,6.832984399954985,423.8075891043954,10000,0.12500000013208434,0.12500371921507256,1.0,,1.3814640045166016,,2012_03_to_2017_03_hyperparameter_tuning_results/mca73_euclidean_fcm_m1p9_labels_K8.npy,2012_03_to_2017_03_hyperparameter_tuning_results/mca73_euclidean_fcm_m1p9_membership_K8.npy,,2012_03_to_2017_03_hyperparameter_tuning_results/mca73_euclidean_fcm_m1p9_cluster_size_K8.csv
2012_03_to_2017_03,73,100%,FCM,euclidean,mca_coordinates,8,,,2.0,0.01,300.0,-0.02104559878747364,6.73707816457746,427.13543497990855,10000,0.1250000000860484,0.1250030558918249,1.0,,1.1969914436340332,,2012_03_to_2017_03_hyperparameter_tuning_results/mca73_euclidean_fcm_m2p0_labels_K8.npy,2012_03_to_2017_03_hyperparameter_tuning_results/mca73_euclidean_fcm_m2p0_membership_K8.npy,,2012_03_to_2017_03_hyperparameter_tuning_results/mca73_euclidean_fcm_m2p0_cluster_size_K8.csv
2012_03_to_2017_03,73,100%,FCM,euclidean,mca_coordinates,8,,,4.0,0.01,300.0,-0.022004060533232835,6.444060616254784,345.2353260557057,10000,0.12500000000448502,0.12500082747078897,1.0,,1.406005859375,,2012_03_to_2017_03_hyperparameter_tuning_results/mca73_euclidean_fcm_m4p0_labels_K8.npy,2012_03_to_2017_03_hyperparameter_tuning_results/mca73_euclidean_fcm_m4p0_membership_K8.npy,,2012_03_to_2017_03_hyperparameter_tuning_results/mca73_euclidean_fcm_m4p0_cluster_size_K8.csv
2012_03_to_2017_03,not_used,not_used,JaccardPrototypeKMeans,jaccard,raw_binary_disease_matrix,3,4096.0,5.0,,,100.0,0.05916691771179655,,,10000,,,,0.7769561602286602,4.016026020050049,,2012_03_to_2017_03_hyperparameter_tuning_results/rawbinary_jaccard_kmeans_bs4096_ninit5_labels_K3.npy,,2012_03_to_2017_03_hyperparameter_tuning_results/rawbinary_jaccard_kmeans_bs4096_ninit5_centers_K3.npy,2012_03_to_2017_03_hyperparameter_tuning_results/rawbinary_jaccard_kmeans_bs4096_ninit5_cluster_size_K3.csv
2012_03_to_2017_03,not_used,not_used,JaccardPrototypeKMeans,jaccard,raw_binary_disease_matrix,3,4096.0,10.0,,,100.0,0.05916691771179655,,,10000,,,,0.7769561602286602,3.797389030456543,,2012_03_to_2017_03_hyperparameter_tuning_results/rawbinary_jaccard_kmeans_bs4096_ninit10_labels_K3.npy,,2012_03_to_2017_03_hyperparameter_tuning_results/rawbinary_jaccard_kmeans_bs4096_ninit10_centers_K3.npy,2012_03_to_2017_03_hyperparameter_tuning_results/rawbinary_jaccard_kmeans_bs4096_ninit10_cluster_size_K3.csv
2012_03_to_2017_03,not_used,not_used,JaccardPrototypeKMeans,jaccard,raw_binary_disease_matrix,3,4096.0,20.0,,,100.0,0.08993271586203416,,,10000,,,,0.7492772444222444,3.9115378856658936,,2012_03_to_2017_03_hyperparameter_tuning_results/rawbinary_jaccard_kmeans_bs4096_ninit20_labels_K3.npy,,2012_03_to_2017_03_hyperparameter_tuning_results/rawbinary_jaccard_kmeans_bs4096_ninit20_centers_K3.npy,2012_03_to_2017_03_hyperparameter_tuning_results/rawbinary_jaccard_kmeans_bs4096_ninit20_cluster_size_K3.csv
2012_03_to_2017_03,not_used,not_used,JaccardPrototypeKMeans,jaccard,raw_binary_disease_matrix,3,8192.0,5.0,,,100.0,0.07176956785347414,,,10000,,,,0.7492600233100234,3.779276132583618,,2012_03_to_2017_03_hyperparameter_tuning_results/rawbinary_jaccard_kmeans_bs8192_ninit5_labels_K3.npy,,2012_03_to_2017_03_hyperparameter_tuning_results/rawbinary_jaccard_kmeans_bs8192_ninit5_centers_K3.npy,2012_03_to_2017_03_hyperparameter_tuning_results/rawbinary_jaccard_kmeans_bs8192_ninit5_cluster_size_K3.csv
2012_03_to_2017_03,not_used,not_used,JaccardPrototypeKMeans,jaccard,raw_binary_disease_matrix,3,8192.0,10.0,,,100.0,0.07176956785347414,,,10000,,,,0.7492600233100234,3.8670079708099365,,2012_03_to_2017_03_hyperparameter_tuning_results/rawbinary_jaccard_kmeans_bs8192_ninit10_labels_K3.npy,,2012_03_to_2017_03_hyperparameter_tuning_results/rawbinary_jaccard_kmeans_bs8192_ninit10_centers_K3.npy,2012_03_to_2017_03_hyperparameter_tuning_results/rawbinary_jaccard_kmeans_bs8192_ninit10_cluster_size_K3.csv
2012_03_to_2017_03,not_used,not_used,JaccardPrototypeKMeans,jaccard,raw_binary_disease_matrix,3,8192.0,20.0,,,100.0,0.07176956785347414,,,10000,,,,0.7492600233100234,3.9274230003356934,,2012_03_to_2017_03_hyperparameter_tuning_results/rawbinary_jaccard_kmeans_bs8192_ninit20_labels_K3.npy,,2012_03_to_2017_03_hyperparameter_tuning_results/rawbinary_jaccard_kmeans_bs8192_ninit20_centers_K3.npy,2012_03_to_2017_03_hyperparameter_tuning_results/rawbinary_jaccard_kmeans_bs8192_ninit20_cluster_size_K3.csv
2012_03_to_2017_03,not_used,not_used,JaccardPrototypeKMeans,jaccard,raw_binary_disease_matrix,3,16384.0,5.0,,,100.0,0.07754992716053338,,,10000,,,,0.7602430162892663,3.852159023284912,,2012_03_to_2017_03_hyperparameter_tuning_results/rawbinary_jaccard_kmeans_bs16384_ninit5_labels_K3.npy,,2012_03_to_2017_03_hyperparameter_tuning_results/rawbinary_jaccard_kmeans_bs16384_ninit5_centers_K3.npy,2012_03_to_2017_03_hyperparameter_tuning_results/rawbinary_jaccard_kmeans_bs16384_ninit5_cluster_size_K3.csv
2012_03_to_2017_03,not_used,not_used,JaccardPrototypeKMeans,jaccard,raw_binary_disease_matrix,3,16384.0,10.0,,,100.0,0.07754992716053338,,,10000,,,,0.7602430162892663,3.910172939300537,,2012_03_to_2017_03_hyperparameter_tuning_results/rawbinary_jaccard_kmeans_bs16384_ninit10_labels_K3.npy,,2012_03_to_2017_03_hyperparameter_tuning_results/rawbinary_jaccard_kmeans_bs16384_ninit10_centers_K3.npy,2012_03_to_2017_03_hyperparameter_tuning_results/rawbinary_jaccard_kmeans_bs16384_ninit10_cluster_size_K3.csv
2012_03_to_2017_03,not_used,not_used,JaccardPrototypeKMeans,jaccard,raw_binary_disease_matrix,3,16384.0,20.0,,,100.0,0.07754992716053338,,,10000,,,,0.7602430162892663,4.058401823043823,,2012_03_to_2017_03_hyperparameter_tuning_results/rawbinary_jaccard_kmeans_bs16384_ninit20_labels_K3.npy,,2012_03_to_2017_03_hyperparameter_tuning_results/rawbinary_jaccard_kmeans_bs16384_ninit20_centers_K3.npy,2012_03_to_2017_03_hyperparameter_tuning_results/rawbinary_jaccard_kmeans_bs16384_ninit20_cluster_size_K3.csv
2012_03_to_2017_03,not_used,not_used,JaccardPrototypeFCM,jaccard,raw_binary_disease_matrix,3,,,1.1,0.01,100.0,0.05916691771179655,,,10000,0.6512335721533616,0.6600537266571035,0.5613774167715364,,3.9330198764801025,,2012_03_to_2017_03_hyperparameter_tuning_results/rawbinary_jaccard_fcm_m1p1_labels_K3.npy,2012_03_to_2017_03_hyperparameter_tuning_results/rawbinary_jaccard_fcm_m1p1_membership_K3.npy,2012_03_to_2017_03_hyperparameter_tuning_results/rawbinary_jaccard_fcm_m1p1_centers_K3.npy,2012_03_to_2017_03_hyperparameter_tuning_results/rawbinary_jaccard_fcm_m1p1_cluster_size_K3.csv
2012_03_to_2017_03,not_used,not_used,JaccardPrototypeFCM,jaccard,raw_binary_disease_matrix,3,,,1.2,0.01,100.0,0.05916691771179655,,,10000,0.5851101352202934,0.6195756271515683,0.561428262721021,,4.012688159942627,,2012_03_to_2017_03_hyperparameter_tuning_results/rawbinary_jaccard_fcm_m1p2_labels_K3.npy,2012_03_to_2017_03_hyperparameter_tuning_results/rawbinary_jaccard_fcm_m1p2_membership_K3.npy,2012_03_to_2017_03_hyperparameter_tuning_results/rawbinary_jaccard_fcm_m1p2_centers_K3.npy,2012_03_to_2017_03_hyperparameter_tuning_results/rawbinary_jaccard_fcm_m1p2_cluster_size_K3.csv
2012_03_to_2017_03,not_used,not_used,JaccardPrototypeFCM,jaccard,raw_binary_disease_matrix,3,,,1.3,0.01,100.0,0.05207750828478384,,,10000,0.5077048508005626,0.563718760526749,0.5509031511777193,,3.9179930686950684,,2012_03_to_2017_03_hyperparameter_tuning_results/rawbinary_jaccard_fcm_m1p3_labels_K3.npy,2012_03_to_2017_03_hyperparameter_tuning_results/rawbinary_jaccard_fcm_m1p3_membership_K3.npy,2012_03_to_2017_03_hyperparameter_tuning_results/rawbinary_jaccard_fcm_m1p3_centers_K3.npy,2012_03_to_2017_03_hyperparameter_tuning_results/rawbinary_jaccard_fcm_m1p3_cluster_size_K3.csv
2012_03_to_2017_03,not_used,not_used,JaccardPrototypeFCM,jaccard,raw_binary_disease_matrix,3,,,1.4,0.01,100.0,0.05207750828478384,,,10000,0.4662897337076908,0.5289676723034316,0.58310134868881,,4.028059244155884,,2012_03_to_2017_03_hyperparameter_tuning_results/rawbinary_jaccard_fcm_m1p4_labels_K3.npy,2012_03_to_2017_03_hyperparameter_tuning_results/rawbinary_jaccard_fcm_m1p4_membership_K3.npy,2012_03_to_2017_03_hyperparameter_tuning_results/rawbinary_jaccard_fcm_m1p4_centers_K3.npy,2012_03_to_2017_03_hyperparameter_tuning_results/rawbinary_jaccard_fcm_m1p4_cluster_size_K3.csv
2012_03_to_2017_03,not_used,not_used,JaccardPrototypeFCM,jaccard,raw_binary_disease_matrix,3,,,1.5,0.01,100.0,0.05207750828478384,,,10000,0.43742965828353575,0.5021972193342027,0.611524234450673,,3.960745096206665,,2012_03_to_2017_03_hyperparameter_tuning_results/rawbinary_jaccard_fcm_m1p5_labels_K3.npy,2012_03_to_2017_03_hyperparameter_tuning_results/rawbinary_jaccard_fcm_m1p5_membership_K3.npy,2012_03_to_2017_03_hyperparameter_tuning_results/rawbinary_jaccard_fcm_m1p5_centers_K3.npy,2012_03_to_2017_03_hyperparameter_tuning_results/rawbinary_jaccard_fcm_m1p5_cluster_size_K3.csv
2012_03_to_2017_03,not_used,not_used,JaccardPrototypeFCM,jaccard,raw_binary_disease_matrix,3,,,1.6,0.01,100.0,0.05207750828478384,,,10000,0.41697096578844545,0.4813617720680712,0.6551500591084163,,3.9321448802948,,2012_03_to_2017_03_hyperparameter_tuning_results/rawbinary_jaccard_fcm_m1p6_labels_K3.npy,2012_03_to_2017_03_hyperparameter_tuning_results/rawbinary_jaccard_fcm_m1p6_membership_K3.npy,2012_03_to_2017_03_hyperparameter_tuning_results/rawbinary_jaccard_fcm_m1p6_centers_K3.npy,2012_03_to_2017_03_hyperparameter_tuning_results/rawbinary_jaccard_fcm_m1p6_cluster_size_K3.csv
2012_03_to_2017_03,not_used,not_used,JaccardPrototypeFCM,jaccard,raw_binary_disease_matrix,3,,,1.7,0.01,100.0,0.05207750828478384,,,10000,0.40228069544745154,0.4649295210969296,0.7163558708004424,,3.9920198917388916,,2012_03_to_2017_03_hyperparameter_tuning_results/rawbinary_jaccard_fcm_m1p7_labels_K3.npy,2012_03_to_2017_03_hyperparameter_tuning_results/rawbinary_jaccard_fcm_m1p7_membership_K3.npy,2012_03_to_2017_03_hyperparameter_tuning_results/rawbinary_jaccard_fcm_m1p7_centers_K3.npy,2012_03_to_2017_03_hyperparameter_tuning_results/rawbinary_jaccard_fcm_m1p7_cluster_size_K3.csv
2012_03_to_2017_03,not_used,not_used,JaccardPrototypeFCM,jaccard,raw_binary_disease_matrix,3,,,1.8,0.01,100.0,0.05207750828478384,,,10000,0.3915853212235213,0.4517848398839051,0.7163558708004424,,3.966365098953247,,2012_03_to_2017_03_hyperparameter_tuning_results/rawbinary_jaccard_fcm_m1p8_labels_K3.npy,2012_03_to_2017_03_hyperparameter_tuning_results/rawbinary_jaccard_fcm_m1p8_membership_K3.npy,2012_03_to_2017_03_hyperparameter_tuning_results/rawbinary_jaccard_fcm_m1p8_centers_K3.npy,2012_03_to_2017_03_hyperparameter_tuning_results/rawbinary_jaccard_fcm_m1p8_cluster_size_K3.csv
2012_03_to_2017_03,not_used,not_used,JaccardPrototypeFCM,jaccard,raw_binary_disease_matrix,3,,,1.9,0.01,100.0,0.05207750828478384,,,10000,0.38367278159565477,0.44111716572554843,0.7939467897138645,,4.07041072845459,,2012_03_to_2017_03_hyperparameter_tuning_results/rawbinary_jaccard_fcm_m1p9_labels_K3.npy,2012_03_to_2017_03_hyperparameter_tuning_results/rawbinary_jaccard_fcm_m1p9_membership_K3.npy,2012_03_to_2017_03_hyperparameter_tuning_results/rawbinary_jaccard_fcm_m1p9_centers_K3.npy,2012_03_to_2017_03_hyperparameter_tuning_results/rawbinary_jaccard_fcm_m1p9_cluster_size_K3.csv
2012_03_to_2017_03,not_used,not_used,JaccardPrototypeFCM,jaccard,raw_binary_disease_matrix,3,,,2.0,0.01,100.0,0.05207750828478384,,,10000,0.37771756448669713,0.4323373559966927,0.7939467897138645,,3.950234889984131,,2012_03_to_2017_03_hyperparameter_tuning_results/rawbinary_jaccard_fcm_m2p0_labels_K3.npy,2012_03_to_2017_03_hyperparameter_tuning_results/rawbinary_jaccard_fcm_m2p0_membership_K3.npy,2012_03_to_2017_03_hyperparameter_tuning_results/rawbinary_jaccard_fcm_m2p0_centers_K3.npy,2012_03_to_2017_03_hyperparameter_tuning_results/rawbinary_jaccard_fcm_m2p0_cluster_size_K3.csv
2012_03_to_2017_03,not_used,not_used,JaccardPrototypeFCM,jaccard,raw_binary_disease_matrix,3,,,4.0,0.01,100.0,0.05207750828478384,,,10000,0.3534046669411429,0.3772954367095581,0.9743863529471584,,3.9751741886138916,,2012_03_to_2017_03_hyperparameter_tuning_results/rawbinary_jaccard_fcm_m4p0_labels_K3.npy,2012_03_to_2017_03_hyperparameter_tuning_results/rawbinary_jaccard_fcm_m4p0_membership_K3.npy,2012_03_to_2017_03_hyperparameter_tuning_results/rawbinary_jaccard_fcm_m4p0_centers_K3.npy,2012_03_to_2017_03_hyperparameter_tuning_results/rawbinary_jaccard_fcm_m4p0_cluster_size_K3.csv
2012_03_to_2017_03,not_used,not_used,JaccardPrototypeKMeans,jaccard,raw_binary_disease_matrix,4,4096.0,5.0,,,100.0,0.09707168953701743,,,10000,,,,0.7463948028360528,3.7263548374176025,,2012_03_to_2017_03_hyperparameter_tuning_results/rawbinary_jaccard_kmeans_bs4096_ninit5_labels_K4.npy,,2012_03_to_2017_03_hyperparameter_tuning_results/rawbinary_jaccard_kmeans_bs4096_ninit5_centers_K4.npy,2012_03_to_2017_03_hyperparameter_tuning_results/rawbinary_jaccard_kmeans_bs4096_ninit5_cluster_size_K4.csv
2012_03_to_2017_03,not_used,not_used,JaccardPrototypeKMeans,jaccard,raw_binary_disease_matrix,4,4096.0,10.0,,,100.0,0.07431598334402259,,,10000,,,,0.7259791679154179,3.8740317821502686,,2012_03_to_2017_03_hyperparameter_tuning_results/rawbinary_jaccard_kmeans_bs4096_ninit10_labels_K4.npy,,2012_03_to_2017_03_hyperparameter_tuning_results/rawbinary_jaccard_kmeans_bs4096_ninit10_centers_K4.npy,2012_03_to_2017_03_hyperparameter_tuning_results/rawbinary_jaccard_kmeans_bs4096_ninit10_cluster_size_K4.csv
2012_03_to_2017_03,not_used,not_used,JaccardPrototypeKMeans,jaccard,raw_binary_disease_matrix,4,4096.0,20.0,,,100.0,0.0697650805687186,,,10000,,,,0.7175570676545676,3.8870439529418945,,2012_03_to_2017_03_hyperparameter_tuning_results/rawbinary_jaccard_kmeans_bs4096_ninit20_labels_K4.npy,,2012_03_to_2017_03_hyperparameter_tuning_results/rawbinary_jaccard_kmeans_bs4096_ninit20_centers_K4.npy,2012_03_to_2017_03_hyperparameter_tuning_results/rawbinary_jaccard_kmeans_bs4096_ninit20_cluster_size_K4.csv
2012_03_to_2017_03,not_used,not_used,JaccardPrototypeKMeans,jaccard,raw_binary_disease_matrix,4,8192.0,5.0,,,100.0,0.09707168953701743,,,10000,,,,0.7463948028360528,3.821408987045288,,2012_03_to_2017_03_hyperparameter_tuning_results/rawbinary_jaccard_kmeans_bs8192_ninit5_labels_K4.npy,,2012_03_to_2017_03_hyperparameter_tuning_results/rawbinary_jaccard_kmeans_bs8192_ninit5_centers_K4.npy,2012_03_to_2017_03_hyperparameter_tuning_results/rawbinary_jaccard_kmeans_bs8192_ninit5_cluster_size_K4.csv
2012_03_to_2017_03,not_used,not_used,JaccardPrototypeKMeans,jaccard,raw_binary_disease_matrix,4,8192.0,10.0,,,100.0,0.09707168953701743,,,10000,,,,0.7463948028360528,3.868657112121582,,2012_03_to_2017_03_hyperparameter_tuning_results/rawbinary_jaccard_kmeans_bs8192_ninit10_labels_K4.npy,,2012_03_to_2017_03_hyperparameter_tuning_results/rawbinary_jaccard_kmeans_bs8192_ninit10_centers_K4.npy,2012_03_to_2017_03_hyperparameter_tuning_results/rawbinary_jaccard_kmeans_bs8192_ninit10_cluster_size_K4.csv
2012_03_to_2017_03,not_used,not_used,JaccardPrototypeKMeans,jaccard,raw_binary_disease_matrix,4,8192.0,20.0,,,100.0,0.07200538633176908,,,10000,,,,0.7025275717338217,3.9012610912323,,2012_03_to_2017_03_hyperparameter_tuning_results/rawbinary_jaccard_kmeans_bs8192_ninit20_labels_K4.npy,,2012_03_to_2017_03_hyperparameter_tuning_results/rawbinary_jaccard_kmeans_bs8192_ninit20_centers_K4.npy,2012_03_to_2017_03_hyperparameter_tuning_results/rawbinary_jaccard_kmeans_bs8192_ninit20_cluster_size_K4.csv
2012_03_to_2017_03,not_used,not_used,JaccardPrototypeKMeans,jaccard,raw_binary_disease_matrix,4,16384.0,5.0,,,100.0,0.0467138113599364,,,10000,,,,0.7155329853479854,3.9672939777374268,,2012_03_to_2017_03_hyperparameter_tuning_results/rawbinary_jaccard_kmeans_bs16384_ninit5_labels_K4.npy,,2012_03_to_2017_03_hyperparameter_tuning_results/rawbinary_jaccard_kmeans_bs16384_ninit5_centers_K4.npy,2012_03_to_2017_03_hyperparameter_tuning_results/rawbinary_jaccard_kmeans_bs16384_ninit5_cluster_size_K4.csv
2012_03_to_2017_03,not_used,not_used,JaccardPrototypeKMeans,jaccard,raw_binary_disease_matrix,4,16384.0,10.0,,,100.0,0.0467138113599364,,,10000,,,,0.7155329853479854,4.156010150909424,,2012_03_to_2017_03_hyperparameter_tuning_results/rawbinary_jaccard_kmeans_bs16384_ninit10_labels_K4.npy,,2012_03_to_2017_03_hyperparameter_tuning_results/rawbinary_jaccard_kmeans_bs16384_ninit10_centers_K4.npy,2012_03_to_2017_03_hyperparameter_tuning_results/rawbinary_jaccard_kmeans_bs16384_ninit10_cluster_size_K4.csv
2012_03_to_2017_03,not_used,not_used,JaccardPrototypeKMeans,jaccard,raw_binary_disease_matrix,4,16384.0,20.0,,,100.0,0.0467138113599364,,,10000,,,,0.7155329853479854,4.152815818786621,,2012_03_to_2017_03_hyperparameter_tuning_results/rawbinary_jaccard_kmeans_bs16384_ninit20_labels_K4.npy,,2012_03_to_2017_03_hyperparameter_tuning_results/rawbinary_jaccard_kmeans_bs16384_ninit20_centers_K4.npy,2012_03_to_2017_03_hyperparameter_tuning_results/rawbinary_jaccard_kmeans_bs16384_ninit20_cluster_size_K4.csv
2012_03_to_2017_03,not_used,not_used,JaccardPrototypeFCM,jaccard,raw_binary_disease_matrix,4,,,1.1,0.01,100.0,0.0801991943176141,,,10000,0.6614686619671943,0.6826187562421326,0.4459443999542386,,3.872262954711914,,2012_03_to_2017_03_hyperparameter_tuning_results/rawbinary_jaccard_fcm_m1p1_labels_K4.npy,2012_03_to_2017_03_hyperparameter_tuning_results/rawbinary_jaccard_fcm_m1p1_membership_K4.npy,2012_03_to_2017_03_hyperparameter_tuning_results/rawbinary_jaccard_fcm_m1p1_centers_K4.npy,2012_03_to_2017_03_hyperparameter_tuning_results/rawbinary_jaccard_fcm_m1p1_cluster_size_K4.csv
2012_03_to_2017_03,not_used,not_used,JaccardPrototypeFCM,jaccard,raw_binary_disease_matrix,4,,,1.2,0.01,100.0,0.06775879784256404,,,10000,0.5208245257446615,0.5610945605613216,0.6106090073599512,,4.006165027618408,,2012_03_to_2017_03_hyperparameter_tuning_results/rawbinary_jaccard_fcm_m1p2_labels_K4.npy,2012_03_to_2017_03_hyperparameter_tuning_results/rawbinary_jaccard_fcm_m1p2_membership_K4.npy,2012_03_to_2017_03_hyperparameter_tuning_results/rawbinary_jaccard_fcm_m1p2_centers_K4.npy,2012_03_to_2017_03_hyperparameter_tuning_results/rawbinary_jaccard_fcm_m1p2_cluster_size_K4.csv
2012_03_to_2017_03,not_used,not_used,JaccardPrototypeFCM,jaccard,raw_binary_disease_matrix,4,,,1.3,0.01,100.0,0.0891301832770242,,,10000,0.45573025426859926,0.5214389915761939,0.6014694479401035,,3.983863115310669,,2012_03_to_2017_03_hyperparameter_tuning_results/rawbinary_jaccard_fcm_m1p3_labels_K4.npy,2012_03_to_2017_03_hyperparameter_tuning_results/rawbinary_jaccard_fcm_m1p3_membership_K4.npy,2012_03_to_2017_03_hyperparameter_tuning_results/rawbinary_jaccard_fcm_m1p3_centers_K4.npy,2012_03_to_2017_03_hyperparameter_tuning_results/rawbinary_jaccard_fcm_m1p3_cluster_size_K4.csv
2012_03_to_2017_03,not_used,not_used,JaccardPrototypeFCM,jaccard,raw_binary_disease_matrix,4,,,1.4,0.01,100.0,0.0891301832770242,,,10000,0.40443234037442183,0.4781918405623464,0.6348625252640812,,3.9570810794830322,,2012_03_to_2017_03_hyperparameter_tuning_results/rawbinary_jaccard_fcm_m1p4_labels_K4.npy,2012_03_to_2017_03_hyperparameter_tuning_results/rawbinary_jaccard_fcm_m1p4_membership_K4.npy,2012_03_to_2017_03_hyperparameter_tuning_results/rawbinary_jaccard_fcm_m1p4_centers_K4.npy,2012_03_to_2017_03_hyperparameter_tuning_results/rawbinary_jaccard_fcm_m1p4_cluster_size_K4.csv
2012_03_to_2017_03,not_used,not_used,JaccardPrototypeFCM,jaccard,raw_binary_disease_matrix,4,,,1.5,0.01,100.0,0.0891301832770242,,,10000,0.3688012868213182,0.44491589974907375,0.6876151978543009,,3.8763949871063232,,2012_03_to_2017_03_hyperparameter_tuning_results/rawbinary_jaccard_fcm_m1p5_labels_K4.npy,2012_03_to_2017_03_hyperparameter_tuning_results/rawbinary_jaccard_fcm_m1p5_membership_K4.npy,2012_03_to_2017_03_hyperparameter_tuning_results/rawbinary_jaccard_fcm_m1p5_centers_K4.npy,2012_03_to_2017_03_hyperparameter_tuning_results/rawbinary_jaccard_fcm_m1p5_cluster_size_K4.csv
2012_03_to_2017_03,not_used,not_used,JaccardPrototypeFCM,jaccard,raw_binary_disease_matrix,4,,,1.6,0.01,100.0,0.0891301832770242,,,10000,0.34401268933194795,0.41924828024900745,0.7644561390128259,,3.987260103225708,,2012_03_to_2017_03_hyperparameter_tuning_results/rawbinary_jaccard_fcm_m1p6_labels_K4.npy,2012_03_to_2017_03_hyperparameter_tuning_results/rawbinary_jaccard_fcm_m1p6_membership_K4.npy,2012_03_to_2017_03_hyperparameter_tuning_results/rawbinary_jaccard_fcm_m1p6_centers_K4.npy,2012_03_to_2017_03_hyperparameter_tuning_results/rawbinary_jaccard_fcm_m1p6_cluster_size_K4.csv
2012_03_to_2017_03,not_used,not_used,JaccardPrototypeFCM,jaccard,raw_binary_disease_matrix,4,,,1.7,0.01,100.0,0.0891301832770242,,,10000,0.326723464536913,0.39928520481399427,0.7644561390128259,,3.86759090423584,,2012_03_to_2017_03_hyperparameter_tuning_results/rawbinary_jaccard_fcm_m1p7_labels_K4.npy,2012_03_to_2017_03_hyperparameter_tuning_results/rawbinary_jaccard_fcm_m1p7_membership_K4.npy,2012_03_to_2017_03_hyperparameter_tuning_results/rawbinary_jaccard_fcm_m1p7_centers_K4.npy,2012_03_to_2017_03_hyperparameter_tuning_results/rawbinary_jaccard_fcm_m1p7_cluster_size_K4.csv
2012_03_to_2017_03,not_used,not_used,JaccardPrototypeFCM,jaccard,raw_binary_disease_matrix,4,,,1.8,0.01,100.0,0.0891301832770242,,,10000,0.3145328997929219,0.3835643487879333,0.8642158919015114,,3.845276117324829,,2012_03_to_2017_03_hyperparameter_tuning_results/rawbinary_jaccard_fcm_m1p8_labels_K4.npy,2012_03_to_2017_03_hyperparameter_tuning_results/rawbinary_jaccard_fcm_m1p8_membership_K4.npy,2012_03_to_2017_03_hyperparameter_tuning_results/rawbinary_jaccard_fcm_m1p8_centers_K4.npy,2012_03_to_2017_03_hyperparameter_tuning_results/rawbinary_jaccard_fcm_m1p8_cluster_size_K4.csv
2012_03_to_2017_03,not_used,not_used,JaccardPrototypeFCM,jaccard,raw_binary_disease_matrix,4,,,1.9,0.01,100.0,0.0891301832770242,,,10000,0.3057870897859802,0.3710005066520705,0.8642158919015114,,3.840580701828003,,2012_03_to_2017_03_hyperparameter_tuning_results/rawbinary_jaccard_fcm_m1p9_labels_K4.npy,2012_03_to_2017_03_hyperparameter_tuning_results/rawbinary_jaccard_fcm_m1p9_membership_K4.npy,2012_03_to_2017_03_hyperparameter_tuning_results/rawbinary_jaccard_fcm_m1p9_centers_K4.npy,2012_03_to_2017_03_hyperparameter_tuning_results/rawbinary_jaccard_fcm_m1p9_cluster_size_K4.csv
2012_03_to_2017_03,not_used,not_used,JaccardPrototypeFCM,jaccard,raw_binary_disease_matrix,4,,,2.0,0.01,100.0,0.0891301832770242,,,10000,0.2993844797359754,0.36080529793403376,0.8642158919015114,,3.884193181991577,,2012_03_to_2017_03_hyperparameter_tuning_results/rawbinary_jaccard_fcm_m2p0_labels_K4.npy,2012_03_to_2017_03_hyperparameter_tuning_results/rawbinary_jaccard_fcm_m2p0_membership_K4.npy,2012_03_to_2017_03_hyperparameter_tuning_results/rawbinary_jaccard_fcm_m2p0_centers_K4.npy,2012_03_to_2017_03_hyperparameter_tuning_results/rawbinary_jaccard_fcm_m2p0_cluster_size_K4.csv
2012_03_to_2017_03,not_used,not_used,JaccardPrototypeFCM,jaccard,raw_binary_disease_matrix,4,,,4.0,0.01,100.0,0.09707168953701743,,,10000,0.2792700361032522,0.3084838721685378,0.9653611969136509,,3.9237852096557617,,2012_03_to_2017_03_hyperparameter_tuning_results/rawbinary_jaccard_fcm_m4p0_labels_K4.npy,2012_03_to_2017_03_hyperparameter_tuning_results/rawbinary_jaccard_fcm_m4p0_membership_K4.npy,2012_03_to_2017_03_hyperparameter_tuning_results/rawbinary_jaccard_fcm_m4p0_centers_K4.npy,2012_03_to_2017_03_hyperparameter_tuning_results/rawbinary_jaccard_fcm_m4p0_cluster_size_K4.csv
2012_03_to_2017_03,not_used,not_used,JaccardPrototypeKMeans,jaccard,raw_binary_disease_matrix,6,4096.0,5.0,,,100.0,0.09653928825629392,,,10000,,,,0.6806615560828061,3.800823926925659,,2012_03_to_2017_03_hyperparameter_tuning_results/rawbinary_jaccard_kmeans_bs4096_ninit5_labels_K6.npy,,2012_03_to_2017_03_hyperparameter_tuning_results/rawbinary_jaccard_kmeans_bs4096_ninit5_centers_K6.npy,2012_03_to_2017_03_hyperparameter_tuning_results/rawbinary_jaccard_kmeans_bs4096_ninit5_cluster_size_K6.csv
2012_03_to_2017_03,not_used,not_used,JaccardPrototypeKMeans,jaccard,raw_binary_disease_matrix,6,4096.0,10.0,,,100.0,0.09653928825629392,,,10000,,,,0.6806615560828061,3.782510280609131,,2012_03_to_2017_03_hyperparameter_tuning_results/rawbinary_jaccard_kmeans_bs4096_ninit10_labels_K6.npy,,2012_03_to_2017_03_hyperparameter_tuning_results/rawbinary_jaccard_kmeans_bs4096_ninit10_centers_K6.npy,2012_03_to_2017_03_hyperparameter_tuning_results/rawbinary_jaccard_kmeans_bs4096_ninit10_cluster_size_K6.csv
2012_03_to_2017_03,not_used,not_used,JaccardPrototypeKMeans,jaccard,raw_binary_disease_matrix,6,4096.0,20.0,,,100.0,0.09653928825629392,,,10000,,,,0.6806615560828061,3.8832602500915527,,2012_03_to_2017_03_hyperparameter_tuning_results/rawbinary_jaccard_kmeans_bs4096_ninit20_labels_K6.npy,,2012_03_to_2017_03_hyperparameter_tuning_results/rawbinary_jaccard_kmeans_bs4096_ninit20_centers_K6.npy,2012_03_to_2017_03_hyperparameter_tuning_results/rawbinary_jaccard_kmeans_bs4096_ninit20_cluster_size_K6.csv
2012_03_to_2017_03,not_used,not_used,JaccardPrototypeKMeans,jaccard,raw_binary_disease_matrix,6,8192.0,5.0,,,100.0,0.0740916335560036,,,10000,,,,0.6928950004162504,3.794569969177246,,2012_03_to_2017_03_hyperparameter_tuning_results/rawbinary_jaccard_kmeans_bs8192_ninit5_labels_K6.npy,,2012_03_to_2017_03_hyperparameter_tuning_results/rawbinary_jaccard_kmeans_bs8192_ninit5_centers_K6.npy,2012_03_to_2017_03_hyperparameter_tuning_results/rawbinary_jaccard_kmeans_bs8192_ninit5_cluster_size_K6.csv
2012_03_to_2017_03,not_used,not_used,JaccardPrototypeKMeans,jaccard,raw_binary_disease_matrix,6,8192.0,10.0,,,100.0,0.09085634009580106,,,10000,,,,0.6900722274947275,3.7942638397216797,,2012_03_to_2017_03_hyperparameter_tuning_results/rawbinary_jaccard_kmeans_bs8192_ninit10_labels_K6.npy,,2012_03_to_2017_03_hyperparameter_tuning_results/rawbinary_jaccard_kmeans_bs8192_ninit10_centers_K6.npy,2012_03_to_2017_03_hyperparameter_tuning_results/rawbinary_jaccard_kmeans_bs8192_ninit10_cluster_size_K6.csv
2012_03_to_2017_03,not_used,not_used,JaccardPrototypeKMeans,jaccard,raw_binary_disease_matrix,6,8192.0,20.0,,,100.0,0.0793056610078475,,,10000,,,,0.6697891905316906,3.897688150405884,,2012_03_to_2017_03_hyperparameter_tuning_results/rawbinary_jaccard_kmeans_bs8192_ninit20_labels_K6.npy,,2012_03_to_2017_03_hyperparameter_tuning_results/rawbinary_jaccard_kmeans_bs8192_ninit20_centers_K6.npy,2012_03_to_2017_03_hyperparameter_tuning_results/rawbinary_jaccard_kmeans_bs8192_ninit20_cluster_size_K6.csv
2012_03_to_2017_03,not_used,not_used,JaccardPrototypeKMeans,jaccard,raw_binary_disease_matrix,6,16384.0,5.0,,,100.0,0.09074248442414463,,,10000,,,,0.7084633097458097,3.961606740951538,,2012_03_to_2017_03_hyperparameter_tuning_results/rawbinary_jaccard_kmeans_bs16384_ninit5_labels_K6.npy,,2012_03_to_2017_03_hyperparameter_tuning_results/rawbinary_jaccard_kmeans_bs16384_ninit5_centers_K6.npy,2012_03_to_2017_03_hyperparameter_tuning_results/rawbinary_jaccard_kmeans_bs16384_ninit5_cluster_size_K6.csv
2012_03_to_2017_03,not_used,not_used,JaccardPrototypeKMeans,jaccard,raw_binary_disease_matrix,6,16384.0,10.0,,,100.0,0.09459994850529893,,,10000,,,,0.6759978752113041,3.985764980316162,,2012_03_to_2017_03_hyperparameter_tuning_results/rawbinary_jaccard_kmeans_bs16384_ninit10_labels_K6.npy,,2012_03_to_2017_03_hyperparameter_tuning_results/rawbinary_jaccard_kmeans_bs16384_ninit10_centers_K6.npy,2012_03_to_2017_03_hyperparameter_tuning_results/rawbinary_jaccard_kmeans_bs16384_ninit10_cluster_size_K6.csv
2012_03_to_2017_03,not_used,not_used,JaccardPrototypeKMeans,jaccard,raw_binary_disease_matrix,6,16384.0,20.0,,,100.0,0.07603189774341387,,,10000,,,,0.6724471228771228,4.168319940567017,,2012_03_to_2017_03_hyperparameter_tuning_results/rawbinary_jaccard_kmeans_bs16384_ninit20_labels_K6.npy,,2012_03_to_2017_03_hyperparameter_tuning_results/rawbinary_jaccard_kmeans_bs16384_ninit20_centers_K6.npy,2012_03_to_2017_03_hyperparameter_tuning_results/rawbinary_jaccard_kmeans_bs16384_ninit20_cluster_size_K6.csv
2012_03_to_2017_03,not_used,not_used,JaccardPrototypeFCM,jaccard,raw_binary_disease_matrix,6,,,1.1,0.01,100.0,0.07238380250201415,,,10000,0.6612693280136817,0.698576579800795,0.35340477189235914,,3.8978350162506104,,2012_03_to_2017_03_hyperparameter_tuning_results/rawbinary_jaccard_fcm_m1p1_labels_K6.npy,2012_03_to_2017_03_hyperparameter_tuning_results/rawbinary_jaccard_fcm_m1p1_membership_K6.npy,2012_03_to_2017_03_hyperparameter_tuning_results/rawbinary_jaccard_fcm_m1p1_centers_K6.npy,2012_03_to_2017_03_hyperparameter_tuning_results/rawbinary_jaccard_fcm_m1p1_cluster_size_K6.csv
2012_03_to_2017_03,not_used,not_used,JaccardPrototypeFCM,jaccard,raw_binary_disease_matrix,6,,,1.2,0.01,100.0,0.07100929762428901,,,10000,0.4191819381039439,0.46935023565360834,0.6878440046269814,,4.149531126022339,,2012_03_to_2017_03_hyperparameter_tuning_results/rawbinary_jaccard_fcm_m1p2_labels_K6.npy,2012_03_to_2017_03_hyperparameter_tuning_results/rawbinary_jaccard_fcm_m1p2_membership_K6.npy,2012_03_to_2017_03_hyperparameter_tuning_results/rawbinary_jaccard_fcm_m1p2_centers_K6.npy,2012_03_to_2017_03_hyperparameter_tuning_results/rawbinary_jaccard_fcm_m1p2_cluster_size_K6.csv
2012_03_to_2017_03,not_used,not_used,JaccardPrototypeFCM,jaccard,raw_binary_disease_matrix,6,,,1.3,0.01,100.0,0.07100929762428901,,,10000,0.3450152029259821,0.4106568852888222,0.7536767977221015,,4.007493734359741,,2012_03_to_2017_03_hyperparameter_tuning_results/rawbinary_jaccard_fcm_m1p3_labels_K6.npy,2012_03_to_2017_03_hyperparameter_tuning_results/rawbinary_jaccard_fcm_m1p3_membership_K6.npy,2012_03_to_2017_03_hyperparameter_tuning_results/rawbinary_jaccard_fcm_m1p3_centers_K6.npy,2012_03_to_2017_03_hyperparameter_tuning_results/rawbinary_jaccard_fcm_m1p3_cluster_size_K6.csv
2012_03_to_2017_03,not_used,not_used,JaccardPrototypeFCM,jaccard,raw_binary_disease_matrix,6,,,1.4,0.01,100.0,0.09506220817145959,,,10000,0.31062533387028146,0.3952080044450895,0.7644561390128259,,3.9301888942718506,,2012_03_to_2017_03_hyperparameter_tuning_results/rawbinary_jaccard_fcm_m1p4_labels_K6.npy,2012_03_to_2017_03_hyperparameter_tuning_results/rawbinary_jaccard_fcm_m1p4_membership_K6.npy,2012_03_to_2017_03_hyperparameter_tuning_results/rawbinary_jaccard_fcm_m1p4_centers_K6.npy,2012_03_to_2017_03_hyperparameter_tuning_results/rawbinary_jaccard_fcm_m1p4_cluster_size_K6.csv
2012_03_to_2017_03,not_used,not_used,JaccardPrototypeFCM,jaccard,raw_binary_disease_matrix,6,,,1.5,0.01,100.0,0.08834785106848166,,,10000,0.22636610478169697,0.2895919071443068,0.8424792484968666,,3.94323992729187,,2012_03_to_2017_03_hyperparameter_tuning_results/rawbinary_jaccard_fcm_m1p5_labels_K6.npy,2012_03_to_2017_03_hyperparameter_tuning_results/rawbinary_jaccard_fcm_m1p5_membership_K6.npy,2012_03_to_2017_03_hyperparameter_tuning_results/rawbinary_jaccard_fcm_m1p5_centers_K6.npy,2012_03_to_2017_03_hyperparameter_tuning_results/rawbinary_jaccard_fcm_m1p5_cluster_size_K6.csv
2012_03_to_2017_03,not_used,not_used,JaccardPrototypeFCM,jaccard,raw_binary_disease_matrix,6,,,1.6,0.01,100.0,0.08834785106848166,,,10000,0.2114690694792691,0.269399208933384,0.9198922065870928,,3.9044759273529053,,2012_03_to_2017_03_hyperparameter_tuning_results/rawbinary_jaccard_fcm_m1p6_labels_K6.npy,2012_03_to_2017_03_hyperparameter_tuning_results/rawbinary_jaccard_fcm_m1p6_membership_K6.npy,2012_03_to_2017_03_hyperparameter_tuning_results/rawbinary_jaccard_fcm_m1p6_centers_K6.npy,2012_03_to_2017_03_hyperparameter_tuning_results/rawbinary_jaccard_fcm_m1p6_cluster_size_K6.csv
2012_03_to_2017_03,not_used,not_used,JaccardPrototypeFCM,jaccard,raw_binary_disease_matrix,6,,,1.7,0.01,100.0,0.08834785106848166,,,10000,0.20206464265411617,0.2547282639801867,0.9198922065870928,,4.0562050342559814,,2012_03_to_2017_03_hyperparameter_tuning_results/rawbinary_jaccard_fcm_m1p7_labels_K6.npy,2012_03_to_2017_03_hyperparameter_tuning_results/rawbinary_jaccard_fcm_m1p7_membership_K6.npy,2012_03_to_2017_03_hyperparameter_tuning_results/rawbinary_jaccard_fcm_m1p7_centers_K6.npy,2012_03_to_2017_03_hyperparameter_tuning_results/rawbinary_jaccard_fcm_m1p7_cluster_size_K6.csv
2012_03_to_2017_03,not_used,not_used,JaccardPrototypeFCM,jaccard,raw_binary_disease_matrix,6,,,1.8,0.01,100.0,0.08834785106848166,,,10000,0.1959830298799616,0.24378266744393595,0.9198922065870928,,3.959073066711426,,2012_03_to_2017_03_hyperparameter_tuning_results/rawbinary_jaccard_fcm_m1p8_labels_K6.npy,2012_03_to_2017_03_hyperparameter_tuning_results/rawbinary_jaccard_fcm_m1p8_membership_K6.npy,2012_03_to_2017_03_hyperparameter_tuning_results/rawbinary_jaccard_fcm_m1p8_centers_K6.npy,2012_03_to_2017_03_hyperparameter_tuning_results/rawbinary_jaccard_fcm_m1p8_cluster_size_K6.csv
2012_03_to_2017_03,not_used,not_used,JaccardPrototypeFCM,jaccard,raw_binary_disease_matrix,6,,,1.9,0.01,100.0,0.08834785106848166,,,10000,0.19192698255209345,0.23540433031445746,0.9845936773061816,,3.991910219192505,,2012_03_to_2017_03_hyperparameter_tuning_results/rawbinary_jaccard_fcm_m1p9_labels_K6.npy,2012_03_to_2017_03_hyperparameter_tuning_results/rawbinary_jaccard_fcm_m1p9_membership_K6.npy,2012_03_to_2017_03_hyperparameter_tuning_results/rawbinary_jaccard_fcm_m1p9_centers_K6.npy,2012_03_to_2017_03_hyperparameter_tuning_results/rawbinary_jaccard_fcm_m1p9_cluster_size_K6.csv
2012_03_to_2017_03,not_used,not_used,JaccardPrototypeFCM,jaccard,raw_binary_disease_matrix,6,,,2.0,0.01,100.0,0.08834785106848166,,,10000,0.18913321393287802,0.2288372196726611,0.9845936773061816,,4.017959117889404,,2012_03_to_2017_03_hyperparameter_tuning_results/rawbinary_jaccard_fcm_m2p0_labels_K6.npy,2012_03_to_2017_03_hyperparameter_tuning_results/rawbinary_jaccard_fcm_m2p0_membership_K6.npy,2012_03_to_2017_03_hyperparameter_tuning_results/rawbinary_jaccard_fcm_m2p0_centers_K6.npy,2012_03_to_2017_03_hyperparameter_tuning_results/rawbinary_jaccard_fcm_m2p0_cluster_size_K6.csv
2012_03_to_2017_03,not_used,not_used,JaccardPrototypeFCM,jaccard,raw_binary_disease_matrix,6,,,4.0,0.01,100.0,0.07379065179029799,,,10000,0.18446203215785936,0.21045166607669308,0.9811997101780879,,3.9484198093414307,,2012_03_to_2017_03_hyperparameter_tuning_results/rawbinary_jaccard_fcm_m4p0_labels_K6.npy,2012_03_to_2017_03_hyperparameter_tuning_results/rawbinary_jaccard_fcm_m4p0_membership_K6.npy,2012_03_to_2017_03_hyperparameter_tuning_results/rawbinary_jaccard_fcm_m4p0_centers_K6.npy,2012_03_to_2017_03_hyperparameter_tuning_results/rawbinary_jaccard_fcm_m4p0_cluster_size_K6.csv
2012_03_to_2017_03,not_used,not_used,JaccardPrototypeKMeans,jaccard,raw_binary_disease_matrix,8,4096.0,5.0,,,100.0,0.07803913015092158,,,10000,,,,0.6541171341158841,3.7394907474517822,,2012_03_to_2017_03_hyperparameter_tuning_results/rawbinary_jaccard_kmeans_bs4096_ninit5_labels_K8.npy,,2012_03_to_2017_03_hyperparameter_tuning_results/rawbinary_jaccard_kmeans_bs4096_ninit5_centers_K8.npy,2012_03_to_2017_03_hyperparameter_tuning_results/rawbinary_jaccard_kmeans_bs4096_ninit5_cluster_size_K8.csv
2012_03_to_2017_03,not_used,not_used,JaccardPrototypeKMeans,jaccard,raw_binary_disease_matrix,8,4096.0,10.0,,,100.0,0.05791666832626647,,,10000,,,,0.640506988844489,3.826957941055298,,2012_03_to_2017_03_hyperparameter_tuning_results/rawbinary_jaccard_kmeans_bs4096_ninit10_labels_K8.npy,,2012_03_to_2017_03_hyperparameter_tuning_results/rawbinary_jaccard_kmeans_bs4096_ninit10_centers_K8.npy,2012_03_to_2017_03_hyperparameter_tuning_results/rawbinary_jaccard_kmeans_bs4096_ninit10_cluster_size_K8.csv
2012_03_to_2017_03,not_used,not_used,JaccardPrototypeKMeans,jaccard,raw_binary_disease_matrix,8,4096.0,20.0,,,100.0,0.05791666832626647,,,10000,,,,0.640506988844489,3.8462979793548584,,2012_03_to_2017_03_hyperparameter_tuning_results/rawbinary_jaccard_kmeans_bs4096_ninit20_labels_K8.npy,,2012_03_to_2017_03_hyperparameter_tuning_results/rawbinary_jaccard_kmeans_bs4096_ninit20_centers_K8.npy,2012_03_to_2017_03_hyperparameter_tuning_results/rawbinary_jaccard_kmeans_bs4096_ninit20_cluster_size_K8.csv
2012_03_to_2017_03,not_used,not_used,JaccardPrototypeKMeans,jaccard,raw_binary_disease_matrix,8,8192.0,5.0,,,100.0,0.07994899418957832,,,10000,,,,0.6426111362248863,3.7437429428100586,,2012_03_to_2017_03_hyperparameter_tuning_results/rawbinary_jaccard_kmeans_bs8192_ninit5_labels_K8.npy,,2012_03_to_2017_03_hyperparameter_tuning_results/rawbinary_jaccard_kmeans_bs8192_ninit5_centers_K8.npy,2012_03_to_2017_03_hyperparameter_tuning_results/rawbinary_jaccard_kmeans_bs8192_ninit5_cluster_size_K8.csv
2012_03_to_2017_03,not_used,not_used,JaccardPrototypeKMeans,jaccard,raw_binary_disease_matrix,8,8192.0,10.0,,,100.0,0.07994899418957832,,,10000,,,,0.6426111362248863,3.9443020820617676,,2012_03_to_2017_03_hyperparameter_tuning_results/rawbinary_jaccard_kmeans_bs8192_ninit10_labels_K8.npy,,2012_03_to_2017_03_hyperparameter_tuning_results/rawbinary_jaccard_kmeans_bs8192_ninit10_centers_K8.npy,2012_03_to_2017_03_hyperparameter_tuning_results/rawbinary_jaccard_kmeans_bs8192_ninit10_cluster_size_K8.csv
2012_03_to_2017_03,not_used,not_used,JaccardPrototypeKMeans,jaccard,raw_binary_disease_matrix,8,8192.0,20.0,,,100.0,0.07994899418957832,,,10000,,,,0.6426111362248863,3.943516969680786,,2012_03_to_2017_03_hyperparameter_tuning_results/rawbinary_jaccard_kmeans_bs8192_ninit20_labels_K8.npy,,2012_03_to_2017_03_hyperparameter_tuning_results/rawbinary_jaccard_kmeans_bs8192_ninit20_centers_K8.npy,2012_03_to_2017_03_hyperparameter_tuning_results/rawbinary_jaccard_kmeans_bs8192_ninit20_cluster_size_K8.csv
2012_03_to_2017_03,not_used,not_used,JaccardPrototypeKMeans,jaccard,raw_binary_disease_matrix,8,16384.0,5.0,,,100.0,0.08374598488524145,,,10000,,,,0.6758853862803862,3.7818329334259033,,2012_03_to_2017_03_hyperparameter_tuning_results/rawbinary_jaccard_kmeans_bs16384_ninit5_labels_K8.npy,,2012_03_to_2017_03_hyperparameter_tuning_results/rawbinary_jaccard_kmeans_bs16384_ninit5_centers_K8.npy,2012_03_to_2017_03_hyperparameter_tuning_results/rawbinary_jaccard_kmeans_bs16384_ninit5_cluster_size_K8.csv
2012_03_to_2017_03,not_used,not_used,JaccardPrototypeKMeans,jaccard,raw_binary_disease_matrix,8,16384.0,10.0,,,100.0,0.06604432162927035,,,10000,,,,0.6529426905039405,4.001165151596069,,2012_03_to_2017_03_hyperparameter_tuning_results/rawbinary_jaccard_kmeans_bs16384_ninit10_labels_K8.npy,,2012_03_to_2017_03_hyperparameter_tuning_results/rawbinary_jaccard_kmeans_bs16384_ninit10_centers_K8.npy,2012_03_to_2017_03_hyperparameter_tuning_results/rawbinary_jaccard_kmeans_bs16384_ninit10_cluster_size_K8.csv
2012_03_to_2017_03,not_used,not_used,JaccardPrototypeKMeans,jaccard,raw_binary_disease_matrix,8,16384.0,20.0,,,100.0,0.08547530347709274,,,10000,,,,0.6503195898545898,4.085946798324585,,2012_03_to_2017_03_hyperparameter_tuning_results/rawbinary_jaccard_kmeans_bs16384_ninit20_labels_K8.npy,,2012_03_to_2017_03_hyperparameter_tuning_results/rawbinary_jaccard_kmeans_bs16384_ninit20_centers_K8.npy,2012_03_to_2017_03_hyperparameter_tuning_results/rawbinary_jaccard_kmeans_bs16384_ninit20_cluster_size_K8.csv
2012_03_to_2017_03,not_used,not_used,JaccardPrototypeFCM,jaccard,raw_binary_disease_matrix,8,,,1.1,0.01,100.0,0.04472803143151501,,,10000,0.4939434285746903,0.5267395743692264,0.5867241225895842,,3.8808021545410156,,2012_03_to_2017_03_hyperparameter_tuning_results/rawbinary_jaccard_fcm_m1p1_labels_K8.npy,2012_03_to_2017_03_hyperparameter_tuning_results/rawbinary_jaccard_fcm_m1p1_membership_K8.npy,2012_03_to_2017_03_hyperparameter_tuning_results/rawbinary_jaccard_fcm_m1p1_centers_K8.npy,2012_03_to_2017_03_hyperparameter_tuning_results/rawbinary_jaccard_fcm_m1p1_cluster_size_K8.csv
2012_03_to_2017_03,not_used,not_used,JaccardPrototypeFCM,jaccard,raw_binary_disease_matrix,8,,,1.2,0.01,100.0,0.04483438267026218,,,10000,0.32731911629161903,0.3822252769449749,0.7604011745414331,,3.888890266418457,,2012_03_to_2017_03_hyperparameter_tuning_results/rawbinary_jaccard_fcm_m1p2_labels_K8.npy,2012_03_to_2017_03_hyperparameter_tuning_results/rawbinary_jaccard_fcm_m1p2_membership_K8.npy,2012_03_to_2017_03_hyperparameter_tuning_results/rawbinary_jaccard_fcm_m1p2_centers_K8.npy,2012_03_to_2017_03_hyperparameter_tuning_results/rawbinary_jaccard_fcm_m1p2_cluster_size_K8.csv
2012_03_to_2017_03,not_used,not_used,JaccardPrototypeFCM,jaccard,raw_binary_disease_matrix,8,,,1.3,0.01,100.0,0.027246775510551602,,,10000,0.23163871103751474,0.28179416816779157,0.8919396458579618,,4.078581809997559,,2012_03_to_2017_03_hyperparameter_tuning_results/rawbinary_jaccard_fcm_m1p3_labels_K8.npy,2012_03_to_2017_03_hyperparameter_tuning_results/rawbinary_jaccard_fcm_m1p3_membership_K8.npy,2012_03_to_2017_03_hyperparameter_tuning_results/rawbinary_jaccard_fcm_m1p3_centers_K8.npy,2012_03_to_2017_03_hyperparameter_tuning_results/rawbinary_jaccard_fcm_m1p3_cluster_size_K8.csv
2012_03_to_2017_03,not_used,not_used,JaccardPrototypeFCM,jaccard,raw_binary_disease_matrix,8,,,1.4,0.01,100.0,0.027246775510551602,,,10000,0.20262980729666288,0.25195828446907914,0.9256632218535891,,4.02207612991333,,2012_03_to_2017_03_hyperparameter_tuning_results/rawbinary_jaccard_fcm_m1p4_labels_K8.npy,2012_03_to_2017_03_hyperparameter_tuning_results/rawbinary_jaccard_fcm_m1p4_membership_K8.npy,2012_03_to_2017_03_hyperparameter_tuning_results/rawbinary_jaccard_fcm_m1p4_centers_K8.npy,2012_03_to_2017_03_hyperparameter_tuning_results/rawbinary_jaccard_fcm_m1p4_cluster_size_K8.csv
2012_03_to_2017_03,not_used,not_used,JaccardPrototypeFCM,jaccard,raw_binary_disease_matrix,8,,,1.5,0.01,100.0,0.027246775510551602,,,10000,0.18439285739454758,0.2311735348402626,0.9564377327791125,,4.059859037399292,,2012_03_to_2017_03_hyperparameter_tuning_results/rawbinary_jaccard_fcm_m1p5_labels_K8.npy,2012_03_to_2017_03_hyperparameter_tuning_results/rawbinary_jaccard_fcm_m1p5_membership_K8.npy,2012_03_to_2017_03_hyperparameter_tuning_results/rawbinary_jaccard_fcm_m1p5_centers_K8.npy,2012_03_to_2017_03_hyperparameter_tuning_results/rawbinary_jaccard_fcm_m1p5_cluster_size_K8.csv
2012_03_to_2017_03,not_used,not_used,JaccardPrototypeFCM,jaccard,raw_binary_disease_matrix,8,,,1.6,0.01,100.0,0.027246775510551602,,,10000,0.17256003024514002,0.21617031471694254,0.9564377327791125,,3.982854127883911,,2012_03_to_2017_03_hyperparameter_tuning_results/rawbinary_jaccard_fcm_m1p6_labels_K8.npy,2012_03_to_2017_03_hyperparameter_tuning_results/rawbinary_jaccard_fcm_m1p6_membership_K8.npy,2012_03_to_2017_03_hyperparameter_tuning_results/rawbinary_jaccard_fcm_m1p6_centers_K8.npy,2012_03_to_2017_03_hyperparameter_tuning_results/rawbinary_jaccard_fcm_m1p6_cluster_size_K8.csv
2012_03_to_2017_03,not_used,not_used,JaccardPrototypeFCM,jaccard,raw_binary_disease_matrix,8,,,1.7,0.01,100.0,0.027246775510551602,,,10000,0.16470706154736378,0.20503358526278365,0.9564377327791125,,3.986983060836792,,2012_03_to_2017_03_hyperparameter_tuning_results/rawbinary_jaccard_fcm_m1p7_labels_K8.npy,2012_03_to_2017_03_hyperparameter_tuning_results/rawbinary_jaccard_fcm_m1p7_membership_K8.npy,2012_03_to_2017_03_hyperparameter_tuning_results/rawbinary_jaccard_fcm_m1p7_centers_K8.npy,2012_03_to_2017_03_hyperparameter_tuning_results/rawbinary_jaccard_fcm_m1p7_cluster_size_K8.csv
2012_03_to_2017_03,not_used,not_used,JaccardPrototypeFCM,jaccard,raw_binary_disease_matrix,8,,,1.8,0.01,100.0,0.05207750828478384,,,10000,0.14411528883429883,0.16340229063719489,0.9897926756409767,,4.043792247772217,,2012_03_to_2017_03_hyperparameter_tuning_results/rawbinary_jaccard_fcm_m1p8_labels_K8.npy,2012_03_to_2017_03_hyperparameter_tuning_results/rawbinary_jaccard_fcm_m1p8_membership_K8.npy,2012_03_to_2017_03_hyperparameter_tuning_results/rawbinary_jaccard_fcm_m1p8_centers_K8.npy,2012_03_to_2017_03_hyperparameter_tuning_results/rawbinary_jaccard_fcm_m1p8_cluster_size_K8.csv
2012_03_to_2017_03,not_used,not_used,JaccardPrototypeFCM,jaccard,raw_binary_disease_matrix,8,,,1.9,0.01,100.0,0.05207750828478384,,,10000,0.1416010934033793,0.15997905032544638,0.9897926756409767,,4.201694965362549,,2012_03_to_2017_03_hyperparameter_tuning_results/rawbinary_jaccard_fcm_m1p9_labels_K8.npy,2012_03_to_2017_03_hyperparameter_tuning_results/rawbinary_jaccard_fcm_m1p9_membership_K8.npy,2012_03_to_2017_03_hyperparameter_tuning_results/rawbinary_jaccard_fcm_m1p9_centers_K8.npy,2012_03_to_2017_03_hyperparameter_tuning_results/rawbinary_jaccard_fcm_m1p9_cluster_size_K8.csv
2012_03_to_2017_03,not_used,not_used,JaccardPrototypeFCM,jaccard,raw_binary_disease_matrix,8,,,2.0,0.01,100.0,0.05207750828478384,,,10000,0.14471415645026345,0.16866686098643546,0.9897926756409767,,4.062973976135254,,2012_03_to_2017_03_hyperparameter_tuning_results/rawbinary_jaccard_fcm_m2p0_labels_K8.npy,2012_03_to_2017_03_hyperparameter_tuning_results/rawbinary_jaccard_fcm_m2p0_membership_K8.npy,2012_03_to_2017_03_hyperparameter_tuning_results/rawbinary_jaccard_fcm_m2p0_centers_K8.npy,2012_03_to_2017_03_hyperparameter_tuning_results/rawbinary_jaccard_fcm_m2p0_cluster_size_K8.csv
2012_03_to_2017_03,not_used,not_used,JaccardPrototypeFCM,jaccard,raw_binary_disease_matrix,8,,,4.0,0.01,100.0,0.05017759095225059,,,10000,0.14028553578559091,0.15306843331881936,0.9874156275025741,,4.205687046051025,,2012_03_to_2017_03_hyperparameter_tuning_results/rawbinary_jaccard_fcm_m4p0_labels_K8.npy,2012_03_to_2017_03_hyperparameter_tuning_results/rawbinary_jaccard_fcm_m4p0_membership_K8.npy,2012_03_to_2017_03_hyperparameter_tuning_results/rawbinary_jaccard_fcm_m4p0_centers_K8.npy,2012_03_to_2017_03_hyperparameter_tuning_results/rawbinary_jaccard_fcm_m4p0_cluster_size_K8.csv
