period,mca_dimension,mca_variance_explained,algorithm,distance_metric,feature_space,cluster_k,batch_size,n_init,m,error,maxiter,silhouette_score,davies_bouldin_index,calinski_harabasz_index,silhouette_sample_size,fpc,mean_max_membership,boundary_ratio,mean_jaccard_distance,running_time_seconds,metric_warning,label_file,membership_file,center_file,cluster_size_file
after_2017_03,53,80%,KMeans,euclidean,mca_coordinates,3,4096.0,5.0,,,,0.18334206872449105,4.34413999011131,1018.8154684516685,10000,,,,,1.2792158126831055,,after_2017_03_hyperparameter_tuning_results/mca53_euclidean_kmeans_bs4096_ninit5_labels_K3.npy,,,after_2017_03_hyperparameter_tuning_results/mca53_euclidean_kmeans_bs4096_ninit5_cluster_size_K3.csv
after_2017_03,53,80%,KMeans,euclidean,mca_coordinates,3,4096.0,10.0,,,,0.17865203728096948,4.442438002671241,1079.8052987847268,10000,,,,,1.4216179847717285,,after_2017_03_hyperparameter_tuning_results/mca53_euclidean_kmeans_bs4096_ninit10_labels_K3.npy,,,after_2017_03_hyperparameter_tuning_results/mca53_euclidean_kmeans_bs4096_ninit10_cluster_size_K3.csv
after_2017_03,53,80%,KMeans,euclidean,mca_coordinates,3,4096.0,20.0,,,,0.31021140230490135,1.4005485094043622,1565.3497806789196,10000,,,,,1.265740156173706,,after_2017_03_hyperparameter_tuning_results/mca53_euclidean_kmeans_bs4096_ninit20_labels_K3.npy,,,after_2017_03_hyperparameter_tuning_results/mca53_euclidean_kmeans_bs4096_ninit20_cluster_size_K3.csv
after_2017_03,53,80%,KMeans,euclidean,mca_coordinates,3,8192.0,5.0,,,,0.23493061202428112,1.7163760589347603,1571.7455671053626,10000,,,,,1.2127432823181152,,after_2017_03_hyperparameter_tuning_results/mca53_euclidean_kmeans_bs8192_ninit5_labels_K3.npy,,,after_2017_03_hyperparameter_tuning_results/mca53_euclidean_kmeans_bs8192_ninit5_cluster_size_K3.csv
after_2017_03,53,80%,KMeans,euclidean,mca_coordinates,3,8192.0,10.0,,,,0.23493061202428112,1.7163760589347603,1571.7455671053626,10000,,,,,1.407315969467163,,after_2017_03_hyperparameter_tuning_results/mca53_euclidean_kmeans_bs8192_ninit10_labels_K3.npy,,,after_2017_03_hyperparameter_tuning_results/mca53_euclidean_kmeans_bs8192_ninit10_cluster_size_K3.csv
after_2017_03,53,80%,KMeans,euclidean,mca_coordinates,3,8192.0,20.0,,,,0.23493061202428112,1.7163760589347603,1571.7455671053626,10000,,,,,1.5474200248718262,,after_2017_03_hyperparameter_tuning_results/mca53_euclidean_kmeans_bs8192_ninit20_labels_K3.npy,,,after_2017_03_hyperparameter_tuning_results/mca53_euclidean_kmeans_bs8192_ninit20_cluster_size_K3.csv
after_2017_03,53,80%,KMeans,euclidean,mca_coordinates,3,16384.0,5.0,,,,0.12002496521136709,4.960693386268313,1274.380491134024,10000,,,,,1.5828590393066406,,after_2017_03_hyperparameter_tuning_results/mca53_euclidean_kmeans_bs16384_ninit5_labels_K3.npy,,,after_2017_03_hyperparameter_tuning_results/mca53_euclidean_kmeans_bs16384_ninit5_cluster_size_K3.csv
after_2017_03,53,80%,KMeans,euclidean,mca_coordinates,3,16384.0,10.0,,,,0.18641854366534197,3.6850236652141444,1250.2007432540915,10000,,,,,1.6714377403259277,,after_2017_03_hyperparameter_tuning_results/mca53_euclidean_kmeans_bs16384_ninit10_labels_K3.npy,,,after_2017_03_hyperparameter_tuning_results/mca53_euclidean_kmeans_bs16384_ninit10_cluster_size_K3.csv
after_2017_03,53,80%,KMeans,euclidean,mca_coordinates,3,16384.0,20.0,,,,0.17949381449180787,3.7843180932045737,1176.394237003789,10000,,,,,2.0277597904205322,,after_2017_03_hyperparameter_tuning_results/mca53_euclidean_kmeans_bs16384_ninit20_labels_K3.npy,,,after_2017_03_hyperparameter_tuning_results/mca53_euclidean_kmeans_bs16384_ninit20_cluster_size_K3.csv
after_2017_03,53,80%,FCM,euclidean,mca_coordinates,3,,,1.1,0.01,300.0,0.03438598213984885,4.608077747460161,1369.8275366657624,10000,0.6372698406998446,0.7162870004453312,0.24218467421071668,,2.0610692501068115,,after_2017_03_hyperparameter_tuning_results/mca53_euclidean_fcm_m1p1_labels_K3.npy,after_2017_03_hyperparameter_tuning_results/mca53_euclidean_fcm_m1p1_membership_K3.npy,,after_2017_03_hyperparameter_tuning_results/mca53_euclidean_fcm_m1p1_cluster_size_K3.csv
after_2017_03,53,80%,FCM,euclidean,mca_coordinates,3,,,1.2,0.01,300.0,-0.018077086387418978,5.482213860557118,935.0714103794618,10000,0.3333372061061424,0.3341176460488237,1.0,,1.2311148643493652,,after_2017_03_hyperparameter_tuning_results/mca53_euclidean_fcm_m1p2_labels_K3.npy,after_2017_03_hyperparameter_tuning_results/mca53_euclidean_fcm_m1p2_membership_K3.npy,,after_2017_03_hyperparameter_tuning_results/mca53_euclidean_fcm_m1p2_cluster_size_K3.csv
after_2017_03,53,80%,FCM,euclidean,mca_coordinates,3,,,1.3,0.01,300.0,-0.023718830019787987,5.453946879668564,946.5910115916478,10000,0.33333334385880337,0.3333739546136831,1.0,,1.09299898147583,,after_2017_03_hyperparameter_tuning_results/mca53_euclidean_fcm_m1p3_labels_K3.npy,after_2017_03_hyperparameter_tuning_results/mca53_euclidean_fcm_m1p3_membership_K3.npy,,after_2017_03_hyperparameter_tuning_results/mca53_euclidean_fcm_m1p3_cluster_size_K3.csv
after_2017_03,53,80%,FCM,euclidean,mca_coordinates,3,,,1.4,0.01,300.0,-0.03328542408370826,5.383429589240539,949.862235039106,10000,0.33333333518069597,0.33335030971798735,1.0,,1.2557508945465088,,after_2017_03_hyperparameter_tuning_results/mca53_euclidean_fcm_m1p4_labels_K3.npy,after_2017_03_hyperparameter_tuning_results/mca53_euclidean_fcm_m1p4_membership_K3.npy,,after_2017_03_hyperparameter_tuning_results/mca53_euclidean_fcm_m1p4_cluster_size_K3.csv
after_2017_03,53,80%,FCM,euclidean,mca_coordinates,3,,,1.5,0.01,300.0,-0.03964791698395849,5.401338868628354,928.5367852821038,10000,0.3333333341430886,0.3333445426345682,1.0,,1.0601270198822021,,after_2017_03_hyperparameter_tuning_results/mca53_euclidean_fcm_m1p5_labels_K3.npy,after_2017_03_hyperparameter_tuning_results/mca53_euclidean_fcm_m1p5_membership_K3.npy,,after_2017_03_hyperparameter_tuning_results/mca53_euclidean_fcm_m1p5_cluster_size_K3.csv
after_2017_03,53,80%,FCM,euclidean,mca_coordinates,3,,,1.6,0.01,300.0,-0.04404390948615441,5.393666072129597,915.497121591984,10000,0.33333333351567623,0.33333860593677433,1.0,,1.0270490646362305,,after_2017_03_hyperparameter_tuning_results/mca53_euclidean_fcm_m1p6_labels_K3.npy,after_2017_03_hyperparameter_tuning_results/mca53_euclidean_fcm_m1p6_membership_K3.npy,,after_2017_03_hyperparameter_tuning_results/mca53_euclidean_fcm_m1p6_cluster_size_K3.csv
after_2017_03,53,80%,FCM,euclidean,mca_coordinates,3,,,1.7,0.01,300.0,-0.053633845599126345,5.417155516643717,882.6010007869381,10000,0.33333333368629464,0.3333407355895144,1.0,,1.0155227184295654,,after_2017_03_hyperparameter_tuning_results/mca53_euclidean_fcm_m1p7_labels_K3.npy,after_2017_03_hyperparameter_tuning_results/mca53_euclidean_fcm_m1p7_membership_K3.npy,,after_2017_03_hyperparameter_tuning_results/mca53_euclidean_fcm_m1p7_cluster_size_K3.csv
after_2017_03,53,80%,FCM,euclidean,mca_coordinates,3,,,1.8,0.01,300.0,-0.05904735376681398,5.424455644573485,866.5609289528909,10000,0.33333333348709987,0.33333819157134315,1.0,,1.757864236831665,,after_2017_03_hyperparameter_tuning_results/mca53_euclidean_fcm_m1p8_labels_K3.npy,after_2017_03_hyperparameter_tuning_results/mca53_euclidean_fcm_m1p8_membership_K3.npy,,after_2017_03_hyperparameter_tuning_results/mca53_euclidean_fcm_m1p8_cluster_size_K3.csv
after_2017_03,53,80%,FCM,euclidean,mca_coordinates,3,,,1.9,0.01,300.0,-0.06300487668650576,5.439803297790753,843.602345122418,10000,0.333333333409652,0.33333674196725094,1.0,,1.335495948791504,,after_2017_03_hyperparameter_tuning_results/mca53_euclidean_fcm_m1p9_labels_K3.npy,after_2017_03_hyperparameter_tuning_results/mca53_euclidean_fcm_m1p9_membership_K3.npy,,after_2017_03_hyperparameter_tuning_results/mca53_euclidean_fcm_m1p9_cluster_size_K3.csv
after_2017_03,53,80%,FCM,euclidean,mca_coordinates,3,,,2.0,0.01,300.0,-0.06497017783921602,5.4621465231374025,817.1650496822007,10000,0.33333333337521054,0.33333585414563593,1.0,,1.037877082824707,,after_2017_03_hyperparameter_tuning_results/mca53_euclidean_fcm_m2p0_labels_K3.npy,after_2017_03_hyperparameter_tuning_results/mca53_euclidean_fcm_m2p0_membership_K3.npy,,after_2017_03_hyperparameter_tuning_results/mca53_euclidean_fcm_m2p0_cluster_size_K3.csv
after_2017_03,53,80%,FCM,euclidean,mca_coordinates,3,,,4.0,0.01,300.0,0.06358750472653249,4.819370342257355,1179.2718089400332,10000,0.33333333334497783,0.33333506877599145,1.0,,1.1709606647491455,,after_2017_03_hyperparameter_tuning_results/mca53_euclidean_fcm_m4p0_labels_K3.npy,after_2017_03_hyperparameter_tuning_results/mca53_euclidean_fcm_m4p0_membership_K3.npy,,after_2017_03_hyperparameter_tuning_results/mca53_euclidean_fcm_m4p0_cluster_size_K3.csv
after_2017_03,53,80%,KMeans,euclidean,mca_coordinates,5,4096.0,5.0,,,,0.029901664872600965,3.9001941596773095,1241.5198819386144,10000,,,,,1.0632588863372803,,after_2017_03_hyperparameter_tuning_results/mca53_euclidean_kmeans_bs4096_ninit5_labels_K5.npy,,,after_2017_03_hyperparameter_tuning_results/mca53_euclidean_kmeans_bs4096_ninit5_cluster_size_K5.csv
after_2017_03,53,80%,KMeans,euclidean,mca_coordinates,5,4096.0,10.0,,,,0.04707889916122355,3.838648579221492,1293.1463806105749,10000,,,,,1.3039710521697998,,after_2017_03_hyperparameter_tuning_results/mca53_euclidean_kmeans_bs4096_ninit10_labels_K5.npy,,,after_2017_03_hyperparameter_tuning_results/mca53_euclidean_kmeans_bs4096_ninit10_cluster_size_K5.csv
after_2017_03,53,80%,KMeans,euclidean,mca_coordinates,5,4096.0,20.0,,,,0.06720664300909154,3.0912658774986754,1342.074753316581,10000,,,,,1.3505098819732666,,after_2017_03_hyperparameter_tuning_results/mca53_euclidean_kmeans_bs4096_ninit20_labels_K5.npy,,,after_2017_03_hyperparameter_tuning_results/mca53_euclidean_kmeans_bs4096_ninit20_cluster_size_K5.csv
after_2017_03,53,80%,KMeans,euclidean,mca_coordinates,5,8192.0,5.0,,,,0.16357556547555627,3.8639294744038324,941.8846146693534,10000,,,,,1.339418888092041,,after_2017_03_hyperparameter_tuning_results/mca53_euclidean_kmeans_bs8192_ninit5_labels_K5.npy,,,after_2017_03_hyperparameter_tuning_results/mca53_euclidean_kmeans_bs8192_ninit5_cluster_size_K5.csv
after_2017_03,53,80%,KMeans,euclidean,mca_coordinates,5,8192.0,10.0,,,,0.019323945288913274,3.7564201846999508,1109.5086079637706,10000,,,,,1.2929000854492188,,after_2017_03_hyperparameter_tuning_results/mca53_euclidean_kmeans_bs8192_ninit10_labels_K5.npy,,,after_2017_03_hyperparameter_tuning_results/mca53_euclidean_kmeans_bs8192_ninit10_cluster_size_K5.csv
after_2017_03,53,80%,KMeans,euclidean,mca_coordinates,5,8192.0,20.0,,,,0.14719356257182462,3.910162176608284,942.6219275629653,10000,,,,,1.5039618015289307,,after_2017_03_hyperparameter_tuning_results/mca53_euclidean_kmeans_bs8192_ninit20_labels_K5.npy,,,after_2017_03_hyperparameter_tuning_results/mca53_euclidean_kmeans_bs8192_ninit20_cluster_size_K5.csv
after_2017_03,53,80%,KMeans,euclidean,mca_coordinates,5,16384.0,5.0,,,,0.03384668003413781,3.874791711968655,1088.1467928774696,10000,,,,,1.3469228744506836,,after_2017_03_hyperparameter_tuning_results/mca53_euclidean_kmeans_bs16384_ninit5_labels_K5.npy,,,after_2017_03_hyperparameter_tuning_results/mca53_euclidean_kmeans_bs16384_ninit5_cluster_size_K5.csv
after_2017_03,53,80%,KMeans,euclidean,mca_coordinates,5,16384.0,10.0,,,,0.12034926228357995,3.7489646733162245,982.8873416399682,10000,,,,,1.5685689449310303,,after_2017_03_hyperparameter_tuning_results/mca53_euclidean_kmeans_bs16384_ninit10_labels_K5.npy,,,after_2017_03_hyperparameter_tuning_results/mca53_euclidean_kmeans_bs16384_ninit10_cluster_size_K5.csv
after_2017_03,53,80%,KMeans,euclidean,mca_coordinates,5,16384.0,20.0,,,,0.06526589838813156,3.7550380112837707,1130.072859913656,10000,,,,,1.9243011474609375,,after_2017_03_hyperparameter_tuning_results/mca53_euclidean_kmeans_bs16384_ninit20_labels_K5.npy,,,after_2017_03_hyperparameter_tuning_results/mca53_euclidean_kmeans_bs16384_ninit20_cluster_size_K5.csv
after_2017_03,53,80%,FCM,euclidean,mca_coordinates,5,,,1.1,0.01,300.0,-0.0002298134381681307,4.3812346964017035,1045.487712773518,10000,0.5572752032921917,0.6473279503121722,0.3560860503970099,,3.1436259746551514,,after_2017_03_hyperparameter_tuning_results/mca53_euclidean_fcm_m1p1_labels_K5.npy,after_2017_03_hyperparameter_tuning_results/mca53_euclidean_fcm_m1p1_membership_K5.npy,,after_2017_03_hyperparameter_tuning_results/mca53_euclidean_fcm_m1p1_cluster_size_K5.csv
after_2017_03,53,80%,FCM,euclidean,mca_coordinates,5,,,1.2,0.01,300.0,-0.030616012713419474,5.520252469421317,684.7225863439794,10000,0.2000012850110682,0.20047496015662963,1.0,,1.2761430740356445,,after_2017_03_hyperparameter_tuning_results/mca53_euclidean_fcm_m1p2_labels_K5.npy,after_2017_03_hyperparameter_tuning_results/mca53_euclidean_fcm_m1p2_membership_K5.npy,,after_2017_03_hyperparameter_tuning_results/mca53_euclidean_fcm_m1p2_cluster_size_K5.csv
after_2017_03,53,80%,FCM,euclidean,mca_coordinates,5,,,1.3,0.01,300.0,-0.04077087242070853,5.340904729128621,728.9250157796648,10000,0.2000000065555531,0.20003389311381264,1.0,,1.2363011837005615,,after_2017_03_hyperparameter_tuning_results/mca53_euclidean_fcm_m1p3_labels_K5.npy,after_2017_03_hyperparameter_tuning_results/mca53_euclidean_fcm_m1p3_membership_K5.npy,,after_2017_03_hyperparameter_tuning_results/mca53_euclidean_fcm_m1p3_cluster_size_K5.csv
after_2017_03,53,80%,FCM,euclidean,mca_coordinates,5,,,1.4,0.01,300.0,-0.05239917108771499,5.178699588373699,763.2528274432964,10000,0.20000000178054103,0.20001768129927117,1.0,,1.2015018463134766,,after_2017_03_hyperparameter_tuning_results/mca53_euclidean_fcm_m1p4_labels_K5.npy,after_2017_03_hyperparameter_tuning_results/mca53_euclidean_fcm_m1p4_membership_K5.npy,,after_2017_03_hyperparameter_tuning_results/mca53_euclidean_fcm_m1p4_cluster_size_K5.csv
after_2017_03,53,80%,FCM,euclidean,mca_coordinates,5,,,1.5,0.01,300.0,-0.06953307905535487,5.114026901791247,764.7049250661959,10000,0.20000000107605082,0.20001384334534172,1.0,,1.0363531112670898,,after_2017_03_hyperparameter_tuning_results/mca53_euclidean_fcm_m1p5_labels_K5.npy,after_2017_03_hyperparameter_tuning_results/mca53_euclidean_fcm_m1p5_membership_K5.npy,,after_2017_03_hyperparameter_tuning_results/mca53_euclidean_fcm_m1p5_cluster_size_K5.csv
after_2017_03,53,80%,FCM,euclidean,mca_coordinates,5,,,1.6,0.01,300.0,-0.07819150088514487,5.087284308724954,757.8843469362429,10000,0.20000000029457746,0.20000723053309402,1.0,,1.1489391326904297,,after_2017_03_hyperparameter_tuning_results/mca53_euclidean_fcm_m1p6_labels_K5.npy,after_2017_03_hyperparameter_tuning_results/mca53_euclidean_fcm_m1p6_membership_K5.npy,,after_2017_03_hyperparameter_tuning_results/mca53_euclidean_fcm_m1p6_cluster_size_K5.csv
after_2017_03,53,80%,FCM,euclidean,mca_coordinates,5,,,1.7,0.01,300.0,-0.08754070181761132,5.052942340161044,748.4273815125656,10000,0.20000000010352062,0.2000042942310599,1.0,,0.9816429615020752,,after_2017_03_hyperparameter_tuning_results/mca53_euclidean_fcm_m1p7_labels_K5.npy,after_2017_03_hyperparameter_tuning_results/mca53_euclidean_fcm_m1p7_membership_K5.npy,,after_2017_03_hyperparameter_tuning_results/mca53_euclidean_fcm_m1p7_cluster_size_K5.csv
after_2017_03,53,80%,FCM,euclidean,mca_coordinates,5,,,1.8,0.01,300.0,-0.12366402836687812,5.109088499177004,705.390667809941,10000,0.20000000037068688,0.20000842000578384,1.0,,1.2142350673675537,,after_2017_03_hyperparameter_tuning_results/mca53_euclidean_fcm_m1p8_labels_K5.npy,after_2017_03_hyperparameter_tuning_results/mca53_euclidean_fcm_m1p8_membership_K5.npy,,after_2017_03_hyperparameter_tuning_results/mca53_euclidean_fcm_m1p8_cluster_size_K5.csv
after_2017_03,53,80%,FCM,euclidean,mca_coordinates,5,,,1.9,0.01,300.0,-0.1366081630202628,5.180029651035355,685.198291393637,10000,0.20000000020562875,0.20000631718305528,1.0,,1.097505807876587,,after_2017_03_hyperparameter_tuning_results/mca53_euclidean_fcm_m1p9_labels_K5.npy,after_2017_03_hyperparameter_tuning_results/mca53_euclidean_fcm_m1p9_membership_K5.npy,,after_2017_03_hyperparameter_tuning_results/mca53_euclidean_fcm_m1p9_cluster_size_K5.csv
after_2017_03,53,80%,FCM,euclidean,mca_coordinates,5,,,2.0,0.01,300.0,-0.15539638879671716,5.3013587746437505,661.8653915972646,10000,0.20000000012442432,0.20000495074289135,1.0,,1.0566892623901367,,after_2017_03_hyperparameter_tuning_results/mca53_euclidean_fcm_m2p0_labels_K5.npy,after_2017_03_hyperparameter_tuning_results/mca53_euclidean_fcm_m2p0_membership_K5.npy,,after_2017_03_hyperparameter_tuning_results/mca53_euclidean_fcm_m2p0_cluster_size_K5.csv
after_2017_03,53,80%,FCM,euclidean,mca_coordinates,5,,,4.0,0.01,300.0,-0.009232087665927369,5.6400762630651435,668.7753725868832,10000,0.20000000000704413,0.200001307500722,1.0,,0.9947910308837891,,after_2017_03_hyperparameter_tuning_results/mca53_euclidean_fcm_m4p0_labels_K5.npy,after_2017_03_hyperparameter_tuning_results/mca53_euclidean_fcm_m4p0_membership_K5.npy,,after_2017_03_hyperparameter_tuning_results/mca53_euclidean_fcm_m4p0_cluster_size_K5.csv
after_2017_03,53,80%,KMeans,euclidean,mca_coordinates,6,4096.0,5.0,,,,0.014946563044440284,3.809829785316532,1033.5589816096096,10000,,,,,1.0813093185424805,,after_2017_03_hyperparameter_tuning_results/mca53_euclidean_kmeans_bs4096_ninit5_labels_K6.npy,,,after_2017_03_hyperparameter_tuning_results/mca53_euclidean_kmeans_bs4096_ninit5_cluster_size_K6.csv
after_2017_03,53,80%,KMeans,euclidean,mca_coordinates,6,4096.0,10.0,,,,0.10396654937332594,3.332487611645689,1316.1085018235142,10000,,,,,1.1451148986816406,,after_2017_03_hyperparameter_tuning_results/mca53_euclidean_kmeans_bs4096_ninit10_labels_K6.npy,,,after_2017_03_hyperparameter_tuning_results/mca53_euclidean_kmeans_bs4096_ninit10_cluster_size_K6.csv
after_2017_03,53,80%,KMeans,euclidean,mca_coordinates,6,4096.0,20.0,,,,0.030718831602597665,3.2963992810747755,1273.4818087949684,10000,,,,,1.5115227699279785,,after_2017_03_hyperparameter_tuning_results/mca53_euclidean_kmeans_bs4096_ninit20_labels_K6.npy,,,after_2017_03_hyperparameter_tuning_results/mca53_euclidean_kmeans_bs4096_ninit20_cluster_size_K6.csv
after_2017_03,53,80%,KMeans,euclidean,mca_coordinates,6,8192.0,5.0,,,,0.07202093674956532,3.1088824449998427,1222.7704311719112,10000,,,,,1.2110419273376465,,after_2017_03_hyperparameter_tuning_results/mca53_euclidean_kmeans_bs8192_ninit5_labels_K6.npy,,,after_2017_03_hyperparameter_tuning_results/mca53_euclidean_kmeans_bs8192_ninit5_cluster_size_K6.csv
after_2017_03,53,80%,KMeans,euclidean,mca_coordinates,6,8192.0,10.0,,,,0.06607996589077354,3.3272131217287035,1200.2861147993285,10000,,,,,1.2714848518371582,,after_2017_03_hyperparameter_tuning_results/mca53_euclidean_kmeans_bs8192_ninit10_labels_K6.npy,,,after_2017_03_hyperparameter_tuning_results/mca53_euclidean_kmeans_bs8192_ninit10_cluster_size_K6.csv
after_2017_03,53,80%,KMeans,euclidean,mca_coordinates,6,8192.0,20.0,,,,0.0188919919315691,3.7940882845780695,1050.2024081185298,10000,,,,,1.7094120979309082,,after_2017_03_hyperparameter_tuning_results/mca53_euclidean_kmeans_bs8192_ninit20_labels_K6.npy,,,after_2017_03_hyperparameter_tuning_results/mca53_euclidean_kmeans_bs8192_ninit20_cluster_size_K6.csv
after_2017_03,53,80%,KMeans,euclidean,mca_coordinates,6,16384.0,5.0,,,,0.1139682040567804,3.484362654145915,1287.8688536257632,10000,,,,,1.3961689472198486,,after_2017_03_hyperparameter_tuning_results/mca53_euclidean_kmeans_bs16384_ninit5_labels_K6.npy,,,after_2017_03_hyperparameter_tuning_results/mca53_euclidean_kmeans_bs16384_ninit5_cluster_size_K6.csv
after_2017_03,53,80%,KMeans,euclidean,mca_coordinates,6,16384.0,10.0,,,,0.015714327719436625,3.8149515866549244,906.555899006514,10000,,,,,1.3301382064819336,,after_2017_03_hyperparameter_tuning_results/mca53_euclidean_kmeans_bs16384_ninit10_labels_K6.npy,,,after_2017_03_hyperparameter_tuning_results/mca53_euclidean_kmeans_bs16384_ninit10_cluster_size_K6.csv
after_2017_03,53,80%,KMeans,euclidean,mca_coordinates,6,16384.0,20.0,,,,-0.019830428968175304,3.9202209084834134,999.1969665593746,10000,,,,,1.8207597732543945,,after_2017_03_hyperparameter_tuning_results/mca53_euclidean_kmeans_bs16384_ninit20_labels_K6.npy,,,after_2017_03_hyperparameter_tuning_results/mca53_euclidean_kmeans_bs16384_ninit20_cluster_size_K6.csv
after_2017_03,53,80%,FCM,euclidean,mca_coordinates,6,,,1.1,0.01,300.0,-0.021911691250662165,4.894295216792941,938.5247019082044,10000,0.5323307857254607,0.6222208246739169,0.40410616786372483,,3.493846893310547,,after_2017_03_hyperparameter_tuning_results/mca53_euclidean_fcm_m1p1_labels_K6.npy,after_2017_03_hyperparameter_tuning_results/mca53_euclidean_fcm_m1p1_membership_K6.npy,,after_2017_03_hyperparameter_tuning_results/mca53_euclidean_fcm_m1p1_cluster_size_K6.csv
after_2017_03,53,80%,FCM,euclidean,mca_coordinates,6,,,1.2,0.01,300.0,-0.078690639960322,5.354780882881428,543.9181027298331,10000,0.16666767529901547,0.16708066964810256,1.0,,1.3186900615692139,,after_2017_03_hyperparameter_tuning_results/mca53_euclidean_fcm_m1p2_labels_K6.npy,after_2017_03_hyperparameter_tuning_results/mca53_euclidean_fcm_m1p2_membership_K6.npy,,after_2017_03_hyperparameter_tuning_results/mca53_euclidean_fcm_m1p2_cluster_size_K6.csv
after_2017_03,53,80%,FCM,euclidean,mca_coordinates,6,,,1.3,0.01,300.0,-0.027762740565220417,5.516579221032264,571.6970191285886,10000,0.16666667171458657,0.1666959502884312,1.0,,1.2028307914733887,,after_2017_03_hyperparameter_tuning_results/mca53_euclidean_fcm_m1p3_labels_K6.npy,after_2017_03_hyperparameter_tuning_results/mca53_euclidean_fcm_m1p3_membership_K6.npy,,after_2017_03_hyperparameter_tuning_results/mca53_euclidean_fcm_m1p3_cluster_size_K6.csv
after_2017_03,53,80%,FCM,euclidean,mca_coordinates,6,,,1.4,0.01,300.0,-0.07265701905273242,5.399396616399778,619.6875109373457,10000,0.16666666803542501,0.16668189794066293,1.0,,1.1090879440307617,,after_2017_03_hyperparameter_tuning_results/mca53_euclidean_fcm_m1p4_labels_K6.npy,after_2017_03_hyperparameter_tuning_results/mca53_euclidean_fcm_m1p4_membership_K6.npy,,after_2017_03_hyperparameter_tuning_results/mca53_euclidean_fcm_m1p4_cluster_size_K6.csv
after_2017_03,53,80%,FCM,euclidean,mca_coordinates,6,,,1.5,0.01,300.0,-0.06702354768093442,5.285227462758821,640.2454962084122,10000,0.16666666749449457,0.16667855482545732,1.0,,1.059302806854248,,after_2017_03_hyperparameter_tuning_results/mca53_euclidean_fcm_m1p5_labels_K6.npy,after_2017_03_hyperparameter_tuning_results/mca53_euclidean_fcm_m1p5_membership_K6.npy,,after_2017_03_hyperparameter_tuning_results/mca53_euclidean_fcm_m1p5_cluster_size_K6.csv
after_2017_03,53,80%,FCM,euclidean,mca_coordinates,6,,,1.6,0.01,300.0,-0.06602249845774519,5.285981707844293,644.793273634595,10000,0.1666666668963974,0.1666729416331669,1.0,,1.0742840766906738,,after_2017_03_hyperparameter_tuning_results/mca53_euclidean_fcm_m1p6_labels_K6.npy,after_2017_03_hyperparameter_tuning_results/mca53_euclidean_fcm_m1p6_membership_K6.npy,,after_2017_03_hyperparameter_tuning_results/mca53_euclidean_fcm_m1p6_cluster_size_K6.csv
after_2017_03,53,80%,FCM,euclidean,mca_coordinates,6,,,1.7,0.01,300.0,-0.07139276470962741,5.2878743760137965,648.1606167634359,10000,0.16666666674869954,0.16667042725472048,1.0,,1.0728428363800049,,after_2017_03_hyperparameter_tuning_results/mca53_euclidean_fcm_m1p7_labels_K6.npy,after_2017_03_hyperparameter_tuning_results/mca53_euclidean_fcm_m1p7_membership_K6.npy,,after_2017_03_hyperparameter_tuning_results/mca53_euclidean_fcm_m1p7_cluster_size_K6.csv
after_2017_03,53,80%,FCM,euclidean,mca_coordinates,6,,,1.8,0.01,300.0,-0.09266159998632123,5.304704048800947,648.0902295934296,10000,0.1666666669577275,0.16667386512481083,1.0,,1.1717822551727295,,after_2017_03_hyperparameter_tuning_results/mca53_euclidean_fcm_m1p8_labels_K6.npy,after_2017_03_hyperparameter_tuning_results/mca53_euclidean_fcm_m1p8_membership_K6.npy,,after_2017_03_hyperparameter_tuning_results/mca53_euclidean_fcm_m1p8_cluster_size_K6.csv
after_2017_03,53,80%,FCM,euclidean,mca_coordinates,6,,,1.9,0.01,300.0,-0.09579548522769774,5.353899451075566,646.9378998247456,10000,0.16666666683047363,0.16667210890288248,1.0,,0.9935431480407715,,after_2017_03_hyperparameter_tuning_results/mca53_euclidean_fcm_m1p9_labels_K6.npy,after_2017_03_hyperparameter_tuning_results/mca53_euclidean_fcm_m1p9_membership_K6.npy,,after_2017_03_hyperparameter_tuning_results/mca53_euclidean_fcm_m1p9_cluster_size_K6.csv
after_2017_03,53,80%,FCM,euclidean,mca_coordinates,6,,,2.0,0.01,300.0,-0.09845454569948547,5.370855572368018,647.6506926471758,10000,0.16666666676725572,0.16667096488643363,1.0,,0.9608829021453857,,after_2017_03_hyperparameter_tuning_results/mca53_euclidean_fcm_m2p0_labels_K6.npy,after_2017_03_hyperparameter_tuning_results/mca53_euclidean_fcm_m2p0_membership_K6.npy,,after_2017_03_hyperparameter_tuning_results/mca53_euclidean_fcm_m2p0_cluster_size_K6.csv
after_2017_03,53,80%,FCM,euclidean,mca_coordinates,6,,,4.0,0.01,300.0,-0.08475893455972493,5.3101295774775075,639.1207104038873,10000,0.16666666667154997,0.1666676091609847,1.0,,1.0333757400512695,,after_2017_03_hyperparameter_tuning_results/mca53_euclidean_fcm_m4p0_labels_K6.npy,after_2017_03_hyperparameter_tuning_results/mca53_euclidean_fcm_m4p0_membership_K6.npy,,after_2017_03_hyperparameter_tuning_results/mca53_euclidean_fcm_m4p0_cluster_size_K6.csv
after_2017_03,61,90%,KMeans,euclidean,mca_coordinates,3,4096.0,5.0,,,,0.02637287554068846,4.753486824176719,1068.8740391117544,10000,,,,,1.1667232513427734,,after_2017_03_hyperparameter_tuning_results/mca61_euclidean_kmeans_bs4096_ninit5_labels_K3.npy,,,after_2017_03_hyperparameter_tuning_results/mca61_euclidean_kmeans_bs4096_ninit5_cluster_size_K3.csv
after_2017_03,61,90%,KMeans,euclidean,mca_coordinates,3,4096.0,10.0,,,,0.04796010713161213,4.031467455887069,1510.2496838908608,10000,,,,,1.4474890232086182,,after_2017_03_hyperparameter_tuning_results/mca61_euclidean_kmeans_bs4096_ninit10_labels_K3.npy,,,after_2017_03_hyperparameter_tuning_results/mca61_euclidean_kmeans_bs4096_ninit10_cluster_size_K3.csv
after_2017_03,61,90%,KMeans,euclidean,mca_coordinates,3,4096.0,20.0,,,,0.270003099501883,1.883254020831181,936.2833503737994,10000,,,,,1.2686660289764404,,after_2017_03_hyperparameter_tuning_results/mca61_euclidean_kmeans_bs4096_ninit20_labels_K3.npy,,,after_2017_03_hyperparameter_tuning_results/mca61_euclidean_kmeans_bs4096_ninit20_cluster_size_K3.csv
after_2017_03,61,90%,KMeans,euclidean,mca_coordinates,3,8192.0,5.0,,,,0.0513507738054739,4.867477060514971,1034.7883181076384,10000,,,,,1.2229681015014648,,after_2017_03_hyperparameter_tuning_results/mca61_euclidean_kmeans_bs8192_ninit5_labels_K3.npy,,,after_2017_03_hyperparameter_tuning_results/mca61_euclidean_kmeans_bs8192_ninit5_cluster_size_K3.csv
after_2017_03,61,90%,KMeans,euclidean,mca_coordinates,3,8192.0,10.0,,,,0.06229570615908883,4.14059271511648,1070.753393908033,10000,,,,,1.278223991394043,,after_2017_03_hyperparameter_tuning_results/mca61_euclidean_kmeans_bs8192_ninit10_labels_K3.npy,,,after_2017_03_hyperparameter_tuning_results/mca61_euclidean_kmeans_bs8192_ninit10_cluster_size_K3.csv
after_2017_03,61,90%,KMeans,euclidean,mca_coordinates,3,8192.0,20.0,,,,0.06059657881414494,4.050476422764393,1071.0607430534676,10000,,,,,1.6737298965454102,,after_2017_03_hyperparameter_tuning_results/mca61_euclidean_kmeans_bs8192_ninit20_labels_K3.npy,,,after_2017_03_hyperparameter_tuning_results/mca61_euclidean_kmeans_bs8192_ninit20_cluster_size_K3.csv
after_2017_03,61,90%,KMeans,euclidean,mca_coordinates,3,16384.0,5.0,,,,0.223715032747858,2.6054849608664585,925.2376421456695,10000,,,,,1.495727777481079,,after_2017_03_hyperparameter_tuning_results/mca61_euclidean_kmeans_bs16384_ninit5_labels_K3.npy,,,after_2017_03_hyperparameter_tuning_results/mca61_euclidean_kmeans_bs16384_ninit5_cluster_size_K3.csv
after_2017_03,61,90%,KMeans,euclidean,mca_coordinates,3,16384.0,10.0,,,,0.07972417406599484,4.142602392618074,917.5335886999435,10000,,,,,1.71199631690979,,after_2017_03_hyperparameter_tuning_results/mca61_euclidean_kmeans_bs16384_ninit10_labels_K3.npy,,,after_2017_03_hyperparameter_tuning_results/mca61_euclidean_kmeans_bs16384_ninit10_cluster_size_K3.csv
after_2017_03,61,90%,KMeans,euclidean,mca_coordinates,3,16384.0,20.0,,,,0.16884914737058113,4.253487055316481,1021.1414595489686,10000,,,,,1.8212189674377441,,after_2017_03_hyperparameter_tuning_results/mca61_euclidean_kmeans_bs16384_ninit20_labels_K3.npy,,,after_2017_03_hyperparameter_tuning_results/mca61_euclidean_kmeans_bs16384_ninit20_cluster_size_K3.csv
after_2017_03,61,90%,FCM,euclidean,mca_coordinates,3,,,1.1,0.01,300.0,0.024624942410480945,4.959529883175484,1210.156143457122,10000,0.5814810186794799,0.6695002881574246,0.29812776658226975,,2.1738860607147217,,after_2017_03_hyperparameter_tuning_results/mca61_euclidean_fcm_m1p1_labels_K3.npy,after_2017_03_hyperparameter_tuning_results/mca61_euclidean_fcm_m1p1_membership_K3.npy,,after_2017_03_hyperparameter_tuning_results/mca61_euclidean_fcm_m1p1_cluster_size_K3.csv
after_2017_03,61,90%,FCM,euclidean,mca_coordinates,3,,,1.2,0.01,300.0,-0.013332468276572041,5.967455892995193,860.7354290527384,10000,0.3333333666535269,0.3334129602545867,1.0,,1.2711238861083984,,after_2017_03_hyperparameter_tuning_results/mca61_euclidean_fcm_m1p2_labels_K3.npy,after_2017_03_hyperparameter_tuning_results/mca61_euclidean_fcm_m1p2_membership_K3.npy,,after_2017_03_hyperparameter_tuning_results/mca61_euclidean_fcm_m1p2_cluster_size_K3.csv
after_2017_03,61,90%,FCM,euclidean,mca_coordinates,3,,,1.3,0.01,300.0,-0.030546943206511065,5.864700257454679,852.2805951510368,10000,0.3333333363914058,0.3333565164132523,1.0,,1.0728459358215332,,after_2017_03_hyperparameter_tuning_results/mca61_euclidean_fcm_m1p3_labels_K3.npy,after_2017_03_hyperparameter_tuning_results/mca61_euclidean_fcm_m1p3_membership_K3.npy,,after_2017_03_hyperparameter_tuning_results/mca61_euclidean_fcm_m1p3_cluster_size_K3.csv
after_2017_03,61,90%,FCM,euclidean,mca_coordinates,3,,,1.4,0.01,300.0,-0.03846092976159248,5.878378127610617,833.2546100212502,10000,0.3333333339488901,0.3333435929657021,1.0,,1.0561912059783936,,after_2017_03_hyperparameter_tuning_results/mca61_euclidean_fcm_m1p4_labels_K3.npy,after_2017_03_hyperparameter_tuning_results/mca61_euclidean_fcm_m1p4_membership_K3.npy,,after_2017_03_hyperparameter_tuning_results/mca61_euclidean_fcm_m1p4_cluster_size_K3.csv
after_2017_03,61,90%,FCM,euclidean,mca_coordinates,3,,,1.5,0.01,300.0,-0.04713434881603235,5.868799334200521,803.4499405779976,10000,0.333333333874663,0.33334288548153834,1.0,,1.0216419696807861,,after_2017_03_hyperparameter_tuning_results/mca61_euclidean_fcm_m1p5_labels_K3.npy,after_2017_03_hyperparameter_tuning_results/mca61_euclidean_fcm_m1p5_membership_K3.npy,,after_2017_03_hyperparameter_tuning_results/mca61_euclidean_fcm_m1p5_cluster_size_K3.csv
after_2017_03,61,90%,FCM,euclidean,mca_coordinates,3,,,1.6,0.01,300.0,-0.05405213660289295,5.872134100465051,785.9568155089364,10000,0.3333333334878228,0.3333383920516206,1.0,,1.0086109638214111,,after_2017_03_hyperparameter_tuning_results/mca61_euclidean_fcm_m1p6_labels_K3.npy,after_2017_03_hyperparameter_tuning_results/mca61_euclidean_fcm_m1p6_membership_K3.npy,,after_2017_03_hyperparameter_tuning_results/mca61_euclidean_fcm_m1p6_cluster_size_K3.csv
after_2017_03,61,90%,FCM,euclidean,mca_coordinates,3,,,1.7,0.01,300.0,-0.05966464606147058,5.890622460928327,769.0375613401238,10000,0.33333333338976917,0.33333636689693763,1.0,,1.045280933380127,,after_2017_03_hyperparameter_tuning_results/mca61_euclidean_fcm_m1p7_labels_K3.npy,after_2017_03_hyperparameter_tuning_results/mca61_euclidean_fcm_m1p7_membership_K3.npy,,after_2017_03_hyperparameter_tuning_results/mca61_euclidean_fcm_m1p7_cluster_size_K3.csv
after_2017_03,61,90%,FCM,euclidean,mca_coordinates,3,,,1.8,0.01,300.0,-0.06380936141658315,5.8896266259229995,755.256075897674,10000,0.33333333335791104,0.33333532343783484,1.0,,1.0142810344696045,,after_2017_03_hyperparameter_tuning_results/mca61_euclidean_fcm_m1p8_labels_K3.npy,after_2017_03_hyperparameter_tuning_results/mca61_euclidean_fcm_m1p8_membership_K3.npy,,after_2017_03_hyperparameter_tuning_results/mca61_euclidean_fcm_m1p8_cluster_size_K3.csv
after_2017_03,61,90%,FCM,euclidean,mca_coordinates,3,,,1.9,0.01,300.0,-0.06842188631469114,6.163085037331591,708.4868656720175,10000,0.3333333334901361,0.33333849180192326,1.0,,0.9872922897338867,,after_2017_03_hyperparameter_tuning_results/mca61_euclidean_fcm_m1p9_labels_K3.npy,after_2017_03_hyperparameter_tuning_results/mca61_euclidean_fcm_m1p9_membership_K3.npy,,after_2017_03_hyperparameter_tuning_results/mca61_euclidean_fcm_m1p9_cluster_size_K3.csv
after_2017_03,61,90%,FCM,euclidean,mca_coordinates,3,,,2.0,0.01,300.0,-0.06848201192713539,6.234408905941122,696.2121351300372,10000,0.3333333334295712,0.3333373906049655,1.0,,1.0288140773773193,,after_2017_03_hyperparameter_tuning_results/mca61_euclidean_fcm_m2p0_labels_K3.npy,after_2017_03_hyperparameter_tuning_results/mca61_euclidean_fcm_m2p0_membership_K3.npy,,after_2017_03_hyperparameter_tuning_results/mca61_euclidean_fcm_m2p0_cluster_size_K3.csv
after_2017_03,61,90%,FCM,euclidean,mca_coordinates,3,,,4.0,0.01,300.0,0.04284025671747086,5.160550065542513,1035.5354889185187,10000,0.33333333333630055,0.3333342035265335,1.0,,1.0295379161834717,,after_2017_03_hyperparameter_tuning_results/mca61_euclidean_fcm_m4p0_labels_K3.npy,after_2017_03_hyperparameter_tuning_results/mca61_euclidean_fcm_m4p0_membership_K3.npy,,after_2017_03_hyperparameter_tuning_results/mca61_euclidean_fcm_m4p0_cluster_size_K3.csv
after_2017_03,61,90%,KMeans,euclidean,mca_coordinates,5,4096.0,5.0,,,,0.004835643671426594,4.793545454963817,815.6728709820939,10000,,,,,1.0465879440307617,,after_2017_03_hyperparameter_tuning_results/mca61_euclidean_kmeans_bs4096_ninit5_labels_K5.npy,,,after_2017_03_hyperparameter_tuning_results/mca61_euclidean_kmeans_bs4096_ninit5_cluster_size_K5.csv
after_2017_03,61,90%,KMeans,euclidean,mca_coordinates,5,4096.0,10.0,,,,-0.0010085694298857645,4.719699395240276,809.4851399036054,10000,,,,,1.1724588871002197,,after_2017_03_hyperparameter_tuning_results/mca61_euclidean_kmeans_bs4096_ninit10_labels_K5.npy,,,after_2017_03_hyperparameter_tuning_results/mca61_euclidean_kmeans_bs4096_ninit10_cluster_size_K5.csv
after_2017_03,61,90%,KMeans,euclidean,mca_coordinates,5,4096.0,20.0,,,,-0.08466700850101308,4.0376571129364915,781.0007342187183,10000,,,,,1.6806268692016602,,after_2017_03_hyperparameter_tuning_results/mca61_euclidean_kmeans_bs4096_ninit20_labels_K5.npy,,,after_2017_03_hyperparameter_tuning_results/mca61_euclidean_kmeans_bs4096_ninit20_cluster_size_K5.csv
after_2017_03,61,90%,KMeans,euclidean,mca_coordinates,5,8192.0,5.0,,,,0.003230152908940725,4.59368124003751,958.1356404765199,10000,,,,,1.2976267337799072,,after_2017_03_hyperparameter_tuning_results/mca61_euclidean_kmeans_bs8192_ninit5_labels_K5.npy,,,after_2017_03_hyperparameter_tuning_results/mca61_euclidean_kmeans_bs8192_ninit5_cluster_size_K5.csv
after_2017_03,61,90%,KMeans,euclidean,mca_coordinates,5,8192.0,10.0,,,,0.04447692841706634,3.2273524768123436,1250.5350296033807,10000,,,,,1.4272902011871338,,after_2017_03_hyperparameter_tuning_results/mca61_euclidean_kmeans_bs8192_ninit10_labels_K5.npy,,,after_2017_03_hyperparameter_tuning_results/mca61_euclidean_kmeans_bs8192_ninit10_cluster_size_K5.csv
after_2017_03,61,90%,KMeans,euclidean,mca_coordinates,5,8192.0,20.0,,,,0.045191489653205345,3.662697762176186,1338.2221793421365,10000,,,,,1.6459300518035889,,after_2017_03_hyperparameter_tuning_results/mca61_euclidean_kmeans_bs8192_ninit20_labels_K5.npy,,,after_2017_03_hyperparameter_tuning_results/mca61_euclidean_kmeans_bs8192_ninit20_cluster_size_K5.csv
after_2017_03,61,90%,KMeans,euclidean,mca_coordinates,5,16384.0,5.0,,,,0.03326368271520611,4.240279791199003,942.2075982960381,10000,,,,,1.3523457050323486,,after_2017_03_hyperparameter_tuning_results/mca61_euclidean_kmeans_bs16384_ninit5_labels_K5.npy,,,after_2017_03_hyperparameter_tuning_results/mca61_euclidean_kmeans_bs16384_ninit5_cluster_size_K5.csv
after_2017_03,61,90%,KMeans,euclidean,mca_coordinates,5,16384.0,10.0,,,,0.09268990327456451,3.7453012556967913,1191.955821228528,10000,,,,,1.673492193222046,,after_2017_03_hyperparameter_tuning_results/mca61_euclidean_kmeans_bs16384_ninit10_labels_K5.npy,,,after_2017_03_hyperparameter_tuning_results/mca61_euclidean_kmeans_bs16384_ninit10_cluster_size_K5.csv
after_2017_03,61,90%,KMeans,euclidean,mca_coordinates,5,16384.0,20.0,,,,0.03193148939168529,3.6464423997478974,1224.1391983689316,10000,,,,,1.914032220840454,,after_2017_03_hyperparameter_tuning_results/mca61_euclidean_kmeans_bs16384_ninit20_labels_K5.npy,,,after_2017_03_hyperparameter_tuning_results/mca61_euclidean_kmeans_bs16384_ninit20_cluster_size_K5.csv
after_2017_03,61,90%,FCM,euclidean,mca_coordinates,5,,,1.1,0.01,300.0,-0.007076986174632256,4.760992233055759,925.4009099803009,10000,0.4924044493350426,0.5912043380747593,0.42828846518197006,,5.257806062698364,,after_2017_03_hyperparameter_tuning_results/mca61_euclidean_fcm_m1p1_labels_K5.npy,after_2017_03_hyperparameter_tuning_results/mca61_euclidean_fcm_m1p1_membership_K5.npy,,after_2017_03_hyperparameter_tuning_results/mca61_euclidean_fcm_m1p1_cluster_size_K5.csv
after_2017_03,61,90%,FCM,euclidean,mca_coordinates,5,,,1.2,0.01,300.0,-0.04825614913868905,6.004012621438259,607.1292642288261,10000,0.20000002744956255,0.20007444427713403,1.0,,1.4567179679870605,,after_2017_03_hyperparameter_tuning_results/mca61_euclidean_fcm_m1p2_labels_K5.npy,after_2017_03_hyperparameter_tuning_results/mca61_euclidean_fcm_m1p2_membership_K5.npy,,after_2017_03_hyperparameter_tuning_results/mca61_euclidean_fcm_m1p2_cluster_size_K5.csv
after_2017_03,61,90%,FCM,euclidean,mca_coordinates,5,,,1.3,0.01,300.0,-0.05136587175577307,5.820683218716985,661.5967807658928,10000,0.20000000116346406,0.2000151223547979,1.0,,1.109147310256958,,after_2017_03_hyperparameter_tuning_results/mca61_euclidean_fcm_m1p3_labels_K5.npy,after_2017_03_hyperparameter_tuning_results/mca61_euclidean_fcm_m1p3_membership_K5.npy,,after_2017_03_hyperparameter_tuning_results/mca61_euclidean_fcm_m1p3_cluster_size_K5.csv
after_2017_03,61,90%,FCM,euclidean,mca_coordinates,5,,,1.4,0.01,300.0,-0.0688945165905295,5.636506058002235,685.2959152122606,10000,0.20000000104493312,0.2000142040393927,1.0,,1.0453660488128662,,after_2017_03_hyperparameter_tuning_results/mca61_euclidean_fcm_m1p4_labels_K5.npy,after_2017_03_hyperparameter_tuning_results/mca61_euclidean_fcm_m1p4_membership_K5.npy,,after_2017_03_hyperparameter_tuning_results/mca61_euclidean_fcm_m1p4_cluster_size_K5.csv
after_2017_03,61,90%,FCM,euclidean,mca_coordinates,5,,,1.5,0.01,300.0,-0.07380335795976133,5.598947895638429,684.9947575627273,10000,0.2000000001981705,0.20000615580506637,1.0,,1.022507667541504,,after_2017_03_hyperparameter_tuning_results/mca61_euclidean_fcm_m1p5_labels_K5.npy,after_2017_03_hyperparameter_tuning_results/mca61_euclidean_fcm_m1p5_membership_K5.npy,,after_2017_03_hyperparameter_tuning_results/mca61_euclidean_fcm_m1p5_cluster_size_K5.csv
after_2017_03,61,90%,FCM,euclidean,mca_coordinates,5,,,1.6,0.01,300.0,-0.08446374842153896,5.559692858044814,681.3401832385294,10000,0.20000000005444285,0.20000321603309307,1.0,,1.0128037929534912,,after_2017_03_hyperparameter_tuning_results/mca61_euclidean_fcm_m1p6_labels_K5.npy,after_2017_03_hyperparameter_tuning_results/mca61_euclidean_fcm_m1p6_membership_K5.npy,,after_2017_03_hyperparameter_tuning_results/mca61_euclidean_fcm_m1p6_cluster_size_K5.csv
after_2017_03,61,90%,FCM,euclidean,mca_coordinates,5,,,1.7,0.01,300.0,-0.1024169154656548,5.511466056088781,647.6937621153799,10000,0.20000000020002018,0.2000062138258678,1.0,,1.0337557792663574,,after_2017_03_hyperparameter_tuning_results/mca61_euclidean_fcm_m1p7_labels_K5.npy,after_2017_03_hyperparameter_tuning_results/mca61_euclidean_fcm_m1p7_membership_K5.npy,,after_2017_03_hyperparameter_tuning_results/mca61_euclidean_fcm_m1p7_cluster_size_K5.csv
after_2017_03,61,90%,FCM,euclidean,mca_coordinates,5,,,1.8,0.01,300.0,-0.11002819502887978,5.4664776378563165,632.9898014382072,10000,0.2000000000997392,0.20000439783124202,1.0,,0.9996869564056396,,after_2017_03_hyperparameter_tuning_results/mca61_euclidean_fcm_m1p8_labels_K5.npy,after_2017_03_hyperparameter_tuning_results/mca61_euclidean_fcm_m1p8_membership_K5.npy,,after_2017_03_hyperparameter_tuning_results/mca61_euclidean_fcm_m1p8_cluster_size_K5.csv
after_2017_03,61,90%,FCM,euclidean,mca_coordinates,5,,,1.9,0.01,300.0,-0.1199540704313932,5.513480732202838,620.4684486778763,10000,0.2000000000555191,0.20000330113577194,1.0,,1.2155098915100098,,after_2017_03_hyperparameter_tuning_results/mca61_euclidean_fcm_m1p9_labels_K5.npy,after_2017_03_hyperparameter_tuning_results/mca61_euclidean_fcm_m1p9_membership_K5.npy,,after_2017_03_hyperparameter_tuning_results/mca61_euclidean_fcm_m1p9_cluster_size_K5.csv
after_2017_03,61,90%,FCM,euclidean,mca_coordinates,5,,,2.0,0.01,300.0,-0.12396179445874521,5.508226103692646,602.6675335591727,10000,0.20000000003369228,0.20000259125459474,1.0,,1.3591177463531494,,after_2017_03_hyperparameter_tuning_results/mca61_euclidean_fcm_m2p0_labels_K5.npy,after_2017_03_hyperparameter_tuning_results/mca61_euclidean_fcm_m2p0_membership_K5.npy,,after_2017_03_hyperparameter_tuning_results/mca61_euclidean_fcm_m2p0_cluster_size_K5.csv
after_2017_03,61,90%,FCM,euclidean,mca_coordinates,5,,,4.0,0.01,300.0,-0.009127939469034903,6.07488744013622,599.8304162503472,10000,0.20000000000186874,0.20000067086690237,1.0,,1.1801788806915283,,after_2017_03_hyperparameter_tuning_results/mca61_euclidean_fcm_m4p0_labels_K5.npy,after_2017_03_hyperparameter_tuning_results/mca61_euclidean_fcm_m4p0_membership_K5.npy,,after_2017_03_hyperparameter_tuning_results/mca61_euclidean_fcm_m4p0_cluster_size_K5.csv
after_2017_03,61,90%,KMeans,euclidean,mca_coordinates,6,4096.0,5.0,,,,0.08329323486846923,3.240242771704445,1006.542250263237,10000,,,,,1.1156389713287354,,after_2017_03_hyperparameter_tuning_results/mca61_euclidean_kmeans_bs4096_ninit5_labels_K6.npy,,,after_2017_03_hyperparameter_tuning_results/mca61_euclidean_kmeans_bs4096_ninit5_cluster_size_K6.csv
after_2017_03,61,90%,KMeans,euclidean,mca_coordinates,6,4096.0,10.0,,,,0.01746846738389782,3.4980752029276925,952.8572111674389,10000,,,,,1.4560861587524414,,after_2017_03_hyperparameter_tuning_results/mca61_euclidean_kmeans_bs4096_ninit10_labels_K6.npy,,,after_2017_03_hyperparameter_tuning_results/mca61_euclidean_kmeans_bs4096_ninit10_cluster_size_K6.csv
after_2017_03,61,90%,KMeans,euclidean,mca_coordinates,6,4096.0,20.0,,,,-0.019475755967347956,4.019456306478996,881.8265175303015,10000,,,,,1.7041218280792236,,after_2017_03_hyperparameter_tuning_results/mca61_euclidean_kmeans_bs4096_ninit20_labels_K6.npy,,,after_2017_03_hyperparameter_tuning_results/mca61_euclidean_kmeans_bs4096_ninit20_cluster_size_K6.csv
after_2017_03,61,90%,KMeans,euclidean,mca_coordinates,6,8192.0,5.0,,,,0.12967691964283992,3.191770380884011,1223.148881336458,10000,,,,,1.1873798370361328,,after_2017_03_hyperparameter_tuning_results/mca61_euclidean_kmeans_bs8192_ninit5_labels_K6.npy,,,after_2017_03_hyperparameter_tuning_results/mca61_euclidean_kmeans_bs8192_ninit5_cluster_size_K6.csv
after_2017_03,61,90%,KMeans,euclidean,mca_coordinates,6,8192.0,10.0,,,,0.09329108339934206,3.279716714346527,1207.2769780070214,10000,,,,,1.3267688751220703,,after_2017_03_hyperparameter_tuning_results/mca61_euclidean_kmeans_bs8192_ninit10_labels_K6.npy,,,after_2017_03_hyperparameter_tuning_results/mca61_euclidean_kmeans_bs8192_ninit10_cluster_size_K6.csv
after_2017_03,61,90%,KMeans,euclidean,mca_coordinates,6,8192.0,20.0,,,,0.03935371292494173,3.893076583194682,917.2074805050388,10000,,,,,1.5721569061279297,,after_2017_03_hyperparameter_tuning_results/mca61_euclidean_kmeans_bs8192_ninit20_labels_K6.npy,,,after_2017_03_hyperparameter_tuning_results/mca61_euclidean_kmeans_bs8192_ninit20_cluster_size_K6.csv
after_2017_03,61,90%,KMeans,euclidean,mca_coordinates,6,16384.0,5.0,,,,0.006370106199899714,4.0633128102887435,1132.2528038309795,10000,,,,,1.4922749996185303,,after_2017_03_hyperparameter_tuning_results/mca61_euclidean_kmeans_bs16384_ninit5_labels_K6.npy,,,after_2017_03_hyperparameter_tuning_results/mca61_euclidean_kmeans_bs16384_ninit5_cluster_size_K6.csv
after_2017_03,61,90%,KMeans,euclidean,mca_coordinates,6,16384.0,10.0,,,,0.0026156818246777847,4.083759213528391,1114.2612634672803,10000,,,,,1.4450161457061768,,after_2017_03_hyperparameter_tuning_results/mca61_euclidean_kmeans_bs16384_ninit10_labels_K6.npy,,,after_2017_03_hyperparameter_tuning_results/mca61_euclidean_kmeans_bs16384_ninit10_cluster_size_K6.csv
after_2017_03,61,90%,KMeans,euclidean,mca_coordinates,6,16384.0,20.0,,,,-0.007030943058422966,4.445207613223163,1068.134153596605,10000,,,,,1.9152708053588867,,after_2017_03_hyperparameter_tuning_results/mca61_euclidean_kmeans_bs16384_ninit20_labels_K6.npy,,,after_2017_03_hyperparameter_tuning_results/mca61_euclidean_kmeans_bs16384_ninit20_cluster_size_K6.csv
after_2017_03,61,90%,FCM,euclidean,mca_coordinates,6,,,1.1,0.01,300.0,-0.018789837446652597,4.456805849189338,852.7531131417396,10000,0.48621970726850244,0.5846190118948987,0.44306653576534216,,12.768514156341553,,after_2017_03_hyperparameter_tuning_results/mca61_euclidean_fcm_m1p1_labels_K6.npy,after_2017_03_hyperparameter_tuning_results/mca61_euclidean_fcm_m1p1_membership_K6.npy,,after_2017_03_hyperparameter_tuning_results/mca61_euclidean_fcm_m1p1_cluster_size_K6.csv
after_2017_03,61,90%,FCM,euclidean,mca_coordinates,6,,,1.2,0.01,300.0,-0.12177260394759157,7.149985678973748,502.8900287249691,10000,0.16666670143682658,0.16674412321345283,1.0,,1.4954428672790527,,after_2017_03_hyperparameter_tuning_results/mca61_euclidean_fcm_m1p2_labels_K6.npy,after_2017_03_hyperparameter_tuning_results/mca61_euclidean_fcm_m1p2_membership_K6.npy,,after_2017_03_hyperparameter_tuning_results/mca61_euclidean_fcm_m1p2_cluster_size_K6.csv
after_2017_03,61,90%,FCM,euclidean,mca_coordinates,6,,,1.3,0.01,300.0,-0.1010005513854052,6.150605918387345,565.604351650312,10000,0.16666666954668174,0.1666888076270557,1.0,,1.1717722415924072,,after_2017_03_hyperparameter_tuning_results/mca61_euclidean_fcm_m1p3_labels_K6.npy,after_2017_03_hyperparameter_tuning_results/mca61_euclidean_fcm_m1p3_membership_K6.npy,,after_2017_03_hyperparameter_tuning_results/mca61_euclidean_fcm_m1p3_cluster_size_K6.csv
after_2017_03,61,90%,FCM,euclidean,mca_coordinates,6,,,1.4,0.01,300.0,-0.08358666153959059,5.898961699312729,578.3547531141684,10000,0.16666666756174556,0.16667900577763636,1.0,,1.2898406982421875,,after_2017_03_hyperparameter_tuning_results/mca61_euclidean_fcm_m1p4_labels_K6.npy,after_2017_03_hyperparameter_tuning_results/mca61_euclidean_fcm_m1p4_membership_K6.npy,,after_2017_03_hyperparameter_tuning_results/mca61_euclidean_fcm_m1p4_cluster_size_K6.csv
after_2017_03,61,90%,FCM,euclidean,mca_coordinates,6,,,1.5,0.01,300.0,-0.08268641528493874,5.868662514736324,581.4864300754826,10000,0.16666666684077217,0.16667209424427024,1.0,,1.0832390785217285,,after_2017_03_hyperparameter_tuning_results/mca61_euclidean_fcm_m1p5_labels_K6.npy,after_2017_03_hyperparameter_tuning_results/mca61_euclidean_fcm_m1p5_membership_K6.npy,,after_2017_03_hyperparameter_tuning_results/mca61_euclidean_fcm_m1p5_cluster_size_K6.csv
after_2017_03,61,90%,FCM,euclidean,mca_coordinates,6,,,1.6,0.01,300.0,-0.0872305094294642,5.755212514466931,577.0842878592213,10000,0.16666666707154842,0.16667502031190082,1.0,,1.0034680366516113,,after_2017_03_hyperparameter_tuning_results/mca61_euclidean_fcm_m1p6_labels_K6.npy,after_2017_03_hyperparameter_tuning_results/mca61_euclidean_fcm_m1p6_membership_K6.npy,,after_2017_03_hyperparameter_tuning_results/mca61_euclidean_fcm_m1p6_cluster_size_K6.csv
after_2017_03,61,90%,FCM,euclidean,mca_coordinates,6,,,1.7,0.01,300.0,-0.09103753596779275,5.7574647301876665,575.1108575842755,10000,0.16666666684558845,0.16667221329133064,1.0,,1.2964448928833008,,after_2017_03_hyperparameter_tuning_results/mca61_euclidean_fcm_m1p7_labels_K6.npy,after_2017_03_hyperparameter_tuning_results/mca61_euclidean_fcm_m1p7_membership_K6.npy,,after_2017_03_hyperparameter_tuning_results/mca61_euclidean_fcm_m1p7_cluster_size_K6.csv
after_2017_03,61,90%,FCM,euclidean,mca_coordinates,6,,,1.8,0.01,300.0,-0.09211588688904497,5.747923997016869,572.1482154215221,10000,0.16666666675824052,0.16667063241762478,1.0,,1.0488479137420654,,after_2017_03_hyperparameter_tuning_results/mca61_euclidean_fcm_m1p8_labels_K6.npy,after_2017_03_hyperparameter_tuning_results/mca61_euclidean_fcm_m1p8_membership_K6.npy,,after_2017_03_hyperparameter_tuning_results/mca61_euclidean_fcm_m1p8_cluster_size_K6.csv
after_2017_03,61,90%,FCM,euclidean,mca_coordinates,6,,,1.9,0.01,300.0,-0.09509768186599558,5.747879737088245,567.1748955757059,10000,0.16666666671901667,0.1666696648203568,1.0,,1.019500970840454,,after_2017_03_hyperparameter_tuning_results/mca61_euclidean_fcm_m1p9_labels_K6.npy,after_2017_03_hyperparameter_tuning_results/mca61_euclidean_fcm_m1p9_membership_K6.npy,,after_2017_03_hyperparameter_tuning_results/mca61_euclidean_fcm_m1p9_cluster_size_K6.csv
after_2017_03,61,90%,FCM,euclidean,mca_coordinates,6,,,2.0,0.01,300.0,-0.09902269469569479,5.73727015727568,562.7702224884721,10000,0.16666666669928673,0.16666903817872333,1.0,,0.9722466468811035,,after_2017_03_hyperparameter_tuning_results/mca61_euclidean_fcm_m2p0_labels_K6.npy,after_2017_03_hyperparameter_tuning_results/mca61_euclidean_fcm_m2p0_membership_K6.npy,,after_2017_03_hyperparameter_tuning_results/mca61_euclidean_fcm_m2p0_cluster_size_K6.csv
after_2017_03,61,90%,FCM,euclidean,mca_coordinates,6,,,4.0,0.01,300.0,-0.10367051788888185,5.892901615863931,537.6616219740666,10000,0.16666666666830285,0.16666718397485578,1.0,,1.0116019248962402,,after_2017_03_hyperparameter_tuning_results/mca61_euclidean_fcm_m4p0_labels_K6.npy,after_2017_03_hyperparameter_tuning_results/mca61_euclidean_fcm_m4p0_membership_K6.npy,,after_2017_03_hyperparameter_tuning_results/mca61_euclidean_fcm_m4p0_cluster_size_K6.csv
after_2017_03,73,100%,KMeans,euclidean,mca_coordinates,3,4096.0,5.0,,,,0.04857053089841273,5.225371497166106,978.0682512862933,10000,,,,,1.236025094985962,,after_2017_03_hyperparameter_tuning_results/mca73_euclidean_kmeans_bs4096_ninit5_labels_K3.npy,,,after_2017_03_hyperparameter_tuning_results/mca73_euclidean_kmeans_bs4096_ninit5_cluster_size_K3.csv
after_2017_03,73,100%,KMeans,euclidean,mca_coordinates,3,4096.0,10.0,,,,0.03078478626418895,5.089558096528218,875.960223739742,10000,,,,,1.445383071899414,,after_2017_03_hyperparameter_tuning_results/mca73_euclidean_kmeans_bs4096_ninit10_labels_K3.npy,,,after_2017_03_hyperparameter_tuning_results/mca73_euclidean_kmeans_bs4096_ninit10_cluster_size_K3.csv
after_2017_03,73,100%,KMeans,euclidean,mca_coordinates,3,4096.0,20.0,,,,0.1649296542211247,3.5662882028329377,1048.8751926826678,10000,,,,,1.415370225906372,,after_2017_03_hyperparameter_tuning_results/mca73_euclidean_kmeans_bs4096_ninit20_labels_K3.npy,,,after_2017_03_hyperparameter_tuning_results/mca73_euclidean_kmeans_bs4096_ninit20_cluster_size_K3.csv
after_2017_03,73,100%,KMeans,euclidean,mca_coordinates,3,8192.0,5.0,,,,0.06275812052456856,4.2618695417795545,919.1442053773624,10000,,,,,1.1939337253570557,,after_2017_03_hyperparameter_tuning_results/mca73_euclidean_kmeans_bs8192_ninit5_labels_K3.npy,,,after_2017_03_hyperparameter_tuning_results/mca73_euclidean_kmeans_bs8192_ninit5_cluster_size_K3.csv
after_2017_03,73,100%,KMeans,euclidean,mca_coordinates,3,8192.0,10.0,,,,0.06348519694903827,4.269828922546154,919.0381567951184,10000,,,,,1.5994431972503662,,after_2017_03_hyperparameter_tuning_results/mca73_euclidean_kmeans_bs8192_ninit10_labels_K3.npy,,,after_2017_03_hyperparameter_tuning_results/mca73_euclidean_kmeans_bs8192_ninit10_cluster_size_K3.csv
after_2017_03,73,100%,KMeans,euclidean,mca_coordinates,3,8192.0,20.0,,,,0.06333644142805224,4.254690719741608,918.3392313554046,10000,,,,,1.6518278121948242,,after_2017_03_hyperparameter_tuning_results/mca73_euclidean_kmeans_bs8192_ninit20_labels_K3.npy,,,after_2017_03_hyperparameter_tuning_results/mca73_euclidean_kmeans_bs8192_ninit20_cluster_size_K3.csv
after_2017_03,73,100%,KMeans,euclidean,mca_coordinates,3,16384.0,5.0,,,,0.0498008874177233,5.119140098271662,925.9130243034974,10000,,,,,1.6499760150909424,,after_2017_03_hyperparameter_tuning_results/mca73_euclidean_kmeans_bs16384_ninit5_labels_K3.npy,,,after_2017_03_hyperparameter_tuning_results/mca73_euclidean_kmeans_bs16384_ninit5_cluster_size_K3.csv
after_2017_03,73,100%,KMeans,euclidean,mca_coordinates,3,16384.0,10.0,,,,0.05061444918471551,5.124931078608955,921.7169632919795,10000,,,,,1.5079376697540283,,after_2017_03_hyperparameter_tuning_results/mca73_euclidean_kmeans_bs16384_ninit10_labels_K3.npy,,,after_2017_03_hyperparameter_tuning_results/mca73_euclidean_kmeans_bs16384_ninit10_cluster_size_K3.csv
after_2017_03,73,100%,KMeans,euclidean,mca_coordinates,3,16384.0,20.0,,,,0.05132856366269506,5.114041473567029,921.8622866294331,10000,,,,,1.7217037677764893,,after_2017_03_hyperparameter_tuning_results/mca73_euclidean_kmeans_bs16384_ninit20_labels_K3.npy,,,after_2017_03_hyperparameter_tuning_results/mca73_euclidean_kmeans_bs16384_ninit20_cluster_size_K3.csv
after_2017_03,73,100%,FCM,euclidean,mca_coordinates,3,,,1.1,0.01,300.0,0.014444072042228202,5.377682940089534,1054.7270982884297,10000,0.5005312007678431,0.5939744845441625,0.4072581339671713,,2.5744481086730957,,after_2017_03_hyperparameter_tuning_results/mca73_euclidean_fcm_m1p1_labels_K3.npy,after_2017_03_hyperparameter_tuning_results/mca73_euclidean_fcm_m1p1_membership_K3.npy,,after_2017_03_hyperparameter_tuning_results/mca73_euclidean_fcm_m1p1_cluster_size_K3.csv
after_2017_03,73,100%,FCM,euclidean,mca_coordinates,3,,,1.2,0.01,300.0,-0.03649446901024315,6.2793233258222045,763.8984495103628,10000,0.33333333940863563,0.33336505935597277,1.0,,1.1656131744384766,,after_2017_03_hyperparameter_tuning_results/mca73_euclidean_fcm_m1p2_labels_K3.npy,after_2017_03_hyperparameter_tuning_results/mca73_euclidean_fcm_m1p2_membership_K3.npy,,after_2017_03_hyperparameter_tuning_results/mca73_euclidean_fcm_m1p2_cluster_size_K3.csv
after_2017_03,73,100%,FCM,euclidean,mca_coordinates,3,,,1.3,0.01,300.0,-0.046764670463480054,6.305953897378576,729.1735102140289,10000,0.3333333344000534,0.3333463275232796,1.0,,1.0867950916290283,,after_2017_03_hyperparameter_tuning_results/mca73_euclidean_fcm_m1p3_labels_K3.npy,after_2017_03_hyperparameter_tuning_results/mca73_euclidean_fcm_m1p3_membership_K3.npy,,after_2017_03_hyperparameter_tuning_results/mca73_euclidean_fcm_m1p3_cluster_size_K3.csv
after_2017_03,73,100%,FCM,euclidean,mca_coordinates,3,,,1.4,0.01,300.0,-0.05703283589815701,6.3500967134107995,696.3180624639057,10000,0.3333333338168677,0.33334199885904214,1.0,,1.274271011352539,,after_2017_03_hyperparameter_tuning_results/mca73_euclidean_fcm_m1p4_labels_K3.npy,after_2017_03_hyperparameter_tuning_results/mca73_euclidean_fcm_m1p4_membership_K3.npy,,after_2017_03_hyperparameter_tuning_results/mca73_euclidean_fcm_m1p4_cluster_size_K3.csv
after_2017_03,73,100%,FCM,euclidean,mca_coordinates,3,,,1.5,0.01,300.0,-0.0621080698561267,6.368926330414417,680.6867409120432,10000,0.3333333334300995,0.33333717852615646,1.0,,1.0575881004333496,,after_2017_03_hyperparameter_tuning_results/mca73_euclidean_fcm_m1p5_labels_K3.npy,after_2017_03_hyperparameter_tuning_results/mca73_euclidean_fcm_m1p5_membership_K3.npy,,after_2017_03_hyperparameter_tuning_results/mca73_euclidean_fcm_m1p5_cluster_size_K3.csv
after_2017_03,73,100%,FCM,euclidean,mca_coordinates,3,,,1.6,0.01,300.0,-0.06512831212363276,6.38317628853702,669.7723197313466,10000,0.3333333333613027,0.33333538681234803,1.0,,1.067655086517334,,after_2017_03_hyperparameter_tuning_results/mca73_euclidean_fcm_m1p6_labels_K3.npy,after_2017_03_hyperparameter_tuning_results/mca73_euclidean_fcm_m1p6_membership_K3.npy,,after_2017_03_hyperparameter_tuning_results/mca73_euclidean_fcm_m1p6_cluster_size_K3.csv
after_2017_03,73,100%,FCM,euclidean,mca_coordinates,3,,,1.7,0.01,300.0,-0.07459043082052069,6.742635076026425,633.3179028313115,10000,0.3333333334735421,0.33333804082165036,1.0,,1.0626592636108398,,after_2017_03_hyperparameter_tuning_results/mca73_euclidean_fcm_m1p7_labels_K3.npy,after_2017_03_hyperparameter_tuning_results/mca73_euclidean_fcm_m1p7_membership_K3.npy,,after_2017_03_hyperparameter_tuning_results/mca73_euclidean_fcm_m1p7_cluster_size_K3.csv
after_2017_03,73,100%,FCM,euclidean,mca_coordinates,3,,,1.8,0.01,300.0,-0.0746082314374974,6.826532178659133,622.5821752927149,10000,0.3333333334054465,0.3333367200795901,1.0,,1.389930009841919,,after_2017_03_hyperparameter_tuning_results/mca73_euclidean_fcm_m1p8_labels_K3.npy,after_2017_03_hyperparameter_tuning_results/mca73_euclidean_fcm_m1p8_membership_K3.npy,,after_2017_03_hyperparameter_tuning_results/mca73_euclidean_fcm_m1p8_cluster_size_K3.csv
after_2017_03,73,100%,FCM,euclidean,mca_coordinates,3,,,1.9,0.01,300.0,-0.07748458890305672,6.865701746333186,614.9085758922442,10000,0.3333333333745084,0.3333359034027693,1.0,,1.0821101665496826,,after_2017_03_hyperparameter_tuning_results/mca73_euclidean_fcm_m1p9_labels_K3.npy,after_2017_03_hyperparameter_tuning_results/mca73_euclidean_fcm_m1p9_membership_K3.npy,,after_2017_03_hyperparameter_tuning_results/mca73_euclidean_fcm_m1p9_cluster_size_K3.csv
after_2017_03,73,100%,FCM,euclidean,mca_coordinates,3,,,2.0,0.01,300.0,-0.07821930738489091,6.937561600630663,607.7371535769349,10000,0.33333333335880877,0.3333353640496637,1.0,,1.064513921737671,,after_2017_03_hyperparameter_tuning_results/mca73_euclidean_fcm_m2p0_labels_K3.npy,after_2017_03_hyperparameter_tuning_results/mca73_euclidean_fcm_m2p0_membership_K3.npy,,after_2017_03_hyperparameter_tuning_results/mca73_euclidean_fcm_m2p0_cluster_size_K3.csv
after_2017_03,73,100%,FCM,euclidean,mca_coordinates,3,,,4.0,0.01,300.0,0.02576801168716885,5.564091690092866,919.0803642041417,10000,0.33333333333407195,0.33333375663220216,1.0,,1.290295124053955,,after_2017_03_hyperparameter_tuning_results/mca73_euclidean_fcm_m4p0_labels_K3.npy,after_2017_03_hyperparameter_tuning_results/mca73_euclidean_fcm_m4p0_membership_K3.npy,,after_2017_03_hyperparameter_tuning_results/mca73_euclidean_fcm_m4p0_cluster_size_K3.csv
after_2017_03,73,100%,KMeans,euclidean,mca_coordinates,5,4096.0,5.0,,,,0.024179359061937737,4.344021226887977,1127.1980072654644,10000,,,,,1.072667121887207,,after_2017_03_hyperparameter_tuning_results/mca73_euclidean_kmeans_bs4096_ninit5_labels_K5.npy,,,after_2017_03_hyperparameter_tuning_results/mca73_euclidean_kmeans_bs4096_ninit5_cluster_size_K5.csv
after_2017_03,73,100%,KMeans,euclidean,mca_coordinates,5,4096.0,10.0,,,,0.013018710040349095,4.8730000465344405,735.7337267967388,10000,,,,,1.2203352451324463,,after_2017_03_hyperparameter_tuning_results/mca73_euclidean_kmeans_bs4096_ninit10_labels_K5.npy,,,after_2017_03_hyperparameter_tuning_results/mca73_euclidean_kmeans_bs4096_ninit10_cluster_size_K5.csv
after_2017_03,73,100%,KMeans,euclidean,mca_coordinates,5,4096.0,20.0,,,,0.059164676058532664,4.2294294231867955,909.796158423049,10000,,,,,1.3569347858428955,,after_2017_03_hyperparameter_tuning_results/mca73_euclidean_kmeans_bs4096_ninit20_labels_K5.npy,,,after_2017_03_hyperparameter_tuning_results/mca73_euclidean_kmeans_bs4096_ninit20_cluster_size_K5.csv
after_2017_03,73,100%,KMeans,euclidean,mca_coordinates,5,8192.0,5.0,,,,0.09774268516958937,2.525936995040225,1087.23994711857,10000,,,,,1.3529798984527588,,after_2017_03_hyperparameter_tuning_results/mca73_euclidean_kmeans_bs8192_ninit5_labels_K5.npy,,,after_2017_03_hyperparameter_tuning_results/mca73_euclidean_kmeans_bs8192_ninit5_cluster_size_K5.csv
after_2017_03,73,100%,KMeans,euclidean,mca_coordinates,5,8192.0,10.0,,,,0.09774268516958937,2.525936995040225,1087.23994711857,10000,,,,,1.5152242183685303,,after_2017_03_hyperparameter_tuning_results/mca73_euclidean_kmeans_bs8192_ninit10_labels_K5.npy,,,after_2017_03_hyperparameter_tuning_results/mca73_euclidean_kmeans_bs8192_ninit10_cluster_size_K5.csv
after_2017_03,73,100%,KMeans,euclidean,mca_coordinates,5,8192.0,20.0,,,,0.09774268516958937,2.525936995040225,1087.23994711857,10000,,,,,1.698077917098999,,after_2017_03_hyperparameter_tuning_results/mca73_euclidean_kmeans_bs8192_ninit20_labels_K5.npy,,,after_2017_03_hyperparameter_tuning_results/mca73_euclidean_kmeans_bs8192_ninit20_cluster_size_K5.csv
after_2017_03,73,100%,KMeans,euclidean,mca_coordinates,5,16384.0,5.0,,,,0.052989286369560656,4.05137883215264,1119.4127011993498,10000,,,,,1.566023826599121,,after_2017_03_hyperparameter_tuning_results/mca73_euclidean_kmeans_bs16384_ninit5_labels_K5.npy,,,after_2017_03_hyperparameter_tuning_results/mca73_euclidean_kmeans_bs16384_ninit5_cluster_size_K5.csv
after_2017_03,73,100%,KMeans,euclidean,mca_coordinates,5,16384.0,10.0,,,,0.10391438141485633,3.3656169269846927,854.8359375647779,10000,,,,,1.6724679470062256,,after_2017_03_hyperparameter_tuning_results/mca73_euclidean_kmeans_bs16384_ninit10_labels_K5.npy,,,after_2017_03_hyperparameter_tuning_results/mca73_euclidean_kmeans_bs16384_ninit10_cluster_size_K5.csv
after_2017_03,73,100%,KMeans,euclidean,mca_coordinates,5,16384.0,20.0,,,,0.03838445955091813,4.011639145701227,857.4043716808577,10000,,,,,2.086214780807495,,after_2017_03_hyperparameter_tuning_results/mca73_euclidean_kmeans_bs16384_ninit20_labels_K5.npy,,,after_2017_03_hyperparameter_tuning_results/mca73_euclidean_kmeans_bs16384_ninit20_cluster_size_K5.csv
after_2017_03,73,100%,FCM,euclidean,mca_coordinates,5,,,1.1,0.01,300.0,-0.029608246984528706,5.910972737725716,781.0985428142775,10000,0.39824657748418313,0.49865449173276655,0.5851978160147436,,6.957404851913452,,after_2017_03_hyperparameter_tuning_results/mca73_euclidean_fcm_m1p1_labels_K5.npy,after_2017_03_hyperparameter_tuning_results/mca73_euclidean_fcm_m1p1_membership_K5.npy,,after_2017_03_hyperparameter_tuning_results/mca73_euclidean_fcm_m1p1_cluster_size_K5.csv
after_2017_03,73,100%,FCM,euclidean,mca_coordinates,5,,,1.2,0.01,300.0,-0.05233308629226777,6.207775653078089,584.8496033834199,10000,0.20000000473148039,0.20002930096061908,1.0,,1.1954319477081299,,after_2017_03_hyperparameter_tuning_results/mca73_euclidean_fcm_m1p2_labels_K5.npy,after_2017_03_hyperparameter_tuning_results/mca73_euclidean_fcm_m1p2_membership_K5.npy,,after_2017_03_hyperparameter_tuning_results/mca73_euclidean_fcm_m1p2_cluster_size_K5.csv
after_2017_03,73,100%,FCM,euclidean,mca_coordinates,5,,,1.3,0.01,300.0,-0.06471470556570376,6.030587427820819,614.3780840436457,10000,0.2000000003798165,0.20000824220216326,1.0,,1.331268072128296,,after_2017_03_hyperparameter_tuning_results/mca73_euclidean_fcm_m1p3_labels_K5.npy,after_2017_03_hyperparameter_tuning_results/mca73_euclidean_fcm_m1p3_membership_K5.npy,,after_2017_03_hyperparameter_tuning_results/mca73_euclidean_fcm_m1p3_cluster_size_K5.csv
after_2017_03,73,100%,FCM,euclidean,mca_coordinates,5,,,1.4,0.01,300.0,-0.07884504490147755,6.009805434520169,614.8032303624005,10000,0.2000000001676523,0.2000055045966182,1.0,,1.0152068138122559,,after_2017_03_hyperparameter_tuning_results/mca73_euclidean_fcm_m1p4_labels_K5.npy,after_2017_03_hyperparameter_tuning_results/mca73_euclidean_fcm_m1p4_membership_K5.npy,,after_2017_03_hyperparameter_tuning_results/mca73_euclidean_fcm_m1p4_cluster_size_K5.csv
after_2017_03,73,100%,FCM,euclidean,mca_coordinates,5,,,1.5,0.01,300.0,-0.0934573690908627,6.089105124972578,587.8576715903775,10000,0.20000000030104628,0.2000075557546118,1.0,,1.0112431049346924,,after_2017_03_hyperparameter_tuning_results/mca73_euclidean_fcm_m1p5_labels_K5.npy,after_2017_03_hyperparameter_tuning_results/mca73_euclidean_fcm_m1p5_membership_K5.npy,,after_2017_03_hyperparameter_tuning_results/mca73_euclidean_fcm_m1p5_cluster_size_K5.csv
after_2017_03,73,100%,FCM,euclidean,mca_coordinates,5,,,1.6,0.01,300.0,-0.0982756154328034,6.0749574749035915,576.5143757963219,10000,0.20000000010610924,0.20000452610752367,1.0,,1.3032848834991455,,after_2017_03_hyperparameter_tuning_results/mca73_euclidean_fcm_m1p6_labels_K5.npy,after_2017_03_hyperparameter_tuning_results/mca73_euclidean_fcm_m1p6_membership_K5.npy,,after_2017_03_hyperparameter_tuning_results/mca73_euclidean_fcm_m1p6_cluster_size_K5.csv
after_2017_03,73,100%,FCM,euclidean,mca_coordinates,5,,,1.7,0.01,300.0,-0.1028703847877855,6.081552666099339,564.9302342820899,10000,0.20000000004576832,0.20000300333940646,1.0,,1.0965478420257568,,after_2017_03_hyperparameter_tuning_results/mca73_euclidean_fcm_m1p7_labels_K5.npy,after_2017_03_hyperparameter_tuning_results/mca73_euclidean_fcm_m1p7_membership_K5.npy,,after_2017_03_hyperparameter_tuning_results/mca73_euclidean_fcm_m1p7_cluster_size_K5.csv
after_2017_03,73,100%,FCM,euclidean,mca_coordinates,5,,,1.8,0.01,300.0,-0.109959984102226,6.080936214605845,551.0667389010255,10000,0.2000000000228319,0.20000214757538765,1.0,,1.076819896697998,,after_2017_03_hyperparameter_tuning_results/mca73_euclidean_fcm_m1p8_labels_K5.npy,after_2017_03_hyperparameter_tuning_results/mca73_euclidean_fcm_m1p8_membership_K5.npy,,after_2017_03_hyperparameter_tuning_results/mca73_euclidean_fcm_m1p8_cluster_size_K5.csv
after_2017_03,73,100%,FCM,euclidean,mca_coordinates,5,,,1.9,0.01,300.0,-0.1097328223153166,5.994479991204219,536.8688366079624,10000,0.20000000001271234,0.20000162512655617,1.0,,1.0402250289916992,,after_2017_03_hyperparameter_tuning_results/mca73_euclidean_fcm_m1p9_labels_K5.npy,after_2017_03_hyperparameter_tuning_results/mca73_euclidean_fcm_m1p9_membership_K5.npy,,after_2017_03_hyperparameter_tuning_results/mca73_euclidean_fcm_m1p9_cluster_size_K5.csv
after_2017_03,73,100%,FCM,euclidean,mca_coordinates,5,,,2.0,0.01,300.0,-0.12088810045120581,6.052206660004115,522.5352929874118,10000,0.20000000000771462,0.20000128468267542,1.0,,1.0304508209228516,,after_2017_03_hyperparameter_tuning_results/mca73_euclidean_fcm_m2p0_labels_K5.npy,after_2017_03_hyperparameter_tuning_results/mca73_euclidean_fcm_m2p0_membership_K5.npy,,after_2017_03_hyperparameter_tuning_results/mca73_euclidean_fcm_m2p0_cluster_size_K5.csv
after_2017_03,73,100%,FCM,euclidean,mca_coordinates,5,,,4.0,0.01,300.0,-0.001739460058687601,6.557491372436621,527.1371470762257,10000,0.20000000002458854,0.20000248485764344,1.0,,1.3028888702392578,,after_2017_03_hyperparameter_tuning_results/mca73_euclidean_fcm_m4p0_labels_K5.npy,after_2017_03_hyperparameter_tuning_results/mca73_euclidean_fcm_m4p0_membership_K5.npy,,after_2017_03_hyperparameter_tuning_results/mca73_euclidean_fcm_m4p0_cluster_size_K5.csv
after_2017_03,73,100%,KMeans,euclidean,mca_coordinates,6,4096.0,5.0,,,,-0.022270129826492804,5.1503874166250805,650.118506983012,10000,,,,,1.0671401023864746,,after_2017_03_hyperparameter_tuning_results/mca73_euclidean_kmeans_bs4096_ninit5_labels_K6.npy,,,after_2017_03_hyperparameter_tuning_results/mca73_euclidean_kmeans_bs4096_ninit5_cluster_size_K6.csv
after_2017_03,73,100%,KMeans,euclidean,mca_coordinates,6,4096.0,10.0,,,,0.0233983781110649,4.514981193368821,787.339255566272,10000,,,,,1.2172269821166992,,after_2017_03_hyperparameter_tuning_results/mca73_euclidean_kmeans_bs4096_ninit10_labels_K6.npy,,,after_2017_03_hyperparameter_tuning_results/mca73_euclidean_kmeans_bs4096_ninit10_cluster_size_K6.csv
after_2017_03,73,100%,KMeans,euclidean,mca_coordinates,6,4096.0,20.0,,,,-0.043174490332285015,4.456267002788427,797.5419575970024,10000,,,,,1.9311838150024414,,after_2017_03_hyperparameter_tuning_results/mca73_euclidean_kmeans_bs4096_ninit20_labels_K6.npy,,,after_2017_03_hyperparameter_tuning_results/mca73_euclidean_kmeans_bs4096_ninit20_cluster_size_K6.csv
after_2017_03,73,100%,KMeans,euclidean,mca_coordinates,6,8192.0,5.0,,,,0.110646371120045,3.019849449092709,1102.596478270155,10000,,,,,1.3168249130249023,,after_2017_03_hyperparameter_tuning_results/mca73_euclidean_kmeans_bs8192_ninit5_labels_K6.npy,,,after_2017_03_hyperparameter_tuning_results/mca73_euclidean_kmeans_bs8192_ninit5_cluster_size_K6.csv
after_2017_03,73,100%,KMeans,euclidean,mca_coordinates,6,8192.0,10.0,,,,0.0787968724378616,3.158436809216765,1099.319449646716,10000,,,,,1.542663812637329,,after_2017_03_hyperparameter_tuning_results/mca73_euclidean_kmeans_bs8192_ninit10_labels_K6.npy,,,after_2017_03_hyperparameter_tuning_results/mca73_euclidean_kmeans_bs8192_ninit10_cluster_size_K6.csv
after_2017_03,73,100%,KMeans,euclidean,mca_coordinates,6,8192.0,20.0,,,,0.048067968778979744,3.314483265810414,1092.3768207767037,10000,,,,,1.9640021324157715,,after_2017_03_hyperparameter_tuning_results/mca73_euclidean_kmeans_bs8192_ninit20_labels_K6.npy,,,after_2017_03_hyperparameter_tuning_results/mca73_euclidean_kmeans_bs8192_ninit20_cluster_size_K6.csv
after_2017_03,73,100%,KMeans,euclidean,mca_coordinates,6,16384.0,5.0,,,,0.07582959054178329,3.556579077897467,1010.7230171114113,10000,,,,,1.6683530807495117,,after_2017_03_hyperparameter_tuning_results/mca73_euclidean_kmeans_bs16384_ninit5_labels_K6.npy,,,after_2017_03_hyperparameter_tuning_results/mca73_euclidean_kmeans_bs16384_ninit5_cluster_size_K6.csv
after_2017_03,73,100%,KMeans,euclidean,mca_coordinates,6,16384.0,10.0,,,,0.04320272991640842,3.98075939898019,842.2138116897435,10000,,,,,1.5722439289093018,,after_2017_03_hyperparameter_tuning_results/mca73_euclidean_kmeans_bs16384_ninit10_labels_K6.npy,,,after_2017_03_hyperparameter_tuning_results/mca73_euclidean_kmeans_bs16384_ninit10_cluster_size_K6.csv
after_2017_03,73,100%,KMeans,euclidean,mca_coordinates,6,16384.0,20.0,,,,-0.016748265201214453,4.172097807590485,844.7432024388223,10000,,,,,2.0012621879577637,,after_2017_03_hyperparameter_tuning_results/mca73_euclidean_kmeans_bs16384_ninit20_labels_K6.npy,,,after_2017_03_hyperparameter_tuning_results/mca73_euclidean_kmeans_bs16384_ninit20_cluster_size_K6.csv
after_2017_03,73,100%,FCM,euclidean,mca_coordinates,6,,,1.1,0.01,300.0,-0.028961289527725118,6.235023591000296,682.1897156196098,10000,0.36701997728347663,0.4610463453362334,0.6338724401040321,,7.933476209640503,,after_2017_03_hyperparameter_tuning_results/mca73_euclidean_fcm_m1p1_labels_K6.npy,after_2017_03_hyperparameter_tuning_results/mca73_euclidean_fcm_m1p1_membership_K6.npy,,after_2017_03_hyperparameter_tuning_results/mca73_euclidean_fcm_m1p1_cluster_size_K6.csv
after_2017_03,73,100%,FCM,euclidean,mca_coordinates,6,,,1.2,0.01,300.0,-0.11038711486641095,7.371473731096791,482.8762456801396,10000,0.16666667058962417,0.166691925580438,1.0,,1.5212650299072266,,after_2017_03_hyperparameter_tuning_results/mca73_euclidean_fcm_m1p2_labels_K6.npy,after_2017_03_hyperparameter_tuning_results/mca73_euclidean_fcm_m1p2_membership_K6.npy,,after_2017_03_hyperparameter_tuning_results/mca73_euclidean_fcm_m1p2_cluster_size_K6.csv
after_2017_03,73,100%,FCM,euclidean,mca_coordinates,6,,,1.3,0.01,300.0,-0.10015704984959933,6.355630644500791,522.31336465408,10000,0.1666666679992018,0.16668131572953945,1.0,,1.2183949947357178,,after_2017_03_hyperparameter_tuning_results/mca73_euclidean_fcm_m1p3_labels_K6.npy,after_2017_03_hyperparameter_tuning_results/mca73_euclidean_fcm_m1p3_membership_K6.npy,,after_2017_03_hyperparameter_tuning_results/mca73_euclidean_fcm_m1p3_cluster_size_K6.csv
after_2017_03,73,100%,FCM,euclidean,mca_coordinates,6,,,1.4,0.01,300.0,-0.1007003068228636,6.340028745429723,524.691081800333,10000,0.1666666668090625,0.16667144988409838,1.0,,1.2422239780426025,,after_2017_03_hyperparameter_tuning_results/mca73_euclidean_fcm_m1p4_labels_K6.npy,after_2017_03_hyperparameter_tuning_results/mca73_euclidean_fcm_m1p4_membership_K6.npy,,after_2017_03_hyperparameter_tuning_results/mca73_euclidean_fcm_m1p4_cluster_size_K6.csv
after_2017_03,73,100%,FCM,euclidean,mca_coordinates,6,,,1.5,0.01,300.0,-0.09845956389241967,6.162459407844384,519.9037515468079,10000,0.16666666692391924,0.16667321153615464,1.0,,1.1984941959381104,,after_2017_03_hyperparameter_tuning_results/mca73_euclidean_fcm_m1p5_labels_K6.npy,after_2017_03_hyperparameter_tuning_results/mca73_euclidean_fcm_m1p5_membership_K6.npy,,after_2017_03_hyperparameter_tuning_results/mca73_euclidean_fcm_m1p5_cluster_size_K6.csv
after_2017_03,73,100%,FCM,euclidean,mca_coordinates,6,,,1.6,0.01,300.0,-0.09814374431077999,6.143423622825563,518.1244550240582,10000,0.16666666675992395,0.1666706207403476,1.0,,1.0557551383972168,,after_2017_03_hyperparameter_tuning_results/mca73_euclidean_fcm_m1p6_labels_K6.npy,after_2017_03_hyperparameter_tuning_results/mca73_euclidean_fcm_m1p6_membership_K6.npy,,after_2017_03_hyperparameter_tuning_results/mca73_euclidean_fcm_m1p6_cluster_size_K6.csv
after_2017_03,73,100%,FCM,euclidean,mca_coordinates,6,,,1.7,0.01,300.0,-0.09948466970577284,6.113392282302225,513.7707126217227,10000,0.16666666670813973,0.16666932092905953,1.0,,1.03342604637146,,after_2017_03_hyperparameter_tuning_results/mca73_euclidean_fcm_m1p7_labels_K6.npy,after_2017_03_hyperparameter_tuning_results/mca73_euclidean_fcm_m1p7_membership_K6.npy,,after_2017_03_hyperparameter_tuning_results/mca73_euclidean_fcm_m1p7_cluster_size_K6.csv
after_2017_03,73,100%,FCM,euclidean,mca_coordinates,6,,,1.8,0.01,300.0,-0.1002388391767084,6.169680149365884,507.91243492313026,10000,0.16666666668803665,0.16666858486729838,1.0,,1.0868961811065674,,after_2017_03_hyperparameter_tuning_results/mca73_euclidean_fcm_m1p8_labels_K6.npy,after_2017_03_hyperparameter_tuning_results/mca73_euclidean_fcm_m1p8_membership_K6.npy,,after_2017_03_hyperparameter_tuning_results/mca73_euclidean_fcm_m1p8_cluster_size_K6.csv
after_2017_03,73,100%,FCM,euclidean,mca_coordinates,6,,,1.9,0.01,300.0,-0.1037682522694487,6.21909679909718,502.01928468674345,10000,0.16666666667896918,0.1666681328257138,1.0,,1.1335561275482178,,after_2017_03_hyperparameter_tuning_results/mca73_euclidean_fcm_m1p9_labels_K6.npy,after_2017_03_hyperparameter_tuning_results/mca73_euclidean_fcm_m1p9_membership_K6.npy,,after_2017_03_hyperparameter_tuning_results/mca73_euclidean_fcm_m1p9_cluster_size_K6.csv
after_2017_03,73,100%,FCM,euclidean,mca_coordinates,6,,,2.0,0.01,300.0,-0.10903535865052913,6.25464102627411,495.6914457028131,10000,0.16666666667438726,0.16666783643667937,1.0,,1.0097520351409912,,after_2017_03_hyperparameter_tuning_results/mca73_euclidean_fcm_m2p0_labels_K6.npy,after_2017_03_hyperparameter_tuning_results/mca73_euclidean_fcm_m2p0_membership_K6.npy,,after_2017_03_hyperparameter_tuning_results/mca73_euclidean_fcm_m2p0_cluster_size_K6.csv
after_2017_03,73,100%,FCM,euclidean,mca_coordinates,6,,,4.0,0.01,300.0,-0.1238377709500483,6.2084666937229285,462.15231308517093,10000,0.16666666668874797,0.16666864792623398,1.0,,0.990666389465332,,after_2017_03_hyperparameter_tuning_results/mca73_euclidean_fcm_m4p0_labels_K6.npy,after_2017_03_hyperparameter_tuning_results/mca73_euclidean_fcm_m4p0_membership_K6.npy,,after_2017_03_hyperparameter_tuning_results/mca73_euclidean_fcm_m4p0_cluster_size_K6.csv
after_2017_03,not_used,not_used,JaccardPrototypeKMeans,jaccard,raw_binary_disease_matrix,3,4096.0,5.0,,,100.0,0.06766850869790476,,,10000,,,,0.7525811387958448,4.02521276473999,,after_2017_03_hyperparameter_tuning_results/rawbinary_jaccard_kmeans_bs4096_ninit5_labels_K3.npy,,after_2017_03_hyperparameter_tuning_results/rawbinary_jaccard_kmeans_bs4096_ninit5_centers_K3.npy,after_2017_03_hyperparameter_tuning_results/rawbinary_jaccard_kmeans_bs4096_ninit5_cluster_size_K3.csv
after_2017_03,not_used,not_used,JaccardPrototypeKMeans,jaccard,raw_binary_disease_matrix,3,4096.0,10.0,,,100.0,0.06766850869790476,,,10000,,,,0.7525811387958448,3.8882107734680176,,after_2017_03_hyperparameter_tuning_results/rawbinary_jaccard_kmeans_bs4096_ninit10_labels_K3.npy,,after_2017_03_hyperparameter_tuning_results/rawbinary_jaccard_kmeans_bs4096_ninit10_centers_K3.npy,after_2017_03_hyperparameter_tuning_results/rawbinary_jaccard_kmeans_bs4096_ninit10_cluster_size_K3.csv
after_2017_03,not_used,not_used,JaccardPrototypeKMeans,jaccard,raw_binary_disease_matrix,3,4096.0,20.0,,,100.0,0.07798957345220094,,,10000,,,,0.7293242704191234,3.860146999359131,,after_2017_03_hyperparameter_tuning_results/rawbinary_jaccard_kmeans_bs4096_ninit20_labels_K3.npy,,after_2017_03_hyperparameter_tuning_results/rawbinary_jaccard_kmeans_bs4096_ninit20_centers_K3.npy,after_2017_03_hyperparameter_tuning_results/rawbinary_jaccard_kmeans_bs4096_ninit20_cluster_size_K3.csv
after_2017_03,not_used,not_used,JaccardPrototypeKMeans,jaccard,raw_binary_disease_matrix,3,8192.0,5.0,,,100.0,0.07798957345220094,,,10000,,,,0.7293242704191234,3.895134925842285,,after_2017_03_hyperparameter_tuning_results/rawbinary_jaccard_kmeans_bs8192_ninit5_labels_K3.npy,,after_2017_03_hyperparameter_tuning_results/rawbinary_jaccard_kmeans_bs8192_ninit5_centers_K3.npy,after_2017_03_hyperparameter_tuning_results/rawbinary_jaccard_kmeans_bs8192_ninit5_cluster_size_K3.csv
after_2017_03,not_used,not_used,JaccardPrototypeKMeans,jaccard,raw_binary_disease_matrix,3,8192.0,10.0,,,100.0,0.07798957345220094,,,10000,,,,0.7293242704191234,3.8649368286132812,,after_2017_03_hyperparameter_tuning_results/rawbinary_jaccard_kmeans_bs8192_ninit10_labels_K3.npy,,after_2017_03_hyperparameter_tuning_results/rawbinary_jaccard_kmeans_bs8192_ninit10_centers_K3.npy,after_2017_03_hyperparameter_tuning_results/rawbinary_jaccard_kmeans_bs8192_ninit10_cluster_size_K3.csv
after_2017_03,not_used,not_used,JaccardPrototypeKMeans,jaccard,raw_binary_disease_matrix,3,8192.0,20.0,,,100.0,0.07798957345220094,,,10000,,,,0.7293242704191234,3.9966139793395996,,after_2017_03_hyperparameter_tuning_results/rawbinary_jaccard_kmeans_bs8192_ninit20_labels_K3.npy,,after_2017_03_hyperparameter_tuning_results/rawbinary_jaccard_kmeans_bs8192_ninit20_centers_K3.npy,after_2017_03_hyperparameter_tuning_results/rawbinary_jaccard_kmeans_bs8192_ninit20_cluster_size_K3.csv
after_2017_03,not_used,not_used,JaccardPrototypeKMeans,jaccard,raw_binary_disease_matrix,3,16384.0,5.0,,,100.0,0.0808042144506169,,,10000,,,,0.7865934273732803,3.77545428276062,,after_2017_03_hyperparameter_tuning_results/rawbinary_jaccard_kmeans_bs16384_ninit5_labels_K3.npy,,after_2017_03_hyperparameter_tuning_results/rawbinary_jaccard_kmeans_bs16384_ninit5_centers_K3.npy,after_2017_03_hyperparameter_tuning_results/rawbinary_jaccard_kmeans_bs16384_ninit5_cluster_size_K3.csv
after_2017_03,not_used,not_used,JaccardPrototypeKMeans,jaccard,raw_binary_disease_matrix,3,16384.0,10.0,,,100.0,0.0764187059974134,,,10000,,,,0.7207579809487897,3.849998950958252,,after_2017_03_hyperparameter_tuning_results/rawbinary_jaccard_kmeans_bs16384_ninit10_labels_K3.npy,,after_2017_03_hyperparameter_tuning_results/rawbinary_jaccard_kmeans_bs16384_ninit10_centers_K3.npy,after_2017_03_hyperparameter_tuning_results/rawbinary_jaccard_kmeans_bs16384_ninit10_cluster_size_K3.csv
after_2017_03,not_used,not_used,JaccardPrototypeKMeans,jaccard,raw_binary_disease_matrix,3,16384.0,20.0,,,100.0,0.0764187059974134,,,10000,,,,0.7207579809487897,3.981748104095459,,after_2017_03_hyperparameter_tuning_results/rawbinary_jaccard_kmeans_bs16384_ninit20_labels_K3.npy,,after_2017_03_hyperparameter_tuning_results/rawbinary_jaccard_kmeans_bs16384_ninit20_centers_K3.npy,after_2017_03_hyperparameter_tuning_results/rawbinary_jaccard_kmeans_bs16384_ninit20_cluster_size_K3.csv
after_2017_03,not_used,not_used,JaccardPrototypeFCM,jaccard,raw_binary_disease_matrix,3,,,1.1,0.01,100.0,0.05875269516024106,,,10000,0.533706392945799,0.543012900243119,0.7187171670197557,,3.976431131362915,,after_2017_03_hyperparameter_tuning_results/rawbinary_jaccard_fcm_m1p1_labels_K3.npy,after_2017_03_hyperparameter_tuning_results/rawbinary_jaccard_fcm_m1p1_membership_K3.npy,after_2017_03_hyperparameter_tuning_results/rawbinary_jaccard_fcm_m1p1_centers_K3.npy,after_2017_03_hyperparameter_tuning_results/rawbinary_jaccard_fcm_m1p1_cluster_size_K3.csv
after_2017_03,not_used,not_used,JaccardPrototypeFCM,jaccard,raw_binary_disease_matrix,3,,,1.2,0.01,100.0,0.05875269516024106,,,10000,0.41826633219375986,0.45489418740521886,0.8861158476721955,,3.7871158123016357,,after_2017_03_hyperparameter_tuning_results/rawbinary_jaccard_fcm_m1p2_labels_K3.npy,after_2017_03_hyperparameter_tuning_results/rawbinary_jaccard_fcm_m1p2_membership_K3.npy,after_2017_03_hyperparameter_tuning_results/rawbinary_jaccard_fcm_m1p2_centers_K3.npy,after_2017_03_hyperparameter_tuning_results/rawbinary_jaccard_fcm_m1p2_cluster_size_K3.csv
after_2017_03,not_used,not_used,JaccardPrototypeFCM,jaccard,raw_binary_disease_matrix,3,,,1.3,0.01,100.0,0.05875269516024106,,,10000,0.3898603578917573,0.4281430457306312,0.8861158476721955,,3.9157650470733643,,after_2017_03_hyperparameter_tuning_results/rawbinary_jaccard_fcm_m1p3_labels_K3.npy,after_2017_03_hyperparameter_tuning_results/rawbinary_jaccard_fcm_m1p3_membership_K3.npy,after_2017_03_hyperparameter_tuning_results/rawbinary_jaccard_fcm_m1p3_centers_K3.npy,after_2017_03_hyperparameter_tuning_results/rawbinary_jaccard_fcm_m1p3_cluster_size_K3.csv
after_2017_03,not_used,not_used,JaccardPrototypeFCM,jaccard,raw_binary_disease_matrix,3,,,1.4,0.01,100.0,0.05875269516024106,,,10000,0.37325304658472924,0.41053268431043116,0.9419728207513047,,3.973217010498047,,after_2017_03_hyperparameter_tuning_results/rawbinary_jaccard_fcm_m1p4_labels_K3.npy,after_2017_03_hyperparameter_tuning_results/rawbinary_jaccard_fcm_m1p4_membership_K3.npy,after_2017_03_hyperparameter_tuning_results/rawbinary_jaccard_fcm_m1p4_centers_K3.npy,after_2017_03_hyperparameter_tuning_results/rawbinary_jaccard_fcm_m1p4_cluster_size_K3.csv
after_2017_03,not_used,not_used,JaccardPrototypeFCM,jaccard,raw_binary_disease_matrix,3,,,1.5,0.01,100.0,0.05875269516024106,,,10000,0.3630820120951179,0.3983076135081916,0.9419728207513047,,3.913450002670288,,after_2017_03_hyperparameter_tuning_results/rawbinary_jaccard_fcm_m1p5_labels_K3.npy,after_2017_03_hyperparameter_tuning_results/rawbinary_jaccard_fcm_m1p5_membership_K3.npy,after_2017_03_hyperparameter_tuning_results/rawbinary_jaccard_fcm_m1p5_centers_K3.npy,after_2017_03_hyperparameter_tuning_results/rawbinary_jaccard_fcm_m1p5_cluster_size_K3.csv
after_2017_03,not_used,not_used,JaccardPrototypeFCM,jaccard,raw_binary_disease_matrix,3,,,1.6,0.01,100.0,0.05875269516024106,,,10000,0.3564639469253828,0.3894010673558205,0.9419728207513047,,3.7841479778289795,,after_2017_03_hyperparameter_tuning_results/rawbinary_jaccard_fcm_m1p6_labels_K3.npy,after_2017_03_hyperparameter_tuning_results/rawbinary_jaccard_fcm_m1p6_membership_K3.npy,after_2017_03_hyperparameter_tuning_results/rawbinary_jaccard_fcm_m1p6_centers_K3.npy,after_2017_03_hyperparameter_tuning_results/rawbinary_jaccard_fcm_m1p6_cluster_size_K3.csv
after_2017_03,not_used,not_used,JaccardPrototypeFCM,jaccard,raw_binary_disease_matrix,3,,,1.7,0.01,100.0,0.05875269516024106,,,10000,0.35192668837767255,0.3826489209982977,0.9419728207513047,,3.9183509349823,,after_2017_03_hyperparameter_tuning_results/rawbinary_jaccard_fcm_m1p7_labels_K3.npy,after_2017_03_hyperparameter_tuning_results/rawbinary_jaccard_fcm_m1p7_membership_K3.npy,after_2017_03_hyperparameter_tuning_results/rawbinary_jaccard_fcm_m1p7_centers_K3.npy,after_2017_03_hyperparameter_tuning_results/rawbinary_jaccard_fcm_m1p7_cluster_size_K3.csv
after_2017_03,not_used,not_used,JaccardPrototypeFCM,jaccard,raw_binary_disease_matrix,3,,,1.8,0.01,100.0,0.05875269516024106,,,10000,0.3486829804692816,0.377364292645128,0.9419728207513047,,3.971139907836914,,after_2017_03_hyperparameter_tuning_results/rawbinary_jaccard_fcm_m1p8_labels_K3.npy,after_2017_03_hyperparameter_tuning_results/rawbinary_jaccard_fcm_m1p8_membership_K3.npy,after_2017_03_hyperparameter_tuning_results/rawbinary_jaccard_fcm_m1p8_centers_K3.npy,after_2017_03_hyperparameter_tuning_results/rawbinary_jaccard_fcm_m1p8_cluster_size_K3.csv
after_2017_03,not_used,not_used,JaccardPrototypeFCM,jaccard,raw_binary_disease_matrix,3,,,1.9,0.01,100.0,0.05875269516024106,,,10000,0.34628494798621096,0.3731207105485807,0.989803475774643,,3.952580690383911,,after_2017_03_hyperparameter_tuning_results/rawbinary_jaccard_fcm_m1p9_labels_K3.npy,after_2017_03_hyperparameter_tuning_results/rawbinary_jaccard_fcm_m1p9_membership_K3.npy,after_2017_03_hyperparameter_tuning_results/rawbinary_jaccard_fcm_m1p9_centers_K3.npy,after_2017_03_hyperparameter_tuning_results/rawbinary_jaccard_fcm_m1p9_cluster_size_K3.csv
after_2017_03,not_used,not_used,JaccardPrototypeFCM,jaccard,raw_binary_disease_matrix,3,,,2.0,0.01,100.0,0.05875269516024106,,,10000,0.3444630139469037,0.3696409031877865,0.989803475774643,,3.9450459480285645,,after_2017_03_hyperparameter_tuning_results/rawbinary_jaccard_fcm_m2p0_labels_K3.npy,after_2017_03_hyperparameter_tuning_results/rawbinary_jaccard_fcm_m2p0_membership_K3.npy,after_2017_03_hyperparameter_tuning_results/rawbinary_jaccard_fcm_m2p0_centers_K3.npy,after_2017_03_hyperparameter_tuning_results/rawbinary_jaccard_fcm_m2p0_cluster_size_K3.csv
after_2017_03,not_used,not_used,JaccardPrototypeFCM,jaccard,raw_binary_disease_matrix,3,,,4.0,0.01,100.0,0.05875269516024106,,,10000,0.341616207482123,0.35945010088881485,0.989803475774643,,3.8577749729156494,,after_2017_03_hyperparameter_tuning_results/rawbinary_jaccard_fcm_m4p0_labels_K3.npy,after_2017_03_hyperparameter_tuning_results/rawbinary_jaccard_fcm_m4p0_membership_K3.npy,after_2017_03_hyperparameter_tuning_results/rawbinary_jaccard_fcm_m4p0_centers_K3.npy,after_2017_03_hyperparameter_tuning_results/rawbinary_jaccard_fcm_m4p0_cluster_size_K3.csv
after_2017_03,not_used,not_used,JaccardPrototypeKMeans,jaccard,raw_binary_disease_matrix,5,4096.0,5.0,,,100.0,0.05819675807528541,,,10000,,,,0.6943505427742194,3.8972198963165283,,after_2017_03_hyperparameter_tuning_results/rawbinary_jaccard_kmeans_bs4096_ninit5_labels_K5.npy,,after_2017_03_hyperparameter_tuning_results/rawbinary_jaccard_kmeans_bs4096_ninit5_centers_K5.npy,after_2017_03_hyperparameter_tuning_results/rawbinary_jaccard_kmeans_bs4096_ninit5_cluster_size_K5.csv
after_2017_03,not_used,not_used,JaccardPrototypeKMeans,jaccard,raw_binary_disease_matrix,5,4096.0,10.0,,,100.0,0.06576167007820552,,,10000,,,,0.6815925476729153,3.688876152038574,,after_2017_03_hyperparameter_tuning_results/rawbinary_jaccard_kmeans_bs4096_ninit10_labels_K5.npy,,after_2017_03_hyperparameter_tuning_results/rawbinary_jaccard_kmeans_bs4096_ninit10_centers_K5.npy,after_2017_03_hyperparameter_tuning_results/rawbinary_jaccard_kmeans_bs4096_ninit10_cluster_size_K5.csv
after_2017_03,not_used,not_used,JaccardPrototypeKMeans,jaccard,raw_binary_disease_matrix,5,4096.0,20.0,,,100.0,0.06364613096901406,,,10000,,,,0.6801075532800532,3.7696871757507324,,after_2017_03_hyperparameter_tuning_results/rawbinary_jaccard_kmeans_bs4096_ninit20_labels_K5.npy,,after_2017_03_hyperparameter_tuning_results/rawbinary_jaccard_kmeans_bs4096_ninit20_centers_K5.npy,after_2017_03_hyperparameter_tuning_results/rawbinary_jaccard_kmeans_bs4096_ninit20_cluster_size_K5.csv
after_2017_03,not_used,not_used,JaccardPrototypeKMeans,jaccard,raw_binary_disease_matrix,5,8192.0,5.0,,,100.0,0.06402171678796968,,,10000,,,,0.677860504479181,3.832750082015991,,after_2017_03_hyperparameter_tuning_results/rawbinary_jaccard_kmeans_bs8192_ninit5_labels_K5.npy,,after_2017_03_hyperparameter_tuning_results/rawbinary_jaccard_kmeans_bs8192_ninit5_centers_K5.npy,after_2017_03_hyperparameter_tuning_results/rawbinary_jaccard_kmeans_bs8192_ninit5_cluster_size_K5.csv
after_2017_03,not_used,not_used,JaccardPrototypeKMeans,jaccard,raw_binary_disease_matrix,5,8192.0,10.0,,,100.0,0.06402171678796968,,,10000,,,,0.677860504479181,3.8627288341522217,,after_2017_03_hyperparameter_tuning_results/rawbinary_jaccard_kmeans_bs8192_ninit10_labels_K5.npy,,after_2017_03_hyperparameter_tuning_results/rawbinary_jaccard_kmeans_bs8192_ninit10_centers_K5.npy,after_2017_03_hyperparameter_tuning_results/rawbinary_jaccard_kmeans_bs8192_ninit10_cluster_size_K5.csv
after_2017_03,not_used,not_used,JaccardPrototypeKMeans,jaccard,raw_binary_disease_matrix,5,8192.0,20.0,,,100.0,0.057101941166470875,,,10000,,,,0.6674756659843425,3.9702742099761963,,after_2017_03_hyperparameter_tuning_results/rawbinary_jaccard_kmeans_bs8192_ninit20_labels_K5.npy,,after_2017_03_hyperparameter_tuning_results/rawbinary_jaccard_kmeans_bs8192_ninit20_centers_K5.npy,after_2017_03_hyperparameter_tuning_results/rawbinary_jaccard_kmeans_bs8192_ninit20_cluster_size_K5.csv
after_2017_03,not_used,not_used,JaccardPrototypeKMeans,jaccard,raw_binary_disease_matrix,5,16384.0,5.0,,,100.0,0.06030313327864487,,,10000,,,,0.6804356222372399,3.8772499561309814,,after_2017_03_hyperparameter_tuning_results/rawbinary_jaccard_kmeans_bs16384_ninit5_labels_K5.npy,,after_2017_03_hyperparameter_tuning_results/rawbinary_jaccard_kmeans_bs16384_ninit5_centers_K5.npy,after_2017_03_hyperparameter_tuning_results/rawbinary_jaccard_kmeans_bs16384_ninit5_cluster_size_K5.csv
after_2017_03,not_used,not_used,JaccardPrototypeKMeans,jaccard,raw_binary_disease_matrix,5,16384.0,10.0,,,100.0,0.06443944234370008,,,10000,,,,0.6786214655850684,3.767083168029785,,after_2017_03_hyperparameter_tuning_results/rawbinary_jaccard_kmeans_bs16384_ninit10_labels_K5.npy,,after_2017_03_hyperparameter_tuning_results/rawbinary_jaccard_kmeans_bs16384_ninit10_centers_K5.npy,after_2017_03_hyperparameter_tuning_results/rawbinary_jaccard_kmeans_bs16384_ninit10_cluster_size_K5.csv
after_2017_03,not_used,not_used,JaccardPrototypeKMeans,jaccard,raw_binary_disease_matrix,5,16384.0,20.0,,,100.0,0.06443944234370008,,,10000,,,,0.6786214655850684,4.164062023162842,,after_2017_03_hyperparameter_tuning_results/rawbinary_jaccard_kmeans_bs16384_ninit20_labels_K5.npy,,after_2017_03_hyperparameter_tuning_results/rawbinary_jaccard_kmeans_bs16384_ninit20_centers_K5.npy,after_2017_03_hyperparameter_tuning_results/rawbinary_jaccard_kmeans_bs16384_ninit20_cluster_size_K5.csv
after_2017_03,not_used,not_used,JaccardPrototypeFCM,jaccard,raw_binary_disease_matrix,5,,,1.1,0.01,100.0,0.05819675807528541,,,10000,0.7391313535798957,0.7978352182350678,0.15031261303157134,,3.846665859222412,,after_2017_03_hyperparameter_tuning_results/rawbinary_jaccard_fcm_m1p1_labels_K5.npy,after_2017_03_hyperparameter_tuning_results/rawbinary_jaccard_fcm_m1p1_membership_K5.npy,after_2017_03_hyperparameter_tuning_results/rawbinary_jaccard_fcm_m1p1_centers_K5.npy,after_2017_03_hyperparameter_tuning_results/rawbinary_jaccard_fcm_m1p1_cluster_size_K5.csv
after_2017_03,not_used,not_used,JaccardPrototypeFCM,jaccard,raw_binary_disease_matrix,5,,,1.2,0.01,100.0,0.05645663283232532,,,10000,0.5090444286906454,0.5989362617909251,0.4161284210888923,,3.8492369651794434,,after_2017_03_hyperparameter_tuning_results/rawbinary_jaccard_fcm_m1p2_labels_K5.npy,after_2017_03_hyperparameter_tuning_results/rawbinary_jaccard_fcm_m1p2_membership_K5.npy,after_2017_03_hyperparameter_tuning_results/rawbinary_jaccard_fcm_m1p2_centers_K5.npy,after_2017_03_hyperparameter_tuning_results/rawbinary_jaccard_fcm_m1p2_cluster_size_K5.csv
after_2017_03,not_used,not_used,JaccardPrototypeFCM,jaccard,raw_binary_disease_matrix,5,,,1.3,0.01,100.0,0.053929871068117426,,,10000,0.39523205285719903,0.49146399675609453,0.6044196420882206,,3.833648920059204,,after_2017_03_hyperparameter_tuning_results/rawbinary_jaccard_fcm_m1p3_labels_K5.npy,after_2017_03_hyperparameter_tuning_results/rawbinary_jaccard_fcm_m1p3_membership_K5.npy,after_2017_03_hyperparameter_tuning_results/rawbinary_jaccard_fcm_m1p3_centers_K5.npy,after_2017_03_hyperparameter_tuning_results/rawbinary_jaccard_fcm_m1p3_cluster_size_K5.csv
after_2017_03,not_used,not_used,JaccardPrototypeFCM,jaccard,raw_binary_disease_matrix,5,,,1.4,0.01,100.0,0.053929871068117426,,,10000,0.3086770228063112,0.38907806063513173,0.7996865257755043,,3.8776462078094482,,after_2017_03_hyperparameter_tuning_results/rawbinary_jaccard_fcm_m1p4_labels_K5.npy,after_2017_03_hyperparameter_tuning_results/rawbinary_jaccard_fcm_m1p4_membership_K5.npy,after_2017_03_hyperparameter_tuning_results/rawbinary_jaccard_fcm_m1p4_centers_K5.npy,after_2017_03_hyperparameter_tuning_results/rawbinary_jaccard_fcm_m1p4_cluster_size_K5.csv
after_2017_03,not_used,not_used,JaccardPrototypeFCM,jaccard,raw_binary_disease_matrix,5,,,1.5,0.01,100.0,0.053929871068117426,,,10000,0.2812789335628152,0.35753710975094,0.8297766065554005,,3.8231282234191895,,after_2017_03_hyperparameter_tuning_results/rawbinary_jaccard_fcm_m1p5_labels_K5.npy,after_2017_03_hyperparameter_tuning_results/rawbinary_jaccard_fcm_m1p5_membership_K5.npy,after_2017_03_hyperparameter_tuning_results/rawbinary_jaccard_fcm_m1p5_centers_K5.npy,after_2017_03_hyperparameter_tuning_results/rawbinary_jaccard_fcm_m1p5_cluster_size_K5.csv
after_2017_03,not_used,not_used,JaccardPrototypeFCM,jaccard,raw_binary_disease_matrix,5,,,1.6,0.01,100.0,0.053929871068117426,,,10000,0.2632932854573166,0.33456341048350735,0.8659983809573021,,3.7345662117004395,,after_2017_03_hyperparameter_tuning_results/rawbinary_jaccard_fcm_m1p6_labels_K5.npy,after_2017_03_hyperparameter_tuning_results/rawbinary_jaccard_fcm_m1p6_membership_K5.npy,after_2017_03_hyperparameter_tuning_results/rawbinary_jaccard_fcm_m1p6_centers_K5.npy,after_2017_03_hyperparameter_tuning_results/rawbinary_jaccard_fcm_m1p6_cluster_size_K5.csv
after_2017_03,not_used,not_used,JaccardPrototypeFCM,jaccard,raw_binary_disease_matrix,5,,,1.7,0.01,100.0,0.053929871068117426,,,10000,0.2509060841453754,0.3172383024612525,0.9389241977987909,,3.9682559967041016,,after_2017_03_hyperparameter_tuning_results/rawbinary_jaccard_fcm_m1p7_labels_K5.npy,after_2017_03_hyperparameter_tuning_results/rawbinary_jaccard_fcm_m1p7_membership_K5.npy,after_2017_03_hyperparameter_tuning_results/rawbinary_jaccard_fcm_m1p7_centers_K5.npy,after_2017_03_hyperparameter_tuning_results/rawbinary_jaccard_fcm_m1p7_cluster_size_K5.csv
after_2017_03,not_used,not_used,JaccardPrototypeFCM,jaccard,raw_binary_disease_matrix,5,,,1.8,0.01,100.0,0.057486014459956394,,,10000,0.2294323344171029,0.28253548406364076,0.9729585421726175,,3.934567928314209,,after_2017_03_hyperparameter_tuning_results/rawbinary_jaccard_fcm_m1p8_labels_K5.npy,after_2017_03_hyperparameter_tuning_results/rawbinary_jaccard_fcm_m1p8_membership_K5.npy,after_2017_03_hyperparameter_tuning_results/rawbinary_jaccard_fcm_m1p8_centers_K5.npy,after_2017_03_hyperparameter_tuning_results/rawbinary_jaccard_fcm_m1p8_cluster_size_K5.csv
after_2017_03,not_used,not_used,JaccardPrototypeFCM,jaccard,raw_binary_disease_matrix,5,,,1.9,0.01,100.0,0.057486014459956394,,,10000,0.22431473648141365,0.27364604268881515,0.9729585421726175,,3.8697900772094727,,after_2017_03_hyperparameter_tuning_results/rawbinary_jaccard_fcm_m1p9_labels_K5.npy,after_2017_03_hyperparameter_tuning_results/rawbinary_jaccard_fcm_m1p9_membership_K5.npy,after_2017_03_hyperparameter_tuning_results/rawbinary_jaccard_fcm_m1p9_centers_K5.npy,after_2017_03_hyperparameter_tuning_results/rawbinary_jaccard_fcm_m1p9_cluster_size_K5.csv
after_2017_03,not_used,not_used,JaccardPrototypeFCM,jaccard,raw_binary_disease_matrix,5,,,2.0,0.01,100.0,0.057486014459956394,,,10000,0.22052029006451426,0.26647003411231235,0.9729585421726175,,3.785266160964966,,after_2017_03_hyperparameter_tuning_results/rawbinary_jaccard_fcm_m2p0_labels_K5.npy,after_2017_03_hyperparameter_tuning_results/rawbinary_jaccard_fcm_m2p0_membership_K5.npy,after_2017_03_hyperparameter_tuning_results/rawbinary_jaccard_fcm_m2p0_centers_K5.npy,after_2017_03_hyperparameter_tuning_results/rawbinary_jaccard_fcm_m2p0_cluster_size_K5.csv
after_2017_03,not_used,not_used,JaccardPrototypeFCM,jaccard,raw_binary_disease_matrix,5,,,4.0,0.01,100.0,0.04906457006812702,,,10000,0.2170517492258345,0.24034409739126844,0.981708262284917,,3.7728049755096436,,after_2017_03_hyperparameter_tuning_results/rawbinary_jaccard_fcm_m4p0_labels_K5.npy,after_2017_03_hyperparameter_tuning_results/rawbinary_jaccard_fcm_m4p0_membership_K5.npy,after_2017_03_hyperparameter_tuning_results/rawbinary_jaccard_fcm_m4p0_centers_K5.npy,after_2017_03_hyperparameter_tuning_results/rawbinary_jaccard_fcm_m4p0_cluster_size_K5.csv
after_2017_03,not_used,not_used,JaccardPrototypeKMeans,jaccard,raw_binary_disease_matrix,6,4096.0,5.0,,,100.0,0.05713266074612338,,,10000,,,,0.6903691955103721,3.7922799587249756,,after_2017_03_hyperparameter_tuning_results/rawbinary_jaccard_kmeans_bs4096_ninit5_labels_K6.npy,,after_2017_03_hyperparameter_tuning_results/rawbinary_jaccard_kmeans_bs4096_ninit5_centers_K6.npy,after_2017_03_hyperparameter_tuning_results/rawbinary_jaccard_kmeans_bs4096_ninit5_cluster_size_K6.csv
after_2017_03,not_used,not_used,JaccardPrototypeKMeans,jaccard,raw_binary_disease_matrix,6,4096.0,10.0,,,100.0,0.06970430305966821,,,10000,,,,0.6697594198693464,3.745145797729492,,after_2017_03_hyperparameter_tuning_results/rawbinary_jaccard_kmeans_bs4096_ninit10_labels_K6.npy,,after_2017_03_hyperparameter_tuning_results/rawbinary_jaccard_kmeans_bs4096_ninit10_centers_K6.npy,after_2017_03_hyperparameter_tuning_results/rawbinary_jaccard_kmeans_bs4096_ninit10_cluster_size_K6.csv
after_2017_03,not_used,not_used,JaccardPrototypeKMeans,jaccard,raw_binary_disease_matrix,6,4096.0,20.0,,,100.0,0.0718194538105274,,,10000,,,,0.6590448127689305,3.8743412494659424,,after_2017_03_hyperparameter_tuning_results/rawbinary_jaccard_kmeans_bs4096_ninit20_labels_K6.npy,,after_2017_03_hyperparameter_tuning_results/rawbinary_jaccard_kmeans_bs4096_ninit20_centers_K6.npy,after_2017_03_hyperparameter_tuning_results/rawbinary_jaccard_kmeans_bs4096_ninit20_cluster_size_K6.csv
after_2017_03,not_used,not_used,JaccardPrototypeKMeans,jaccard,raw_binary_disease_matrix,6,8192.0,5.0,,,100.0,0.061283499610038566,,,10000,,,,0.6502073652491299,4.041191816329956,,after_2017_03_hyperparameter_tuning_results/rawbinary_jaccard_kmeans_bs8192_ninit5_labels_K6.npy,,after_2017_03_hyperparameter_tuning_results/rawbinary_jaccard_kmeans_bs8192_ninit5_centers_K6.npy,after_2017_03_hyperparameter_tuning_results/rawbinary_jaccard_kmeans_bs8192_ninit5_cluster_size_K6.csv
after_2017_03,not_used,not_used,JaccardPrototypeKMeans,jaccard,raw_binary_disease_matrix,6,8192.0,10.0,,,100.0,0.061283499610038566,,,10000,,,,0.6502073652491299,3.8567540645599365,,after_2017_03_hyperparameter_tuning_results/rawbinary_jaccard_kmeans_bs8192_ninit10_labels_K6.npy,,after_2017_03_hyperparameter_tuning_results/rawbinary_jaccard_kmeans_bs8192_ninit10_centers_K6.npy,after_2017_03_hyperparameter_tuning_results/rawbinary_jaccard_kmeans_bs8192_ninit10_cluster_size_K6.csv
after_2017_03,not_used,not_used,JaccardPrototypeKMeans,jaccard,raw_binary_disease_matrix,6,8192.0,20.0,,,100.0,0.061283499610038566,,,10000,,,,0.6502073652491299,3.9517126083374023,,after_2017_03_hyperparameter_tuning_results/rawbinary_jaccard_kmeans_bs8192_ninit20_labels_K6.npy,,after_2017_03_hyperparameter_tuning_results/rawbinary_jaccard_kmeans_bs8192_ninit20_centers_K6.npy,after_2017_03_hyperparameter_tuning_results/rawbinary_jaccard_kmeans_bs8192_ninit20_cluster_size_K6.csv
after_2017_03,not_used,not_used,JaccardPrototypeKMeans,jaccard,raw_binary_disease_matrix,6,16384.0,5.0,,,100.0,0.06673802265215538,,,10000,,,,0.6609943098323245,3.801182985305786,,after_2017_03_hyperparameter_tuning_results/rawbinary_jaccard_kmeans_bs16384_ninit5_labels_K6.npy,,after_2017_03_hyperparameter_tuning_results/rawbinary_jaccard_kmeans_bs16384_ninit5_centers_K6.npy,after_2017_03_hyperparameter_tuning_results/rawbinary_jaccard_kmeans_bs16384_ninit5_cluster_size_K6.csv
after_2017_03,not_used,not_used,JaccardPrototypeKMeans,jaccard,raw_binary_disease_matrix,6,16384.0,10.0,,,100.0,0.06673802265215538,,,10000,,,,0.6609943098323245,3.7715790271759033,,after_2017_03_hyperparameter_tuning_results/rawbinary_jaccard_kmeans_bs16384_ninit10_labels_K6.npy,,after_2017_03_hyperparameter_tuning_results/rawbinary_jaccard_kmeans_bs16384_ninit10_centers_K6.npy,after_2017_03_hyperparameter_tuning_results/rawbinary_jaccard_kmeans_bs16384_ninit10_cluster_size_K6.csv
after_2017_03,not_used,not_used,JaccardPrototypeKMeans,jaccard,raw_binary_disease_matrix,6,16384.0,20.0,,,100.0,0.060376544862350195,,,10000,,,,0.6511903486219662,4.163814067840576,,after_2017_03_hyperparameter_tuning_results/rawbinary_jaccard_kmeans_bs16384_ninit20_labels_K6.npy,,after_2017_03_hyperparameter_tuning_results/rawbinary_jaccard_kmeans_bs16384_ninit20_centers_K6.npy,after_2017_03_hyperparameter_tuning_results/rawbinary_jaccard_kmeans_bs16384_ninit20_cluster_size_K6.csv
after_2017_03,not_used,not_used,JaccardPrototypeFCM,jaccard,raw_binary_disease_matrix,6,,,1.1,0.01,100.0,0.05212620494027008,,,10000,0.48299583313715616,0.5180000773406596,0.591467300504659,,3.940896987915039,,after_2017_03_hyperparameter_tuning_results/rawbinary_jaccard_fcm_m1p1_labels_K6.npy,after_2017_03_hyperparameter_tuning_results/rawbinary_jaccard_fcm_m1p1_membership_K6.npy,after_2017_03_hyperparameter_tuning_results/rawbinary_jaccard_fcm_m1p1_centers_K6.npy,after_2017_03_hyperparameter_tuning_results/rawbinary_jaccard_fcm_m1p1_cluster_size_K6.csv
after_2017_03,not_used,not_used,JaccardPrototypeFCM,jaccard,raw_binary_disease_matrix,6,,,1.2,0.01,100.0,0.05116216386105985,,,10000,0.3292992018551036,0.38168205429465313,0.7689419383730344,,3.9287109375,,after_2017_03_hyperparameter_tuning_results/rawbinary_jaccard_fcm_m1p2_labels_K6.npy,after_2017_03_hyperparameter_tuning_results/rawbinary_jaccard_fcm_m1p2_membership_K6.npy,after_2017_03_hyperparameter_tuning_results/rawbinary_jaccard_fcm_m1p2_centers_K6.npy,after_2017_03_hyperparameter_tuning_results/rawbinary_jaccard_fcm_m1p2_cluster_size_K6.csv
after_2017_03,not_used,not_used,JaccardPrototypeFCM,jaccard,raw_binary_disease_matrix,6,,,1.3,0.01,100.0,0.05116216386105985,,,10000,0.26651418198855925,0.32762497351961944,0.8421433369503436,,3.924393892288208,,after_2017_03_hyperparameter_tuning_results/rawbinary_jaccard_fcm_m1p3_labels_K6.npy,after_2017_03_hyperparameter_tuning_results/rawbinary_jaccard_fcm_m1p3_membership_K6.npy,after_2017_03_hyperparameter_tuning_results/rawbinary_jaccard_fcm_m1p3_centers_K6.npy,after_2017_03_hyperparameter_tuning_results/rawbinary_jaccard_fcm_m1p3_cluster_size_K6.csv
after_2017_03,not_used,not_used,JaccardPrototypeFCM,jaccard,raw_binary_disease_matrix,6,,,1.4,0.01,100.0,0.061642631530666014,,,10000,0.2288593509743617,0.29135904932883244,0.8952789403882258,,4.023961782455444,,after_2017_03_hyperparameter_tuning_results/rawbinary_jaccard_fcm_m1p4_labels_K6.npy,after_2017_03_hyperparameter_tuning_results/rawbinary_jaccard_fcm_m1p4_membership_K6.npy,after_2017_03_hyperparameter_tuning_results/rawbinary_jaccard_fcm_m1p4_centers_K6.npy,after_2017_03_hyperparameter_tuning_results/rawbinary_jaccard_fcm_m1p4_cluster_size_K6.csv
after_2017_03,not_used,not_used,JaccardPrototypeFCM,jaccard,raw_binary_disease_matrix,6,,,1.5,0.01,100.0,0.061642631530666014,,,10000,0.2099141835685653,0.2668875314985757,0.9028918858402659,,3.9116249084472656,,after_2017_03_hyperparameter_tuning_results/rawbinary_jaccard_fcm_m1p5_labels_K6.npy,after_2017_03_hyperparameter_tuning_results/rawbinary_jaccard_fcm_m1p5_membership_K6.npy,after_2017_03_hyperparameter_tuning_results/rawbinary_jaccard_fcm_m1p5_centers_K6.npy,after_2017_03_hyperparameter_tuning_results/rawbinary_jaccard_fcm_m1p5_cluster_size_K6.csv
after_2017_03,not_used,not_used,JaccardPrototypeFCM,jaccard,raw_binary_disease_matrix,6,,,1.6,0.01,100.0,0.061642631530666014,,,10000,0.19848553432156427,0.250007054565509,0.9664823713808367,,3.845781087875366,,after_2017_03_hyperparameter_tuning_results/rawbinary_jaccard_fcm_m1p6_labels_K6.npy,after_2017_03_hyperparameter_tuning_results/rawbinary_jaccard_fcm_m1p6_membership_K6.npy,after_2017_03_hyperparameter_tuning_results/rawbinary_jaccard_fcm_m1p6_centers_K6.npy,after_2017_03_hyperparameter_tuning_results/rawbinary_jaccard_fcm_m1p6_cluster_size_K6.csv
after_2017_03,not_used,not_used,JaccardPrototypeFCM,jaccard,raw_binary_disease_matrix,6,,,1.7,0.01,100.0,0.05371373760124801,,,10000,0.18553556588670933,0.21666849266325638,0.9666201622487469,,3.970790147781372,,after_2017_03_hyperparameter_tuning_results/rawbinary_jaccard_fcm_m1p7_labels_K6.npy,after_2017_03_hyperparameter_tuning_results/rawbinary_jaccard_fcm_m1p7_membership_K6.npy,after_2017_03_hyperparameter_tuning_results/rawbinary_jaccard_fcm_m1p7_centers_K6.npy,after_2017_03_hyperparameter_tuning_results/rawbinary_jaccard_fcm_m1p7_cluster_size_K6.csv
after_2017_03,not_used,not_used,JaccardPrototypeFCM,jaccard,raw_binary_disease_matrix,6,,,1.8,0.01,100.0,0.05371373760124801,,,10000,0.18127379600535803,0.21016495771164884,0.9666201622487469,,4.328834772109985,,after_2017_03_hyperparameter_tuning_results/rawbinary_jaccard_fcm_m1p8_labels_K6.npy,after_2017_03_hyperparameter_tuning_results/rawbinary_jaccard_fcm_m1p8_membership_K6.npy,after_2017_03_hyperparameter_tuning_results/rawbinary_jaccard_fcm_m1p8_centers_K6.npy,after_2017_03_hyperparameter_tuning_results/rawbinary_jaccard_fcm_m1p8_cluster_size_K6.csv
after_2017_03,not_used,not_used,JaccardPrototypeFCM,jaccard,raw_binary_disease_matrix,6,,,1.9,0.01,100.0,0.05371373760124801,,,10000,0.17828355040989313,0.2050817492770444,1.0,,3.9822640419006348,,after_2017_03_hyperparameter_tuning_results/rawbinary_jaccard_fcm_m1p9_labels_K6.npy,after_2017_03_hyperparameter_tuning_results/rawbinary_jaccard_fcm_m1p9_membership_K6.npy,after_2017_03_hyperparameter_tuning_results/rawbinary_jaccard_fcm_m1p9_centers_K6.npy,after_2017_03_hyperparameter_tuning_results/rawbinary_jaccard_fcm_m1p9_cluster_size_K6.csv
after_2017_03,not_used,not_used,JaccardPrototypeFCM,jaccard,raw_binary_disease_matrix,6,,,2.0,0.01,100.0,0.05371373760124801,,,10000,0.1761187880692641,0.20102162898430423,1.0,,4.022526979446411,,after_2017_03_hyperparameter_tuning_results/rawbinary_jaccard_fcm_m2p0_labels_K6.npy,after_2017_03_hyperparameter_tuning_results/rawbinary_jaccard_fcm_m2p0_membership_K6.npy,after_2017_03_hyperparameter_tuning_results/rawbinary_jaccard_fcm_m2p0_centers_K6.npy,after_2017_03_hyperparameter_tuning_results/rawbinary_jaccard_fcm_m2p0_cluster_size_K6.csv
after_2017_03,not_used,not_used,JaccardPrototypeFCM,jaccard,raw_binary_disease_matrix,6,,,4.0,0.01,100.0,0.054063638303097364,,,10000,0.17108554065153006,0.18751487435330624,0.9969686009059749,,3.9321420192718506,,after_2017_03_hyperparameter_tuning_results/rawbinary_jaccard_fcm_m4p0_labels_K6.npy,after_2017_03_hyperparameter_tuning_results/rawbinary_jaccard_fcm_m4p0_membership_K6.npy,after_2017_03_hyperparameter_tuning_results/rawbinary_jaccard_fcm_m4p0_centers_K6.npy,after_2017_03_hyperparameter_tuning_results/rawbinary_jaccard_fcm_m4p0_cluster_size_K6.csv
