period,mca_dimension,mca_variance_explained,algorithm,distance_metric,feature_space,cluster_k,batch_size,n_init,m,error,maxiter,silhouette_score,davies_bouldin_index,calinski_harabasz_index,silhouette_sample_size,fpc,mean_max_membership,boundary_ratio,mean_jaccard_distance,running_time_seconds,metric_warning,label_file,membership_file,center_file,cluster_size_file
before_2012_03,53,80%,KMeans,euclidean,mca_coordinates,6,4096.0,5.0,,,,0.11300721567434839,2.9435029152863614,1966.2062391526579,10000,,,,,1.568349838256836,,before_2012_03_hyperparameter_tuning_results/mca53_euclidean_kmeans_bs4096_ninit5_labels_K6.npy,,,before_2012_03_hyperparameter_tuning_results/mca53_euclidean_kmeans_bs4096_ninit5_cluster_size_K6.csv
before_2012_03,53,80%,KMeans,euclidean,mca_coordinates,6,4096.0,10.0,,,,0.13110472132773476,2.920541011333329,2451.5862281130835,10000,,,,,1.5961921215057373,,before_2012_03_hyperparameter_tuning_results/mca53_euclidean_kmeans_bs4096_ninit10_labels_K6.npy,,,before_2012_03_hyperparameter_tuning_results/mca53_euclidean_kmeans_bs4096_ninit10_cluster_size_K6.csv
before_2012_03,53,80%,KMeans,euclidean,mca_coordinates,6,4096.0,20.0,,,,0.07128418630269596,3.387584966593032,2216.3165117756052,10000,,,,,1.5296580791473389,,before_2012_03_hyperparameter_tuning_results/mca53_euclidean_kmeans_bs4096_ninit20_labels_K6.npy,,,before_2012_03_hyperparameter_tuning_results/mca53_euclidean_kmeans_bs4096_ninit20_cluster_size_K6.csv
before_2012_03,53,80%,KMeans,euclidean,mca_coordinates,6,8192.0,5.0,,,,0.041438009700039434,3.4037550903751677,2363.853273216751,10000,,,,,1.2705788612365723,,before_2012_03_hyperparameter_tuning_results/mca53_euclidean_kmeans_bs8192_ninit5_labels_K6.npy,,,before_2012_03_hyperparameter_tuning_results/mca53_euclidean_kmeans_bs8192_ninit5_cluster_size_K6.csv
before_2012_03,53,80%,KMeans,euclidean,mca_coordinates,6,8192.0,10.0,,,,0.07749753594504583,3.01560652538114,2325.038556516685,10000,,,,,1.471444845199585,,before_2012_03_hyperparameter_tuning_results/mca53_euclidean_kmeans_bs8192_ninit10_labels_K6.npy,,,before_2012_03_hyperparameter_tuning_results/mca53_euclidean_kmeans_bs8192_ninit10_cluster_size_K6.csv
before_2012_03,53,80%,KMeans,euclidean,mca_coordinates,6,8192.0,20.0,,,,0.12482272618948301,3.2989727775979847,2310.6647690880436,10000,,,,,1.9766898155212402,,before_2012_03_hyperparameter_tuning_results/mca53_euclidean_kmeans_bs8192_ninit20_labels_K6.npy,,,before_2012_03_hyperparameter_tuning_results/mca53_euclidean_kmeans_bs8192_ninit20_cluster_size_K6.csv
before_2012_03,53,80%,KMeans,euclidean,mca_coordinates,6,16384.0,5.0,,,,0.04848064877536668,3.1772826038975808,2362.580020360634,10000,,,,,1.4422879219055176,,before_2012_03_hyperparameter_tuning_results/mca53_euclidean_kmeans_bs16384_ninit5_labels_K6.npy,,,before_2012_03_hyperparameter_tuning_results/mca53_euclidean_kmeans_bs16384_ninit5_cluster_size_K6.csv
before_2012_03,53,80%,KMeans,euclidean,mca_coordinates,6,16384.0,10.0,,,,0.165956995719981,3.3677649333469035,2195.9050156577414,10000,,,,,1.7262680530548096,,before_2012_03_hyperparameter_tuning_results/mca53_euclidean_kmeans_bs16384_ninit10_labels_K6.npy,,,before_2012_03_hyperparameter_tuning_results/mca53_euclidean_kmeans_bs16384_ninit10_cluster_size_K6.csv
before_2012_03,53,80%,KMeans,euclidean,mca_coordinates,6,16384.0,20.0,,,,0.06077454255856487,3.6696650084411337,2285.618904408546,10000,,,,,2.2679219245910645,,before_2012_03_hyperparameter_tuning_results/mca53_euclidean_kmeans_bs16384_ninit20_labels_K6.npy,,,before_2012_03_hyperparameter_tuning_results/mca53_euclidean_kmeans_bs16384_ninit20_cluster_size_K6.csv
before_2012_03,53,80%,FCM,euclidean,mca_coordinates,6,,,1.1,0.01,300.0,0.01838930736257606,4.065031363287742,1736.9520244260777,10000,0.6632894190416979,0.7311833968509426,0.27229801157815253,,4.727783918380737,,before_2012_03_hyperparameter_tuning_results/mca53_euclidean_fcm_m1p1_labels_K6.npy,before_2012_03_hyperparameter_tuning_results/mca53_euclidean_fcm_m1p1_membership_K6.npy,,before_2012_03_hyperparameter_tuning_results/mca53_euclidean_fcm_m1p1_cluster_size_K6.csv
before_2012_03,53,80%,FCM,euclidean,mca_coordinates,6,,,1.2,0.01,300.0,0.023812835981477574,6.53256926914996,1072.2979687986483,10000,0.36563270993604446,0.4277092102245749,0.6880543669770954,,13.46633768081665,,before_2012_03_hyperparameter_tuning_results/mca53_euclidean_fcm_m1p2_labels_K6.npy,before_2012_03_hyperparameter_tuning_results/mca53_euclidean_fcm_m1p2_membership_K6.npy,,before_2012_03_hyperparameter_tuning_results/mca53_euclidean_fcm_m1p2_cluster_size_K6.csv
before_2012_03,53,80%,FCM,euclidean,mca_coordinates,6,,,1.3,0.01,300.0,0.055799898915287534,4.879391526253969,785.7945117086874,10000,0.2665685233670725,0.3051954141193626,0.8524641328970551,,3.4969968795776367,,before_2012_03_hyperparameter_tuning_results/mca53_euclidean_fcm_m1p3_labels_K6.npy,before_2012_03_hyperparameter_tuning_results/mca53_euclidean_fcm_m1p3_membership_K6.npy,,before_2012_03_hyperparameter_tuning_results/mca53_euclidean_fcm_m1p3_cluster_size_K6.csv
before_2012_03,53,80%,FCM,euclidean,mca_coordinates,6,,,1.4,0.01,300.0,0.03836433857877798,7.470409729390217,728.2722141196357,10000,0.24125712759640422,0.2783086969297035,0.8788421847470426,,5.31249213218689,,before_2012_03_hyperparameter_tuning_results/mca53_euclidean_fcm_m1p4_labels_K6.npy,before_2012_03_hyperparameter_tuning_results/mca53_euclidean_fcm_m1p4_membership_K6.npy,,before_2012_03_hyperparameter_tuning_results/mca53_euclidean_fcm_m1p4_cluster_size_K6.csv
before_2012_03,53,80%,FCM,euclidean,mca_coordinates,6,,,1.5,0.01,300.0,-0.13735589579269383,4.552045409662813,653.2080517250208,10000,0.16666677416897402,0.16678358292348458,1.0,,1.6165618896484375,,before_2012_03_hyperparameter_tuning_results/mca53_euclidean_fcm_m1p5_labels_K6.npy,before_2012_03_hyperparameter_tuning_results/mca53_euclidean_fcm_m1p5_membership_K6.npy,,before_2012_03_hyperparameter_tuning_results/mca53_euclidean_fcm_m1p5_cluster_size_K6.csv
before_2012_03,53,80%,FCM,euclidean,mca_coordinates,6,,,1.6,0.01,300.0,-0.06636057690482207,4.852259628471129,836.2016520598366,10000,0.16666668101270465,0.16670945168263993,1.0,,1.82839035987854,,before_2012_03_hyperparameter_tuning_results/mca53_euclidean_fcm_m1p6_labels_K6.npy,before_2012_03_hyperparameter_tuning_results/mca53_euclidean_fcm_m1p6_membership_K6.npy,,before_2012_03_hyperparameter_tuning_results/mca53_euclidean_fcm_m1p6_cluster_size_K6.csv
before_2012_03,53,80%,FCM,euclidean,mca_coordinates,6,,,1.7,0.01,300.0,-0.003007973898787082,5.123853856341697,872.4436532583799,10000,0.16666667266820342,0.16669444814464907,1.0,,1.6597120761871338,,before_2012_03_hyperparameter_tuning_results/mca53_euclidean_fcm_m1p7_labels_K6.npy,before_2012_03_hyperparameter_tuning_results/mca53_euclidean_fcm_m1p7_membership_K6.npy,,before_2012_03_hyperparameter_tuning_results/mca53_euclidean_fcm_m1p7_cluster_size_K6.csv
before_2012_03,53,80%,FCM,euclidean,mca_coordinates,6,,,1.8,0.01,300.0,0.0028129965227984806,4.643726797352544,709.5446688851938,10000,0.16666667115894315,0.16669082901968335,1.0,,1.5463039875030518,,before_2012_03_hyperparameter_tuning_results/mca53_euclidean_fcm_m1p8_labels_K6.npy,before_2012_03_hyperparameter_tuning_results/mca53_euclidean_fcm_m1p8_membership_K6.npy,,before_2012_03_hyperparameter_tuning_results/mca53_euclidean_fcm_m1p8_cluster_size_K6.csv
before_2012_03,53,80%,FCM,euclidean,mca_coordinates,6,,,1.9,0.01,300.0,0.005739322731122174,4.781945548753645,709.9647909088212,10000,0.1666666688426041,0.16668349345379466,1.0,,1.8003771305084229,,before_2012_03_hyperparameter_tuning_results/mca53_euclidean_fcm_m1p9_labels_K6.npy,before_2012_03_hyperparameter_tuning_results/mca53_euclidean_fcm_m1p9_membership_K6.npy,,before_2012_03_hyperparameter_tuning_results/mca53_euclidean_fcm_m1p9_cluster_size_K6.csv
before_2012_03,53,80%,FCM,euclidean,mca_coordinates,6,,,2.0,0.01,300.0,-0.059030920853002815,4.738502137526959,718.5860609934367,10000,0.16666666785184858,0.1666790799816762,1.0,,1.5447807312011719,,before_2012_03_hyperparameter_tuning_results/mca53_euclidean_fcm_m2p0_labels_K6.npy,before_2012_03_hyperparameter_tuning_results/mca53_euclidean_fcm_m2p0_membership_K6.npy,,before_2012_03_hyperparameter_tuning_results/mca53_euclidean_fcm_m2p0_cluster_size_K6.csv
before_2012_03,53,80%,FCM,euclidean,mca_coordinates,6,,,4.0,0.01,300.0,-0.08470461824849627,5.072784146564602,609.3721084632423,10000,0.16666666683356246,0.16667098106588313,1.0,,1.533836841583252,,before_2012_03_hyperparameter_tuning_results/mca53_euclidean_fcm_m4p0_labels_K6.npy,before_2012_03_hyperparameter_tuning_results/mca53_euclidean_fcm_m4p0_membership_K6.npy,,before_2012_03_hyperparameter_tuning_results/mca53_euclidean_fcm_m4p0_cluster_size_K6.csv
before_2012_03,53,80%,KMeans,euclidean,mca_coordinates,7,4096.0,5.0,,,,0.08085543889101919,3.125890660033382,2116.9743830753355,10000,,,,,1.643813133239746,,before_2012_03_hyperparameter_tuning_results/mca53_euclidean_kmeans_bs4096_ninit5_labels_K7.npy,,,before_2012_03_hyperparameter_tuning_results/mca53_euclidean_kmeans_bs4096_ninit5_cluster_size_K7.csv
before_2012_03,53,80%,KMeans,euclidean,mca_coordinates,7,4096.0,10.0,,,,0.11012502668198217,2.882290463551904,2187.5705635674253,10000,,,,,1.4451348781585693,,before_2012_03_hyperparameter_tuning_results/mca53_euclidean_kmeans_bs4096_ninit10_labels_K7.npy,,,before_2012_03_hyperparameter_tuning_results/mca53_euclidean_kmeans_bs4096_ninit10_cluster_size_K7.csv
before_2012_03,53,80%,KMeans,euclidean,mca_coordinates,7,4096.0,20.0,,,,0.011400488954325891,3.350226272581305,2078.581562740272,10000,,,,,1.6427338123321533,,before_2012_03_hyperparameter_tuning_results/mca53_euclidean_kmeans_bs4096_ninit20_labels_K7.npy,,,before_2012_03_hyperparameter_tuning_results/mca53_euclidean_kmeans_bs4096_ninit20_cluster_size_K7.csv
before_2012_03,53,80%,KMeans,euclidean,mca_coordinates,7,8192.0,5.0,,,,0.12971165086511255,3.1524804437508034,2096.4131623908215,10000,,,,,1.3805508613586426,,before_2012_03_hyperparameter_tuning_results/mca53_euclidean_kmeans_bs8192_ninit5_labels_K7.npy,,,before_2012_03_hyperparameter_tuning_results/mca53_euclidean_kmeans_bs8192_ninit5_cluster_size_K7.csv
before_2012_03,53,80%,KMeans,euclidean,mca_coordinates,7,8192.0,10.0,,,,0.09339084685985666,3.713436136815775,1905.6417032863853,10000,,,,,1.6462249755859375,,before_2012_03_hyperparameter_tuning_results/mca53_euclidean_kmeans_bs8192_ninit10_labels_K7.npy,,,before_2012_03_hyperparameter_tuning_results/mca53_euclidean_kmeans_bs8192_ninit10_cluster_size_K7.csv
before_2012_03,53,80%,KMeans,euclidean,mca_coordinates,7,8192.0,20.0,,,,0.11290165272244951,2.9649439991114326,2125.3357892330882,10000,,,,,1.7800660133361816,,before_2012_03_hyperparameter_tuning_results/mca53_euclidean_kmeans_bs8192_ninit20_labels_K7.npy,,,before_2012_03_hyperparameter_tuning_results/mca53_euclidean_kmeans_bs8192_ninit20_cluster_size_K7.csv
before_2012_03,53,80%,KMeans,euclidean,mca_coordinates,7,16384.0,5.0,,,,0.058867123763870405,2.8516051478903655,2251.7989058026155,10000,,,,,1.798738956451416,,before_2012_03_hyperparameter_tuning_results/mca53_euclidean_kmeans_bs16384_ninit5_labels_K7.npy,,,before_2012_03_hyperparameter_tuning_results/mca53_euclidean_kmeans_bs16384_ninit5_cluster_size_K7.csv
before_2012_03,53,80%,KMeans,euclidean,mca_coordinates,7,16384.0,10.0,,,,0.08020215719319812,3.0208879400001725,2210.0361314523093,10000,,,,,2.0364582538604736,,before_2012_03_hyperparameter_tuning_results/mca53_euclidean_kmeans_bs16384_ninit10_labels_K7.npy,,,before_2012_03_hyperparameter_tuning_results/mca53_euclidean_kmeans_bs16384_ninit10_cluster_size_K7.csv
before_2012_03,53,80%,KMeans,euclidean,mca_coordinates,7,16384.0,20.0,,,,0.08398356815836956,3.6372115724376,2195.9182529365885,10000,,,,,3.0142738819122314,,before_2012_03_hyperparameter_tuning_results/mca53_euclidean_kmeans_bs16384_ninit20_labels_K7.npy,,,before_2012_03_hyperparameter_tuning_results/mca53_euclidean_kmeans_bs16384_ninit20_cluster_size_K7.csv
before_2012_03,53,80%,FCM,euclidean,mca_coordinates,7,,,1.1,0.01,300.0,0.003361997998347884,3.776500847910931,1578.075489159028,10000,0.6555732699763721,0.7225501013463606,0.284198338786811,,5.009799003601074,,before_2012_03_hyperparameter_tuning_results/mca53_euclidean_fcm_m1p1_labels_K7.npy,before_2012_03_hyperparameter_tuning_results/mca53_euclidean_fcm_m1p1_membership_K7.npy,,before_2012_03_hyperparameter_tuning_results/mca53_euclidean_fcm_m1p1_cluster_size_K7.csv
before_2012_03,53,80%,FCM,euclidean,mca_coordinates,7,,,1.2,0.01,300.0,0.004978479868150002,4.584590189425133,1304.0566851148399,10000,0.37291157938112374,0.440100788463416,0.6687037503146237,,19.544543981552124,,before_2012_03_hyperparameter_tuning_results/mca53_euclidean_fcm_m1p2_labels_K7.npy,before_2012_03_hyperparameter_tuning_results/mca53_euclidean_fcm_m1p2_membership_K7.npy,,before_2012_03_hyperparameter_tuning_results/mca53_euclidean_fcm_m1p2_cluster_size_K7.csv
before_2012_03,53,80%,FCM,euclidean,mca_coordinates,7,,,1.3,0.01,300.0,0.052213430933570906,4.629400703218267,649.5206537864347,10000,0.24241213011607515,0.2781446574872033,0.859904354392147,,4.012234926223755,,before_2012_03_hyperparameter_tuning_results/mca53_euclidean_fcm_m1p3_labels_K7.npy,before_2012_03_hyperparameter_tuning_results/mca53_euclidean_fcm_m1p3_membership_K7.npy,,before_2012_03_hyperparameter_tuning_results/mca53_euclidean_fcm_m1p3_cluster_size_K7.csv
before_2012_03,53,80%,FCM,euclidean,mca_coordinates,7,,,1.4,0.01,300.0,-0.002392595997991159,6.306827681767239,593.5944881933077,10000,0.21984929973295683,0.25344571367017915,0.8788421847470426,,6.185997247695923,,before_2012_03_hyperparameter_tuning_results/mca53_euclidean_fcm_m1p4_labels_K7.npy,before_2012_03_hyperparameter_tuning_results/mca53_euclidean_fcm_m1p4_membership_K7.npy,,before_2012_03_hyperparameter_tuning_results/mca53_euclidean_fcm_m1p4_cluster_size_K7.csv
before_2012_03,53,80%,FCM,euclidean,mca_coordinates,7,,,1.5,0.01,300.0,0.012643939101339954,5.447136893037478,499.45416715622287,10000,0.1428572538191189,0.142989433931851,1.0,,1.603166103363037,,before_2012_03_hyperparameter_tuning_results/mca53_euclidean_fcm_m1p5_labels_K7.npy,before_2012_03_hyperparameter_tuning_results/mca53_euclidean_fcm_m1p5_membership_K7.npy,,before_2012_03_hyperparameter_tuning_results/mca53_euclidean_fcm_m1p5_cluster_size_K7.csv
before_2012_03,53,80%,FCM,euclidean,mca_coordinates,7,,,1.6,0.01,300.0,-0.08821984750768136,4.476507110429563,489.9983467275759,10000,0.14285715772705426,0.14290594555856723,1.0,,1.6561100482940674,,before_2012_03_hyperparameter_tuning_results/mca53_euclidean_fcm_m1p6_labels_K7.npy,before_2012_03_hyperparameter_tuning_results/mca53_euclidean_fcm_m1p6_membership_K7.npy,,before_2012_03_hyperparameter_tuning_results/mca53_euclidean_fcm_m1p6_cluster_size_K7.csv
before_2012_03,53,80%,FCM,euclidean,mca_coordinates,7,,,1.7,0.01,300.0,0.01265308189216071,5.335660945647071,499.4924926515672,10000,0.14285714909342054,0.14288901002998808,1.0,,1.9416711330413818,,before_2012_03_hyperparameter_tuning_results/mca53_euclidean_fcm_m1p7_labels_K7.npy,before_2012_03_hyperparameter_tuning_results/mca53_euclidean_fcm_m1p7_membership_K7.npy,,before_2012_03_hyperparameter_tuning_results/mca53_euclidean_fcm_m1p7_cluster_size_K7.csv
before_2012_03,53,80%,FCM,euclidean,mca_coordinates,7,,,1.8,0.01,300.0,-0.005180353445047262,5.410272461463592,522.2286065928522,10000,0.14285714752858988,0.14288496358686326,1.0,,1.6178371906280518,,before_2012_03_hyperparameter_tuning_results/mca53_euclidean_fcm_m1p8_labels_K7.npy,before_2012_03_hyperparameter_tuning_results/mca53_euclidean_fcm_m1p8_membership_K7.npy,,before_2012_03_hyperparameter_tuning_results/mca53_euclidean_fcm_m1p8_cluster_size_K7.csv
before_2012_03,53,80%,FCM,euclidean,mca_coordinates,7,,,1.9,0.01,300.0,0.008175290364430677,5.248722152426593,522.3220475622273,10000,0.14285714511826594,0.14287662550176272,1.0,,1.763969898223877,,before_2012_03_hyperparameter_tuning_results/mca53_euclidean_fcm_m1p9_labels_K7.npy,before_2012_03_hyperparameter_tuning_results/mca53_euclidean_fcm_m1p9_membership_K7.npy,,before_2012_03_hyperparameter_tuning_results/mca53_euclidean_fcm_m1p9_cluster_size_K7.csv
before_2012_03,53,80%,FCM,euclidean,mca_coordinates,7,,,2.0,0.01,300.0,0.013823498398398986,5.2141961182365275,521.5322923172948,10000,0.14285714408594846,0.1428715896962375,1.0,,2.1379151344299316,,before_2012_03_hyperparameter_tuning_results/mca53_euclidean_fcm_m2p0_labels_K7.npy,before_2012_03_hyperparameter_tuning_results/mca53_euclidean_fcm_m2p0_membership_K7.npy,,before_2012_03_hyperparameter_tuning_results/mca53_euclidean_fcm_m2p0_cluster_size_K7.csv
before_2012_03,53,80%,FCM,euclidean,mca_coordinates,7,,,4.0,0.01,300.0,-0.08598668607266179,6.065261628918852,619.0782901308858,10000,0.14285714300375274,0.14286226032649166,1.0,,3.2785260677337646,,before_2012_03_hyperparameter_tuning_results/mca53_euclidean_fcm_m4p0_labels_K7.npy,before_2012_03_hyperparameter_tuning_results/mca53_euclidean_fcm_m4p0_membership_K7.npy,,before_2012_03_hyperparameter_tuning_results/mca53_euclidean_fcm_m4p0_cluster_size_K7.csv
before_2012_03,53,80%,KMeans,euclidean,mca_coordinates,8,4096.0,5.0,,,,-0.00354950085124293,3.267816688608625,1981.499406164467,10000,,,,,1.567370891571045,,before_2012_03_hyperparameter_tuning_results/mca53_euclidean_kmeans_bs4096_ninit5_labels_K8.npy,,,before_2012_03_hyperparameter_tuning_results/mca53_euclidean_kmeans_bs4096_ninit5_cluster_size_K8.csv
before_2012_03,53,80%,KMeans,euclidean,mca_coordinates,8,4096.0,10.0,,,,-0.0028811202817036995,3.2504193500660694,1783.9584964821922,10000,,,,,1.3609070777893066,,before_2012_03_hyperparameter_tuning_results/mca53_euclidean_kmeans_bs4096_ninit10_labels_K8.npy,,,before_2012_03_hyperparameter_tuning_results/mca53_euclidean_kmeans_bs4096_ninit10_cluster_size_K8.csv
before_2012_03,53,80%,KMeans,euclidean,mca_coordinates,8,4096.0,20.0,,,,0.06409303162059157,2.655582729799351,1960.9219502759206,10000,,,,,1.7943861484527588,,before_2012_03_hyperparameter_tuning_results/mca53_euclidean_kmeans_bs4096_ninit20_labels_K8.npy,,,before_2012_03_hyperparameter_tuning_results/mca53_euclidean_kmeans_bs4096_ninit20_cluster_size_K8.csv
before_2012_03,53,80%,KMeans,euclidean,mca_coordinates,8,8192.0,5.0,,,,-0.002427042649529665,3.2310544482034826,2068.46231661104,10000,,,,,1.8777220249176025,,before_2012_03_hyperparameter_tuning_results/mca53_euclidean_kmeans_bs8192_ninit5_labels_K8.npy,,,before_2012_03_hyperparameter_tuning_results/mca53_euclidean_kmeans_bs8192_ninit5_cluster_size_K8.csv
before_2012_03,53,80%,KMeans,euclidean,mca_coordinates,8,8192.0,10.0,,,,0.18079622380830818,2.689874807490874,2196.0357475826113,10000,,,,,1.7224512100219727,,before_2012_03_hyperparameter_tuning_results/mca53_euclidean_kmeans_bs8192_ninit10_labels_K8.npy,,,before_2012_03_hyperparameter_tuning_results/mca53_euclidean_kmeans_bs8192_ninit10_cluster_size_K8.csv
before_2012_03,53,80%,KMeans,euclidean,mca_coordinates,8,8192.0,20.0,,,,0.07117278395243266,2.8674862923274724,2125.609173827148,10000,,,,,2.0226738452911377,,before_2012_03_hyperparameter_tuning_results/mca53_euclidean_kmeans_bs8192_ninit20_labels_K8.npy,,,before_2012_03_hyperparameter_tuning_results/mca53_euclidean_kmeans_bs8192_ninit20_cluster_size_K8.csv
before_2012_03,53,80%,KMeans,euclidean,mca_coordinates,8,16384.0,5.0,,,,0.06170925961619804,3.130118315991689,1807.7827917502077,10000,,,,,1.6226189136505127,,before_2012_03_hyperparameter_tuning_results/mca53_euclidean_kmeans_bs16384_ninit5_labels_K8.npy,,,before_2012_03_hyperparameter_tuning_results/mca53_euclidean_kmeans_bs16384_ninit5_cluster_size_K8.csv
before_2012_03,53,80%,KMeans,euclidean,mca_coordinates,8,16384.0,10.0,,,,0.05769596633860202,2.988376389557046,2087.0275746121324,10000,,,,,1.9605629444122314,,before_2012_03_hyperparameter_tuning_results/mca53_euclidean_kmeans_bs16384_ninit10_labels_K8.npy,,,before_2012_03_hyperparameter_tuning_results/mca53_euclidean_kmeans_bs16384_ninit10_cluster_size_K8.csv
before_2012_03,53,80%,KMeans,euclidean,mca_coordinates,8,16384.0,20.0,,,,0.09395863947968126,2.572349073345021,2221.5818595928795,10000,,,,,2.296870231628418,,before_2012_03_hyperparameter_tuning_results/mca53_euclidean_kmeans_bs16384_ninit20_labels_K8.npy,,,before_2012_03_hyperparameter_tuning_results/mca53_euclidean_kmeans_bs16384_ninit20_cluster_size_K8.csv
before_2012_03,53,80%,FCM,euclidean,mca_coordinates,8,,,1.1,0.01,300.0,0.009545235945908283,3.5402657591815117,1523.0598836940112,10000,0.6727098495249927,0.7342502756764157,0.27271079788572866,,5.104839086532593,,before_2012_03_hyperparameter_tuning_results/mca53_euclidean_fcm_m1p1_labels_K8.npy,before_2012_03_hyperparameter_tuning_results/mca53_euclidean_fcm_m1p1_membership_K8.npy,,before_2012_03_hyperparameter_tuning_results/mca53_euclidean_fcm_m1p1_cluster_size_K8.csv
before_2012_03,53,80%,FCM,euclidean,mca_coordinates,8,,,1.2,0.01,300.0,0.003238061173559086,4.696581816358522,916.3699104808265,10000,0.35532688860957506,0.41884690171428973,0.6726805940095646,,18.035552978515625,,before_2012_03_hyperparameter_tuning_results/mca53_euclidean_fcm_m1p2_labels_K8.npy,before_2012_03_hyperparameter_tuning_results/mca53_euclidean_fcm_m1p2_membership_K8.npy,,before_2012_03_hyperparameter_tuning_results/mca53_euclidean_fcm_m1p2_cluster_size_K8.csv
before_2012_03,53,80%,FCM,euclidean,mca_coordinates,8,,,1.3,0.01,300.0,0.04510834798371723,4.029946974862292,647.1764141291468,10000,0.22374762396398615,0.256995636987379,0.868411779511704,,5.104278087615967,,before_2012_03_hyperparameter_tuning_results/mca53_euclidean_fcm_m1p3_labels_K8.npy,before_2012_03_hyperparameter_tuning_results/mca53_euclidean_fcm_m1p3_membership_K8.npy,,before_2012_03_hyperparameter_tuning_results/mca53_euclidean_fcm_m1p3_cluster_size_K8.csv
before_2012_03,53,80%,FCM,euclidean,mca_coordinates,8,,,1.4,0.01,300.0,0.021288061208063654,5.752611347900462,527.0484775565266,10000,0.2030791865092686,0.23380351260254828,0.8890309589730682,,6.819109916687012,,before_2012_03_hyperparameter_tuning_results/mca53_euclidean_fcm_m1p4_labels_K8.npy,before_2012_03_hyperparameter_tuning_results/mca53_euclidean_fcm_m1p4_membership_K8.npy,,before_2012_03_hyperparameter_tuning_results/mca53_euclidean_fcm_m1p4_cluster_size_K8.csv
before_2012_03,53,80%,FCM,euclidean,mca_coordinates,8,,,1.5,0.01,300.0,-0.03140135328865461,6.177278040164402,494.63259463885584,10000,0.12500009694256375,0.12509821586475528,1.0,,1.702754020690918,,before_2012_03_hyperparameter_tuning_results/mca53_euclidean_fcm_m1p5_labels_K8.npy,before_2012_03_hyperparameter_tuning_results/mca53_euclidean_fcm_m1p5_membership_K8.npy,,before_2012_03_hyperparameter_tuning_results/mca53_euclidean_fcm_m1p5_cluster_size_K8.csv
before_2012_03,53,80%,FCM,euclidean,mca_coordinates,8,,,1.6,0.01,300.0,-0.017799160017284838,5.851971825763381,445.0420520554219,10000,0.12500001621786946,0.12504067598277066,1.0,,1.79634690284729,,before_2012_03_hyperparameter_tuning_results/mca53_euclidean_fcm_m1p6_labels_K8.npy,before_2012_03_hyperparameter_tuning_results/mca53_euclidean_fcm_m1p6_membership_K8.npy,,before_2012_03_hyperparameter_tuning_results/mca53_euclidean_fcm_m1p6_cluster_size_K8.csv
before_2012_03,53,80%,FCM,euclidean,mca_coordinates,8,,,1.7,0.01,300.0,-0.08396614368856722,6.316598912068122,485.11357465565123,10000,0.12500000812217427,0.1250292172020896,1.0,,1.7368409633636475,,before_2012_03_hyperparameter_tuning_results/mca53_euclidean_fcm_m1p7_labels_K8.npy,before_2012_03_hyperparameter_tuning_results/mca53_euclidean_fcm_m1p7_membership_K8.npy,,before_2012_03_hyperparameter_tuning_results/mca53_euclidean_fcm_m1p7_cluster_size_K8.csv
before_2012_03,53,80%,FCM,euclidean,mca_coordinates,8,,,1.8,0.01,300.0,-0.08472747216916136,6.321397946623819,484.0175110431505,10000,0.12500000334264125,0.1250189727130514,1.0,,1.8029088973999023,,before_2012_03_hyperparameter_tuning_results/mca53_euclidean_fcm_m1p8_labels_K8.npy,before_2012_03_hyperparameter_tuning_results/mca53_euclidean_fcm_m1p8_membership_K8.npy,,before_2012_03_hyperparameter_tuning_results/mca53_euclidean_fcm_m1p8_cluster_size_K8.csv
before_2012_03,53,80%,FCM,euclidean,mca_coordinates,8,,,1.9,0.01,300.0,-0.08697640628263364,6.466655083579562,480.3471294351816,10000,0.12500000160192995,0.1250132832125132,1.0,,1.6707279682159424,,before_2012_03_hyperparameter_tuning_results/mca53_euclidean_fcm_m1p9_labels_K8.npy,before_2012_03_hyperparameter_tuning_results/mca53_euclidean_fcm_m1p9_membership_K8.npy,,before_2012_03_hyperparameter_tuning_results/mca53_euclidean_fcm_m1p9_cluster_size_K8.csv
before_2012_03,53,80%,FCM,euclidean,mca_coordinates,8,,,2.0,0.01,300.0,-0.020185054637491758,7.19107061472642,547.0203827514988,10000,0.125000002300058,0.12501615922043166,1.0,,1.5298078060150146,,before_2012_03_hyperparameter_tuning_results/mca53_euclidean_fcm_m2p0_labels_K8.npy,before_2012_03_hyperparameter_tuning_results/mca53_euclidean_fcm_m2p0_membership_K8.npy,,before_2012_03_hyperparameter_tuning_results/mca53_euclidean_fcm_m2p0_cluster_size_K8.csv
before_2012_03,53,80%,FCM,euclidean,mca_coordinates,8,,,4.0,0.01,300.0,-0.040250843346168096,8.535597460449061,505.92640700863166,10000,0.1250000000786554,0.12500349989196663,1.0,,1.5747098922729492,,before_2012_03_hyperparameter_tuning_results/mca53_euclidean_fcm_m4p0_labels_K8.npy,before_2012_03_hyperparameter_tuning_results/mca53_euclidean_fcm_m4p0_membership_K8.npy,,before_2012_03_hyperparameter_tuning_results/mca53_euclidean_fcm_m4p0_cluster_size_K8.csv
before_2012_03,61,90%,KMeans,euclidean,mca_coordinates,6,4096.0,5.0,,,,0.06538961764950349,3.3025342907647084,1703.210209682748,10000,,,,,1.6152679920196533,,before_2012_03_hyperparameter_tuning_results/mca61_euclidean_kmeans_bs4096_ninit5_labels_K6.npy,,,before_2012_03_hyperparameter_tuning_results/mca61_euclidean_kmeans_bs4096_ninit5_cluster_size_K6.csv
before_2012_03,61,90%,KMeans,euclidean,mca_coordinates,6,4096.0,10.0,,,,0.0651456709776206,3.6273290992823704,1654.6996094705992,10000,,,,,2.064397096633911,,before_2012_03_hyperparameter_tuning_results/mca61_euclidean_kmeans_bs4096_ninit10_labels_K6.npy,,,before_2012_03_hyperparameter_tuning_results/mca61_euclidean_kmeans_bs4096_ninit10_cluster_size_K6.csv
before_2012_03,61,90%,KMeans,euclidean,mca_coordinates,6,4096.0,20.0,,,,0.05834728349385268,3.3060063528177683,2084.009446789727,10000,,,,,1.9493789672851562,,before_2012_03_hyperparameter_tuning_results/mca61_euclidean_kmeans_bs4096_ninit20_labels_K6.npy,,,before_2012_03_hyperparameter_tuning_results/mca61_euclidean_kmeans_bs4096_ninit20_cluster_size_K6.csv
before_2012_03,61,90%,KMeans,euclidean,mca_coordinates,6,8192.0,5.0,,,,0.0719547659645773,3.0750378667277842,1756.7905950866043,10000,,,,,1.6734941005706787,,before_2012_03_hyperparameter_tuning_results/mca61_euclidean_kmeans_bs8192_ninit5_labels_K6.npy,,,before_2012_03_hyperparameter_tuning_results/mca61_euclidean_kmeans_bs8192_ninit5_cluster_size_K6.csv
before_2012_03,61,90%,KMeans,euclidean,mca_coordinates,6,8192.0,10.0,,,,0.03026259794468797,3.2335198881089333,2083.449144599767,10000,,,,,1.4699938297271729,,before_2012_03_hyperparameter_tuning_results/mca61_euclidean_kmeans_bs8192_ninit10_labels_K6.npy,,,before_2012_03_hyperparameter_tuning_results/mca61_euclidean_kmeans_bs8192_ninit10_cluster_size_K6.csv
before_2012_03,61,90%,KMeans,euclidean,mca_coordinates,6,8192.0,20.0,,,,0.03658580527976747,3.2366282228649212,2083.844503863671,10000,,,,,1.8957886695861816,,before_2012_03_hyperparameter_tuning_results/mca61_euclidean_kmeans_bs8192_ninit20_labels_K6.npy,,,before_2012_03_hyperparameter_tuning_results/mca61_euclidean_kmeans_bs8192_ninit20_cluster_size_K6.csv
before_2012_03,61,90%,KMeans,euclidean,mca_coordinates,6,16384.0,5.0,,,,0.05206935361408084,3.1118139615325027,2123.2153890536324,10000,,,,,1.5859119892120361,,before_2012_03_hyperparameter_tuning_results/mca61_euclidean_kmeans_bs16384_ninit5_labels_K6.npy,,,before_2012_03_hyperparameter_tuning_results/mca61_euclidean_kmeans_bs16384_ninit5_cluster_size_K6.csv
before_2012_03,61,90%,KMeans,euclidean,mca_coordinates,6,16384.0,10.0,,,,0.13413353878506346,3.1265880403147346,2057.680693062198,10000,,,,,1.5743050575256348,,before_2012_03_hyperparameter_tuning_results/mca61_euclidean_kmeans_bs16384_ninit10_labels_K6.npy,,,before_2012_03_hyperparameter_tuning_results/mca61_euclidean_kmeans_bs16384_ninit10_cluster_size_K6.csv
before_2012_03,61,90%,KMeans,euclidean,mca_coordinates,6,16384.0,20.0,,,,0.08156678616759647,3.020584212231498,2124.745340964457,10000,,,,,2.613025188446045,,before_2012_03_hyperparameter_tuning_results/mca61_euclidean_kmeans_bs16384_ninit20_labels_K6.npy,,,before_2012_03_hyperparameter_tuning_results/mca61_euclidean_kmeans_bs16384_ninit20_cluster_size_K6.csv
before_2012_03,61,90%,FCM,euclidean,mca_coordinates,6,,,1.1,0.01,300.0,0.01807347079548663,4.118403214162237,1563.7614094768603,10000,0.6164826186280664,0.6939846287935445,0.30611628492323184,,6.778189182281494,,before_2012_03_hyperparameter_tuning_results/mca61_euclidean_fcm_m1p1_labels_K6.npy,before_2012_03_hyperparameter_tuning_results/mca61_euclidean_fcm_m1p1_membership_K6.npy,,before_2012_03_hyperparameter_tuning_results/mca61_euclidean_fcm_m1p1_cluster_size_K6.csv
before_2012_03,61,90%,FCM,euclidean,mca_coordinates,6,,,1.2,0.01,300.0,0.06694452810895499,5.695993230038153,692.5085195251917,10000,0.28278246074333435,0.3221268089295346,0.8284419833878681,,4.4492127895355225,,before_2012_03_hyperparameter_tuning_results/mca61_euclidean_fcm_m1p2_labels_K6.npy,before_2012_03_hyperparameter_tuning_results/mca61_euclidean_fcm_m1p2_membership_K6.npy,,before_2012_03_hyperparameter_tuning_results/mca61_euclidean_fcm_m1p2_cluster_size_K6.csv
before_2012_03,61,90%,FCM,euclidean,mca_coordinates,6,,,1.3,0.01,300.0,0.0320347417078226,7.797093354154637,665.6987066606895,10000,0.2508333951768721,0.28528450729496435,0.8611427133148755,,3.616640090942383,,before_2012_03_hyperparameter_tuning_results/mca61_euclidean_fcm_m1p3_labels_K6.npy,before_2012_03_hyperparameter_tuning_results/mca61_euclidean_fcm_m1p3_membership_K6.npy,,before_2012_03_hyperparameter_tuning_results/mca61_euclidean_fcm_m1p3_cluster_size_K6.csv
before_2012_03,61,90%,FCM,euclidean,mca_coordinates,6,,,1.4,0.01,300.0,-0.007086781844022323,5.350795464953551,589.1119800343517,10000,0.16666693326939552,0.1668489448287406,1.0,,1.3753621578216553,,before_2012_03_hyperparameter_tuning_results/mca61_euclidean_fcm_m1p4_labels_K6.npy,before_2012_03_hyperparameter_tuning_results/mca61_euclidean_fcm_m1p4_membership_K6.npy,,before_2012_03_hyperparameter_tuning_results/mca61_euclidean_fcm_m1p4_cluster_size_K6.csv
before_2012_03,61,90%,FCM,euclidean,mca_coordinates,6,,,1.5,0.01,300.0,-0.022439317861905887,4.838857124335902,512.9123298482259,10000,0.16666668729456127,0.1667171713887942,1.0,,1.5402300357818604,,before_2012_03_hyperparameter_tuning_results/mca61_euclidean_fcm_m1p5_labels_K6.npy,before_2012_03_hyperparameter_tuning_results/mca61_euclidean_fcm_m1p5_membership_K6.npy,,before_2012_03_hyperparameter_tuning_results/mca61_euclidean_fcm_m1p5_cluster_size_K6.csv
before_2012_03,61,90%,FCM,euclidean,mca_coordinates,6,,,1.6,0.01,300.0,-0.009827641541668649,5.147129510501996,565.8418976316144,10000,0.166666672613662,0.16669379341314838,1.0,,1.4926369190216064,,before_2012_03_hyperparameter_tuning_results/mca61_euclidean_fcm_m1p6_labels_K6.npy,before_2012_03_hyperparameter_tuning_results/mca61_euclidean_fcm_m1p6_membership_K6.npy,,before_2012_03_hyperparameter_tuning_results/mca61_euclidean_fcm_m1p6_cluster_size_K6.csv
before_2012_03,61,90%,FCM,euclidean,mca_coordinates,6,,,1.7,0.01,300.0,-0.002340713469611241,5.384595019460998,589.6170422319074,10000,0.16666667034566357,0.16668805409554668,1.0,,1.3772492408752441,,before_2012_03_hyperparameter_tuning_results/mca61_euclidean_fcm_m1p7_labels_K6.npy,before_2012_03_hyperparameter_tuning_results/mca61_euclidean_fcm_m1p7_membership_K6.npy,,before_2012_03_hyperparameter_tuning_results/mca61_euclidean_fcm_m1p7_cluster_size_K6.csv
before_2012_03,61,90%,FCM,euclidean,mca_coordinates,6,,,1.8,0.01,300.0,-0.07529236816721255,5.070426350839628,594.532292903389,10000,0.16666666819190507,0.1666804197020906,1.0,,1.4722299575805664,,before_2012_03_hyperparameter_tuning_results/mca61_euclidean_fcm_m1p8_labels_K6.npy,before_2012_03_hyperparameter_tuning_results/mca61_euclidean_fcm_m1p8_membership_K6.npy,,before_2012_03_hyperparameter_tuning_results/mca61_euclidean_fcm_m1p8_cluster_size_K6.csv
before_2012_03,61,90%,FCM,euclidean,mca_coordinates,6,,,1.9,0.01,300.0,-0.08591951307642676,5.101153540222401,594.8851371451094,10000,0.16666666740363872,0.16667620742393488,1.0,,1.4240870475769043,,before_2012_03_hyperparameter_tuning_results/mca61_euclidean_fcm_m1p9_labels_K6.npy,before_2012_03_hyperparameter_tuning_results/mca61_euclidean_fcm_m1p9_membership_K6.npy,,before_2012_03_hyperparameter_tuning_results/mca61_euclidean_fcm_m1p9_cluster_size_K6.csv
before_2012_03,61,90%,FCM,euclidean,mca_coordinates,6,,,2.0,0.01,300.0,-0.06782813279075886,4.935718417414843,546.0335109540973,10000,0.1666666679761822,0.1666794708325052,1.0,,1.278357982635498,,before_2012_03_hyperparameter_tuning_results/mca61_euclidean_fcm_m2p0_labels_K6.npy,before_2012_03_hyperparameter_tuning_results/mca61_euclidean_fcm_m2p0_membership_K6.npy,,before_2012_03_hyperparameter_tuning_results/mca61_euclidean_fcm_m2p0_cluster_size_K6.csv
before_2012_03,61,90%,FCM,euclidean,mca_coordinates,6,,,4.0,0.01,300.0,-0.03912820907752944,5.383668331638817,547.951781419102,10000,0.1666666667318637,0.16666923384639357,1.0,,1.324234962463379,,before_2012_03_hyperparameter_tuning_results/mca61_euclidean_fcm_m4p0_labels_K6.npy,before_2012_03_hyperparameter_tuning_results/mca61_euclidean_fcm_m4p0_membership_K6.npy,,before_2012_03_hyperparameter_tuning_results/mca61_euclidean_fcm_m4p0_cluster_size_K6.csv
before_2012_03,61,90%,KMeans,euclidean,mca_coordinates,7,4096.0,5.0,,,,0.05304433902181564,3.0894841377150146,1646.9157593448938,10000,,,,,1.3204827308654785,,before_2012_03_hyperparameter_tuning_results/mca61_euclidean_kmeans_bs4096_ninit5_labels_K7.npy,,,before_2012_03_hyperparameter_tuning_results/mca61_euclidean_kmeans_bs4096_ninit5_cluster_size_K7.csv
before_2012_03,61,90%,KMeans,euclidean,mca_coordinates,7,4096.0,10.0,,,,0.06676790971391312,3.303806430402033,1843.4195945773033,10000,,,,,1.4227681159973145,,before_2012_03_hyperparameter_tuning_results/mca61_euclidean_kmeans_bs4096_ninit10_labels_K7.npy,,,before_2012_03_hyperparameter_tuning_results/mca61_euclidean_kmeans_bs4096_ninit10_cluster_size_K7.csv
before_2012_03,61,90%,KMeans,euclidean,mca_coordinates,7,4096.0,20.0,,,,0.02717975159985013,3.703794918120178,1818.051629866621,10000,,,,,1.3793079853057861,,before_2012_03_hyperparameter_tuning_results/mca61_euclidean_kmeans_bs4096_ninit20_labels_K7.npy,,,before_2012_03_hyperparameter_tuning_results/mca61_euclidean_kmeans_bs4096_ninit20_cluster_size_K7.csv
before_2012_03,61,90%,KMeans,euclidean,mca_coordinates,7,8192.0,5.0,,,,0.08833926111376277,3.2103856239251085,1997.4563327384597,10000,,,,,1.3878998756408691,,before_2012_03_hyperparameter_tuning_results/mca61_euclidean_kmeans_bs8192_ninit5_labels_K7.npy,,,before_2012_03_hyperparameter_tuning_results/mca61_euclidean_kmeans_bs8192_ninit5_cluster_size_K7.csv
before_2012_03,61,90%,KMeans,euclidean,mca_coordinates,7,8192.0,10.0,,,,0.15272113232351017,3.1883308701469195,1920.0738376639267,10000,,,,,1.85030198097229,,before_2012_03_hyperparameter_tuning_results/mca61_euclidean_kmeans_bs8192_ninit10_labels_K7.npy,,,before_2012_03_hyperparameter_tuning_results/mca61_euclidean_kmeans_bs8192_ninit10_cluster_size_K7.csv
before_2012_03,61,90%,KMeans,euclidean,mca_coordinates,7,8192.0,20.0,,,,0.07761474696571417,3.220140216929804,1504.0295002402104,10000,,,,,2.056626081466675,,before_2012_03_hyperparameter_tuning_results/mca61_euclidean_kmeans_bs8192_ninit20_labels_K7.npy,,,before_2012_03_hyperparameter_tuning_results/mca61_euclidean_kmeans_bs8192_ninit20_cluster_size_K7.csv
before_2012_03,61,90%,KMeans,euclidean,mca_coordinates,7,16384.0,5.0,,,,0.06994070423697377,3.2040171927862073,2011.148177704512,10000,,,,,1.6602277755737305,,before_2012_03_hyperparameter_tuning_results/mca61_euclidean_kmeans_bs16384_ninit5_labels_K7.npy,,,before_2012_03_hyperparameter_tuning_results/mca61_euclidean_kmeans_bs16384_ninit5_cluster_size_K7.csv
before_2012_03,61,90%,KMeans,euclidean,mca_coordinates,7,16384.0,10.0,,,,0.10466592907010991,3.1651371192583717,2020.9302405532571,10000,,,,,1.8309540748596191,,before_2012_03_hyperparameter_tuning_results/mca61_euclidean_kmeans_bs16384_ninit10_labels_K7.npy,,,before_2012_03_hyperparameter_tuning_results/mca61_euclidean_kmeans_bs16384_ninit10_cluster_size_K7.csv
before_2012_03,61,90%,KMeans,euclidean,mca_coordinates,7,16384.0,20.0,,,,0.09444476481809093,3.041031664963576,2027.5813694838969,10000,,,,,2.3487188816070557,,before_2012_03_hyperparameter_tuning_results/mca61_euclidean_kmeans_bs16384_ninit20_labels_K7.npy,,,before_2012_03_hyperparameter_tuning_results/mca61_euclidean_kmeans_bs16384_ninit20_cluster_size_K7.csv
before_2012_03,61,90%,FCM,euclidean,mca_coordinates,7,,,1.1,0.01,300.0,0.013707022426075565,3.917821661521786,1486.5828662510667,10000,0.630097309327025,0.7029699290695706,0.30437452806443493,,6.574601888656616,,before_2012_03_hyperparameter_tuning_results/mca61_euclidean_fcm_m1p1_labels_K7.npy,before_2012_03_hyperparameter_tuning_results/mca61_euclidean_fcm_m1p1_membership_K7.npy,,before_2012_03_hyperparameter_tuning_results/mca61_euclidean_fcm_m1p1_cluster_size_K7.csv
before_2012_03,61,90%,FCM,euclidean,mca_coordinates,7,,,1.2,0.01,300.0,0.0014497872748842513,4.960912105464762,577.0534781627886,10000,0.25746412581810607,0.294256850511026,0.8400704757110495,,4.660141944885254,,before_2012_03_hyperparameter_tuning_results/mca61_euclidean_fcm_m1p2_labels_K7.npy,before_2012_03_hyperparameter_tuning_results/mca61_euclidean_fcm_m1p2_membership_K7.npy,,before_2012_03_hyperparameter_tuning_results/mca61_euclidean_fcm_m1p2_cluster_size_K7.csv
before_2012_03,61,90%,FCM,euclidean,mca_coordinates,7,,,1.3,0.01,300.0,0.031539015935398526,6.234277940318971,549.677965997613,10000,0.22820039015618224,0.25978275060915923,0.8838761641077272,,4.119878768920898,,before_2012_03_hyperparameter_tuning_results/mca61_euclidean_fcm_m1p3_labels_K7.npy,before_2012_03_hyperparameter_tuning_results/mca61_euclidean_fcm_m1p3_membership_K7.npy,,before_2012_03_hyperparameter_tuning_results/mca61_euclidean_fcm_m1p3_cluster_size_K7.csv
before_2012_03,61,90%,FCM,euclidean,mca_coordinates,7,,,1.4,0.01,300.0,-0.06953133579854658,4.985658403762617,456.6729617608363,10000,0.14285741799333568,0.14305768652866144,1.0,,1.7214527130126953,,before_2012_03_hyperparameter_tuning_results/mca61_euclidean_fcm_m1p4_labels_K7.npy,before_2012_03_hyperparameter_tuning_results/mca61_euclidean_fcm_m1p4_membership_K7.npy,,before_2012_03_hyperparameter_tuning_results/mca61_euclidean_fcm_m1p4_cluster_size_K7.csv
before_2012_03,61,90%,FCM,euclidean,mca_coordinates,7,,,1.5,0.01,300.0,0.06927314585060582,4.38578198775804,410.06556925224226,10000,0.14285716423338882,0.14291325957003148,1.0,,1.647350788116455,,before_2012_03_hyperparameter_tuning_results/mca61_euclidean_fcm_m1p5_labels_K7.npy,before_2012_03_hyperparameter_tuning_results/mca61_euclidean_fcm_m1p5_membership_K7.npy,,before_2012_03_hyperparameter_tuning_results/mca61_euclidean_fcm_m1p5_cluster_size_K7.csv
before_2012_03,61,90%,FCM,euclidean,mca_coordinates,7,,,1.6,0.01,300.0,-0.0839910438651978,5.311190382716942,417.02563885904743,10000,0.14285714903427196,0.14288746878697844,1.0,,2.0674569606781006,,before_2012_03_hyperparameter_tuning_results/mca61_euclidean_fcm_m1p6_labels_K7.npy,before_2012_03_hyperparameter_tuning_results/mca61_euclidean_fcm_m1p6_membership_K7.npy,,before_2012_03_hyperparameter_tuning_results/mca61_euclidean_fcm_m1p6_cluster_size_K7.csv
before_2012_03,61,90%,FCM,euclidean,mca_coordinates,7,,,1.7,0.01,300.0,-0.06200697978893739,4.910116030285935,455.5831711670092,10000,0.14285714668203545,0.14288115913127006,1.0,,1.6379640102386475,,before_2012_03_hyperparameter_tuning_results/mca61_euclidean_fcm_m1p7_labels_K7.npy,before_2012_03_hyperparameter_tuning_results/mca61_euclidean_fcm_m1p7_membership_K7.npy,,before_2012_03_hyperparameter_tuning_results/mca61_euclidean_fcm_m1p7_cluster_size_K7.csv
before_2012_03,61,90%,FCM,euclidean,mca_coordinates,7,,,1.8,0.01,300.0,-0.05120076579625914,5.0689024996227126,454.85631207197736,10000,0.1428571444421784,0.14287268015846546,1.0,,2.073455810546875,,before_2012_03_hyperparameter_tuning_results/mca61_euclidean_fcm_m1p8_labels_K7.npy,before_2012_03_hyperparameter_tuning_results/mca61_euclidean_fcm_m1p8_membership_K7.npy,,before_2012_03_hyperparameter_tuning_results/mca61_euclidean_fcm_m1p8_cluster_size_K7.csv
before_2012_03,61,90%,FCM,euclidean,mca_coordinates,7,,,1.9,0.01,300.0,-0.054491666562476324,5.051748389824199,453.87925657672537,10000,0.1428571436215245,0.14286798236114073,1.0,,1.70084810256958,,before_2012_03_hyperparameter_tuning_results/mca61_euclidean_fcm_m1p9_labels_K7.npy,before_2012_03_hyperparameter_tuning_results/mca61_euclidean_fcm_m1p9_membership_K7.npy,,before_2012_03_hyperparameter_tuning_results/mca61_euclidean_fcm_m1p9_cluster_size_K7.csv
before_2012_03,61,90%,FCM,euclidean,mca_coordinates,7,,,2.0,0.01,300.0,-0.018342345684538606,5.600148652786778,494.4436060823545,10000,0.14285714420962004,0.14287167320424643,1.0,,1.582036018371582,,before_2012_03_hyperparameter_tuning_results/mca61_euclidean_fcm_m2p0_labels_K7.npy,before_2012_03_hyperparameter_tuning_results/mca61_euclidean_fcm_m2p0_membership_K7.npy,,before_2012_03_hyperparameter_tuning_results/mca61_euclidean_fcm_m2p0_cluster_size_K7.csv
before_2012_03,61,90%,FCM,euclidean,mca_coordinates,7,,,4.0,0.01,300.0,-0.10193896137750373,5.7723124364899565,610.373037835356,10000,0.14285714291372265,0.14286016438952223,1.0,,1.8033368587493896,,before_2012_03_hyperparameter_tuning_results/mca61_euclidean_fcm_m4p0_labels_K7.npy,before_2012_03_hyperparameter_tuning_results/mca61_euclidean_fcm_m4p0_membership_K7.npy,,before_2012_03_hyperparameter_tuning_results/mca61_euclidean_fcm_m4p0_cluster_size_K7.csv
before_2012_03,61,90%,KMeans,euclidean,mca_coordinates,8,4096.0,5.0,,,,0.0672402896859334,2.8504159830246936,1999.086383609758,10000,,,,,1.537764072418213,,before_2012_03_hyperparameter_tuning_results/mca61_euclidean_kmeans_bs4096_ninit5_labels_K8.npy,,,before_2012_03_hyperparameter_tuning_results/mca61_euclidean_kmeans_bs4096_ninit5_cluster_size_K8.csv
before_2012_03,61,90%,KMeans,euclidean,mca_coordinates,8,4096.0,10.0,,,,-0.000554367642884926,3.534295423927139,1841.9727539983796,10000,,,,,1.5208380222320557,,before_2012_03_hyperparameter_tuning_results/mca61_euclidean_kmeans_bs4096_ninit10_labels_K8.npy,,,before_2012_03_hyperparameter_tuning_results/mca61_euclidean_kmeans_bs4096_ninit10_cluster_size_K8.csv
before_2012_03,61,90%,KMeans,euclidean,mca_coordinates,8,4096.0,20.0,,,,0.06494941688752069,3.058131757110962,1948.0491125655776,10000,,,,,1.6893577575683594,,before_2012_03_hyperparameter_tuning_results/mca61_euclidean_kmeans_bs4096_ninit20_labels_K8.npy,,,before_2012_03_hyperparameter_tuning_results/mca61_euclidean_kmeans_bs4096_ninit20_cluster_size_K8.csv
before_2012_03,61,90%,KMeans,euclidean,mca_coordinates,8,8192.0,5.0,,,,0.009457233337113865,3.250260521726875,1952.4005125374947,10000,,,,,1.5135579109191895,,before_2012_03_hyperparameter_tuning_results/mca61_euclidean_kmeans_bs8192_ninit5_labels_K8.npy,,,before_2012_03_hyperparameter_tuning_results/mca61_euclidean_kmeans_bs8192_ninit5_cluster_size_K8.csv
before_2012_03,61,90%,KMeans,euclidean,mca_coordinates,8,8192.0,10.0,,,,0.06468899711252311,2.868704225063703,1964.9483516933458,10000,,,,,1.705260992050171,,before_2012_03_hyperparameter_tuning_results/mca61_euclidean_kmeans_bs8192_ninit10_labels_K8.npy,,,before_2012_03_hyperparameter_tuning_results/mca61_euclidean_kmeans_bs8192_ninit10_cluster_size_K8.csv
before_2012_03,61,90%,KMeans,euclidean,mca_coordinates,8,8192.0,20.0,,,,0.07723586279996672,3.117489435418207,1888.8787455550341,10000,,,,,2.019289970397949,,before_2012_03_hyperparameter_tuning_results/mca61_euclidean_kmeans_bs8192_ninit20_labels_K8.npy,,,before_2012_03_hyperparameter_tuning_results/mca61_euclidean_kmeans_bs8192_ninit20_cluster_size_K8.csv
before_2012_03,61,90%,KMeans,euclidean,mca_coordinates,8,16384.0,5.0,,,,0.031048970231478654,2.905092669934214,1957.260608081938,10000,,,,,1.68257474899292,,before_2012_03_hyperparameter_tuning_results/mca61_euclidean_kmeans_bs16384_ninit5_labels_K8.npy,,,before_2012_03_hyperparameter_tuning_results/mca61_euclidean_kmeans_bs16384_ninit5_cluster_size_K8.csv
before_2012_03,61,90%,KMeans,euclidean,mca_coordinates,8,16384.0,10.0,,,,0.14382969940192897,2.4720382740551,2021.5313425974975,10000,,,,,2.019291877746582,,before_2012_03_hyperparameter_tuning_results/mca61_euclidean_kmeans_bs16384_ninit10_labels_K8.npy,,,before_2012_03_hyperparameter_tuning_results/mca61_euclidean_kmeans_bs16384_ninit10_cluster_size_K8.csv
before_2012_03,61,90%,KMeans,euclidean,mca_coordinates,8,16384.0,20.0,,,,0.06675826481245838,2.940422160264293,1962.2762383051174,10000,,,,,2.511505365371704,,before_2012_03_hyperparameter_tuning_results/mca61_euclidean_kmeans_bs16384_ninit20_labels_K8.npy,,,before_2012_03_hyperparameter_tuning_results/mca61_euclidean_kmeans_bs16384_ninit20_cluster_size_K8.csv
before_2012_03,61,90%,FCM,euclidean,mca_coordinates,8,,,1.1,0.01,300.0,0.01209775613353231,3.7139294166314842,1419.9943921614015,10000,0.6420050185913279,0.7110567405175031,0.29825320916184245,,5.958459854125977,,before_2012_03_hyperparameter_tuning_results/mca61_euclidean_fcm_m1p1_labels_K8.npy,before_2012_03_hyperparameter_tuning_results/mca61_euclidean_fcm_m1p1_membership_K8.npy,,before_2012_03_hyperparameter_tuning_results/mca61_euclidean_fcm_m1p1_cluster_size_K8.csv
before_2012_03,61,90%,FCM,euclidean,mca_coordinates,8,,,1.2,0.01,300.0,0.05204371049214612,4.0998600012108435,689.0114039815588,10000,0.23797239416169919,0.27255861041416746,0.8542260256732948,,7.047359943389893,,before_2012_03_hyperparameter_tuning_results/mca61_euclidean_fcm_m1p2_labels_K8.npy,before_2012_03_hyperparameter_tuning_results/mca61_euclidean_fcm_m1p2_membership_K8.npy,,before_2012_03_hyperparameter_tuning_results/mca61_euclidean_fcm_m1p2_cluster_size_K8.csv
before_2012_03,61,90%,FCM,euclidean,mca_coordinates,8,,,1.3,0.01,300.0,0.022682717354915036,6.976042773444908,477.31796489031206,10000,0.21071222754023633,0.23984968737807488,0.8911452303045557,,4.568331003189087,,before_2012_03_hyperparameter_tuning_results/mca61_euclidean_fcm_m1p3_labels_K8.npy,before_2012_03_hyperparameter_tuning_results/mca61_euclidean_fcm_m1p3_membership_K8.npy,,before_2012_03_hyperparameter_tuning_results/mca61_euclidean_fcm_m1p3_cluster_size_K8.csv
before_2012_03,61,90%,FCM,euclidean,mca_coordinates,8,,,1.4,0.01,300.0,-0.05011026122034844,6.701964361885371,412.12851316798486,10000,0.12500021588379023,0.12514265557145207,1.0,,1.695796251296997,,before_2012_03_hyperparameter_tuning_results/mca61_euclidean_fcm_m1p4_labels_K8.npy,before_2012_03_hyperparameter_tuning_results/mca61_euclidean_fcm_m1p4_membership_K8.npy,,before_2012_03_hyperparameter_tuning_results/mca61_euclidean_fcm_m1p4_cluster_size_K8.csv
before_2012_03,61,90%,FCM,euclidean,mca_coordinates,8,,,1.5,0.01,300.0,-0.023059843601973107,5.7264923568863475,347.6358038890157,10000,0.1250000165438891,0.12503988943157307,1.0,,1.8920459747314453,,before_2012_03_hyperparameter_tuning_results/mca61_euclidean_fcm_m1p5_labels_K8.npy,before_2012_03_hyperparameter_tuning_results/mca61_euclidean_fcm_m1p5_membership_K8.npy,,before_2012_03_hyperparameter_tuning_results/mca61_euclidean_fcm_m1p5_cluster_size_K8.csv
before_2012_03,61,90%,FCM,euclidean,mca_coordinates,8,,,1.6,0.01,300.0,-0.08312059344406432,5.390136414971925,359.1767364667282,10000,0.12500000472440076,0.12502155933206296,1.0,,1.6712839603424072,,before_2012_03_hyperparameter_tuning_results/mca61_euclidean_fcm_m1p6_labels_K8.npy,before_2012_03_hyperparameter_tuning_results/mca61_euclidean_fcm_m1p6_membership_K8.npy,,before_2012_03_hyperparameter_tuning_results/mca61_euclidean_fcm_m1p6_cluster_size_K8.csv
before_2012_03,61,90%,FCM,euclidean,mca_coordinates,8,,,1.7,0.01,300.0,-0.05543328804981977,6.7475960155196315,407.8909018128312,10000,0.12500000289355814,0.12501707517940927,1.0,,1.585310935974121,,before_2012_03_hyperparameter_tuning_results/mca61_euclidean_fcm_m1p7_labels_K8.npy,before_2012_03_hyperparameter_tuning_results/mca61_euclidean_fcm_m1p7_membership_K8.npy,,before_2012_03_hyperparameter_tuning_results/mca61_euclidean_fcm_m1p7_cluster_size_K8.csv
before_2012_03,61,90%,FCM,euclidean,mca_coordinates,8,,,1.8,0.01,300.0,-0.04637124325023808,7.15357585619081,400.249318512975,10000,0.12500000118608692,0.12501104396577814,1.0,,1.556593894958496,,before_2012_03_hyperparameter_tuning_results/mca61_euclidean_fcm_m1p8_labels_K8.npy,before_2012_03_hyperparameter_tuning_results/mca61_euclidean_fcm_m1p8_membership_K8.npy,,before_2012_03_hyperparameter_tuning_results/mca61_euclidean_fcm_m1p8_cluster_size_K8.csv
before_2012_03,61,90%,FCM,euclidean,mca_coordinates,8,,,1.9,0.01,300.0,-0.05374741563813177,8.487773488322,450.9188795258862,10000,0.12500000166230044,0.1250132636009534,1.0,,1.4961631298065186,,before_2012_03_hyperparameter_tuning_results/mca61_euclidean_fcm_m1p9_labels_K8.npy,before_2012_03_hyperparameter_tuning_results/mca61_euclidean_fcm_m1p9_membership_K8.npy,,before_2012_03_hyperparameter_tuning_results/mca61_euclidean_fcm_m1p9_cluster_size_K8.csv
before_2012_03,61,90%,FCM,euclidean,mca_coordinates,8,,,2.0,0.01,300.0,-0.04848559760825963,8.451804924722603,450.07588656459365,10000,0.12500000099265027,0.12501034394238056,1.0,,1.4439339637756348,,before_2012_03_hyperparameter_tuning_results/mca61_euclidean_fcm_m2p0_labels_K8.npy,before_2012_03_hyperparameter_tuning_results/mca61_euclidean_fcm_m2p0_membership_K8.npy,,before_2012_03_hyperparameter_tuning_results/mca61_euclidean_fcm_m2p0_cluster_size_K8.csv
before_2012_03,61,90%,FCM,euclidean,mca_coordinates,8,,,4.0,0.01,300.0,-0.006010336966553838,6.62994219006236,585.6843569446372,10000,0.12500000023423047,0.12500588562969284,1.0,,1.3949999809265137,,before_2012_03_hyperparameter_tuning_results/mca61_euclidean_fcm_m4p0_labels_K8.npy,before_2012_03_hyperparameter_tuning_results/mca61_euclidean_fcm_m4p0_membership_K8.npy,,before_2012_03_hyperparameter_tuning_results/mca61_euclidean_fcm_m4p0_cluster_size_K8.csv
before_2012_03,73,100%,KMeans,euclidean,mca_coordinates,6,4096.0,5.0,,,,0.09911136106526444,2.929142940718633,1523.0014599683398,10000,,,,,1.5012478828430176,,before_2012_03_hyperparameter_tuning_results/mca73_euclidean_kmeans_bs4096_ninit5_labels_K6.npy,,,before_2012_03_hyperparameter_tuning_results/mca73_euclidean_kmeans_bs4096_ninit5_cluster_size_K6.csv
before_2012_03,73,100%,KMeans,euclidean,mca_coordinates,6,4096.0,10.0,,,,0.057912395976667724,3.5932930299208814,1855.6600713718037,10000,,,,,1.4516880512237549,,before_2012_03_hyperparameter_tuning_results/mca73_euclidean_kmeans_bs4096_ninit10_labels_K6.npy,,,before_2012_03_hyperparameter_tuning_results/mca73_euclidean_kmeans_bs4096_ninit10_cluster_size_K6.csv
before_2012_03,73,100%,KMeans,euclidean,mca_coordinates,6,4096.0,20.0,,,,0.04225648020674384,3.6988168340903793,1731.7024681164046,10000,,,,,1.5703318119049072,,before_2012_03_hyperparameter_tuning_results/mca73_euclidean_kmeans_bs4096_ninit20_labels_K6.npy,,,before_2012_03_hyperparameter_tuning_results/mca73_euclidean_kmeans_bs4096_ninit20_cluster_size_K6.csv
before_2012_03,73,100%,KMeans,euclidean,mca_coordinates,6,8192.0,5.0,,,,-0.018843064039953995,3.977297779791849,1463.824611097997,10000,,,,,1.4980158805847168,,before_2012_03_hyperparameter_tuning_results/mca73_euclidean_kmeans_bs8192_ninit5_labels_K6.npy,,,before_2012_03_hyperparameter_tuning_results/mca73_euclidean_kmeans_bs8192_ninit5_cluster_size_K6.csv
before_2012_03,73,100%,KMeans,euclidean,mca_coordinates,6,8192.0,10.0,,,,0.02322795335114804,4.514707005743982,1264.630619567021,10000,,,,,1.5137598514556885,,before_2012_03_hyperparameter_tuning_results/mca73_euclidean_kmeans_bs8192_ninit10_labels_K6.npy,,,before_2012_03_hyperparameter_tuning_results/mca73_euclidean_kmeans_bs8192_ninit10_cluster_size_K6.csv
before_2012_03,73,100%,KMeans,euclidean,mca_coordinates,6,8192.0,20.0,,,,0.14455788979685164,3.0802675173004714,1527.9450812875632,10000,,,,,1.6637051105499268,,before_2012_03_hyperparameter_tuning_results/mca73_euclidean_kmeans_bs8192_ninit20_labels_K6.npy,,,before_2012_03_hyperparameter_tuning_results/mca73_euclidean_kmeans_bs8192_ninit20_cluster_size_K6.csv
before_2012_03,73,100%,KMeans,euclidean,mca_coordinates,6,16384.0,5.0,,,,0.04580909409334693,3.8127778880173473,1819.3608536606826,10000,,,,,1.3603498935699463,,before_2012_03_hyperparameter_tuning_results/mca73_euclidean_kmeans_bs16384_ninit5_labels_K6.npy,,,before_2012_03_hyperparameter_tuning_results/mca73_euclidean_kmeans_bs16384_ninit5_cluster_size_K6.csv
before_2012_03,73,100%,KMeans,euclidean,mca_coordinates,6,16384.0,10.0,,,,0.15123561392011978,2.9492850533550565,1851.2100523215167,10000,,,,,1.7826597690582275,,before_2012_03_hyperparameter_tuning_results/mca73_euclidean_kmeans_bs16384_ninit10_labels_K6.npy,,,before_2012_03_hyperparameter_tuning_results/mca73_euclidean_kmeans_bs16384_ninit10_cluster_size_K6.csv
before_2012_03,73,100%,KMeans,euclidean,mca_coordinates,6,16384.0,20.0,,,,0.17452953966566398,3.017981773092307,1897.4248333672278,10000,,,,,2.256885051727295,,before_2012_03_hyperparameter_tuning_results/mca73_euclidean_kmeans_bs16384_ninit20_labels_K6.npy,,,before_2012_03_hyperparameter_tuning_results/mca73_euclidean_kmeans_bs16384_ninit20_cluster_size_K6.csv
before_2012_03,73,100%,FCM,euclidean,mca_coordinates,6,,,1.1,0.01,300.0,0.010498306512751781,4.364355590466037,1389.2016551111412,10000,0.55173942756727,0.6355919949578523,0.3925698464636295,,9.837044954299927,,before_2012_03_hyperparameter_tuning_results/mca73_euclidean_fcm_m1p1_labels_K6.npy,before_2012_03_hyperparameter_tuning_results/mca73_euclidean_fcm_m1p1_membership_K6.npy,,before_2012_03_hyperparameter_tuning_results/mca73_euclidean_fcm_m1p1_cluster_size_K6.csv
before_2012_03,73,100%,FCM,euclidean,mca_coordinates,6,,,1.2,0.01,300.0,0.03291766422793829,6.284362508320768,611.7804519667453,10000,0.2567601373017348,0.29408636909485114,0.8616360432922225,,3.3241140842437744,,before_2012_03_hyperparameter_tuning_results/mca73_euclidean_fcm_m1p2_labels_K6.npy,before_2012_03_hyperparameter_tuning_results/mca73_euclidean_fcm_m1p2_membership_K6.npy,,before_2012_03_hyperparameter_tuning_results/mca73_euclidean_fcm_m1p2_cluster_size_K6.csv
before_2012_03,73,100%,FCM,euclidean,mca_coordinates,6,,,1.3,0.01,300.0,-0.015493879419357875,5.957394712494323,514.8405917429415,10000,0.22774350553149086,0.2594064320559274,0.9070626730430406,,7.666930913925171,,before_2012_03_hyperparameter_tuning_results/mca73_euclidean_fcm_m1p3_labels_K6.npy,before_2012_03_hyperparameter_tuning_results/mca73_euclidean_fcm_m1p3_membership_K6.npy,,before_2012_03_hyperparameter_tuning_results/mca73_euclidean_fcm_m1p3_cluster_size_K6.csv
before_2012_03,73,100%,FCM,euclidean,mca_coordinates,6,,,1.4,0.01,300.0,0.15590763110990669,4.92544209096485,898.6325903460753,10000,0.16666668845083749,0.16671571524545684,1.0,,1.819983959197998,,before_2012_03_hyperparameter_tuning_results/mca73_euclidean_fcm_m1p4_labels_K6.npy,before_2012_03_hyperparameter_tuning_results/mca73_euclidean_fcm_m1p4_membership_K6.npy,,before_2012_03_hyperparameter_tuning_results/mca73_euclidean_fcm_m1p4_cluster_size_K6.csv
before_2012_03,73,100%,FCM,euclidean,mca_coordinates,6,,,1.5,0.01,300.0,-0.11625966145511775,4.763918110764783,613.4460124534405,10000,0.16666667179654227,0.16669041650307923,1.0,,1.5048649311065674,,before_2012_03_hyperparameter_tuning_results/mca73_euclidean_fcm_m1p5_labels_K6.npy,before_2012_03_hyperparameter_tuning_results/mca73_euclidean_fcm_m1p5_membership_K6.npy,,before_2012_03_hyperparameter_tuning_results/mca73_euclidean_fcm_m1p5_cluster_size_K6.csv
before_2012_03,73,100%,FCM,euclidean,mca_coordinates,6,,,1.6,0.01,300.0,-0.0563450246816224,5.055078498402569,674.3142991615398,10000,0.16666666911824646,0.16668308597005788,1.0,,1.4604008197784424,,before_2012_03_hyperparameter_tuning_results/mca73_euclidean_fcm_m1p6_labels_K6.npy,before_2012_03_hyperparameter_tuning_results/mca73_euclidean_fcm_m1p6_membership_K6.npy,,before_2012_03_hyperparameter_tuning_results/mca73_euclidean_fcm_m1p6_cluster_size_K6.csv
before_2012_03,73,100%,FCM,euclidean,mca_coordinates,6,,,1.7,0.01,300.0,-0.05513503114576706,5.084574926094936,676.0357065715349,10000,0.16666666748234757,0.16667612260692782,1.0,,1.4941649436950684,,before_2012_03_hyperparameter_tuning_results/mca73_euclidean_fcm_m1p7_labels_K6.npy,before_2012_03_hyperparameter_tuning_results/mca73_euclidean_fcm_m1p7_membership_K6.npy,,before_2012_03_hyperparameter_tuning_results/mca73_euclidean_fcm_m1p7_cluster_size_K6.csv
before_2012_03,73,100%,FCM,euclidean,mca_coordinates,6,,,1.8,0.01,300.0,-0.013628618084516842,5.494656788639835,530.2277702570074,10000,0.1666666678118459,0.16667789559452972,1.0,,1.611536979675293,,before_2012_03_hyperparameter_tuning_results/mca73_euclidean_fcm_m1p8_labels_K6.npy,before_2012_03_hyperparameter_tuning_results/mca73_euclidean_fcm_m1p8_membership_K6.npy,,before_2012_03_hyperparameter_tuning_results/mca73_euclidean_fcm_m1p8_cluster_size_K6.csv
before_2012_03,73,100%,FCM,euclidean,mca_coordinates,6,,,1.9,0.01,300.0,-0.015679490532568764,4.835705193318758,427.3070336266085,10000,0.16666666728816465,0.16667491793151276,1.0,,1.5953900814056396,,before_2012_03_hyperparameter_tuning_results/mca73_euclidean_fcm_m1p9_labels_K6.npy,before_2012_03_hyperparameter_tuning_results/mca73_euclidean_fcm_m1p9_membership_K6.npy,,before_2012_03_hyperparameter_tuning_results/mca73_euclidean_fcm_m1p9_cluster_size_K6.csv
before_2012_03,73,100%,FCM,euclidean,mca_coordinates,6,,,2.0,0.01,300.0,-0.013011678051718061,5.137794667169136,427.0755467464873,10000,0.16666666703889885,0.1666730324196863,1.0,,1.5890369415283203,,before_2012_03_hyperparameter_tuning_results/mca73_euclidean_fcm_m2p0_labels_K6.npy,before_2012_03_hyperparameter_tuning_results/mca73_euclidean_fcm_m2p0_membership_K6.npy,,before_2012_03_hyperparameter_tuning_results/mca73_euclidean_fcm_m2p0_cluster_size_K6.csv
before_2012_03,73,100%,FCM,euclidean,mca_coordinates,6,,,4.0,0.01,300.0,-0.045832493774519256,5.726260973400085,530.0599521410511,10000,0.16666666683067013,0.16667051968155355,1.0,,1.724196195602417,,before_2012_03_hyperparameter_tuning_results/mca73_euclidean_fcm_m4p0_labels_K6.npy,before_2012_03_hyperparameter_tuning_results/mca73_euclidean_fcm_m4p0_membership_K6.npy,,before_2012_03_hyperparameter_tuning_results/mca73_euclidean_fcm_m4p0_cluster_size_K6.csv
before_2012_03,73,100%,KMeans,euclidean,mca_coordinates,7,4096.0,5.0,,,,0.027407099865000357,3.992352754650256,1505.8491935720715,10000,,,,,1.4031729698181152,,before_2012_03_hyperparameter_tuning_results/mca73_euclidean_kmeans_bs4096_ninit5_labels_K7.npy,,,before_2012_03_hyperparameter_tuning_results/mca73_euclidean_kmeans_bs4096_ninit5_cluster_size_K7.csv
before_2012_03,73,100%,KMeans,euclidean,mca_coordinates,7,4096.0,10.0,,,,0.07161284530844327,3.5731832070161933,1652.2021595696633,10000,,,,,1.7130930423736572,,before_2012_03_hyperparameter_tuning_results/mca73_euclidean_kmeans_bs4096_ninit10_labels_K7.npy,,,before_2012_03_hyperparameter_tuning_results/mca73_euclidean_kmeans_bs4096_ninit10_cluster_size_K7.csv
before_2012_03,73,100%,KMeans,euclidean,mca_coordinates,7,4096.0,20.0,,,,0.013671271194069152,3.741552363340336,1643.353975234745,10000,,,,,1.5568068027496338,,before_2012_03_hyperparameter_tuning_results/mca73_euclidean_kmeans_bs4096_ninit20_labels_K7.npy,,,before_2012_03_hyperparameter_tuning_results/mca73_euclidean_kmeans_bs4096_ninit20_cluster_size_K7.csv
before_2012_03,73,100%,KMeans,euclidean,mca_coordinates,7,8192.0,5.0,,,,0.08139788564325046,3.5936396057446127,1428.4292017849098,10000,,,,,1.5844550132751465,,before_2012_03_hyperparameter_tuning_results/mca73_euclidean_kmeans_bs8192_ninit5_labels_K7.npy,,,before_2012_03_hyperparameter_tuning_results/mca73_euclidean_kmeans_bs8192_ninit5_cluster_size_K7.csv
before_2012_03,73,100%,KMeans,euclidean,mca_coordinates,7,8192.0,10.0,,,,0.07369587360928834,3.522216884048447,1762.8774020292938,10000,,,,,1.5754907131195068,,before_2012_03_hyperparameter_tuning_results/mca73_euclidean_kmeans_bs8192_ninit10_labels_K7.npy,,,before_2012_03_hyperparameter_tuning_results/mca73_euclidean_kmeans_bs8192_ninit10_cluster_size_K7.csv
before_2012_03,73,100%,KMeans,euclidean,mca_coordinates,7,8192.0,20.0,,,,0.09871925975153452,3.3346189789421246,1442.4326293907632,10000,,,,,1.7811777591705322,,before_2012_03_hyperparameter_tuning_results/mca73_euclidean_kmeans_bs8192_ninit20_labels_K7.npy,,,before_2012_03_hyperparameter_tuning_results/mca73_euclidean_kmeans_bs8192_ninit20_cluster_size_K7.csv
before_2012_03,73,100%,KMeans,euclidean,mca_coordinates,7,16384.0,5.0,,,,0.044523144860748,3.940670846534598,1691.4647396569785,10000,,,,,1.5228588581085205,,before_2012_03_hyperparameter_tuning_results/mca73_euclidean_kmeans_bs16384_ninit5_labels_K7.npy,,,before_2012_03_hyperparameter_tuning_results/mca73_euclidean_kmeans_bs16384_ninit5_cluster_size_K7.csv
before_2012_03,73,100%,KMeans,euclidean,mca_coordinates,7,16384.0,10.0,,,,0.06096910724862254,3.949115778404827,1747.8108386639058,10000,,,,,2.062516927719116,,before_2012_03_hyperparameter_tuning_results/mca73_euclidean_kmeans_bs16384_ninit10_labels_K7.npy,,,before_2012_03_hyperparameter_tuning_results/mca73_euclidean_kmeans_bs16384_ninit10_cluster_size_K7.csv
before_2012_03,73,100%,KMeans,euclidean,mca_coordinates,7,16384.0,20.0,,,,0.0331335949172383,3.3580855333477553,1774.6316748927602,10000,,,,,2.469087839126587,,before_2012_03_hyperparameter_tuning_results/mca73_euclidean_kmeans_bs16384_ninit20_labels_K7.npy,,,before_2012_03_hyperparameter_tuning_results/mca73_euclidean_kmeans_bs16384_ninit20_cluster_size_K7.csv
before_2012_03,73,100%,FCM,euclidean,mca_coordinates,7,,,1.1,0.01,300.0,-0.0031374001531622744,4.749351766674008,1327.4372647912653,10000,0.546438877306405,0.6308926493271061,0.4040573873647118,,10.694801092147827,,before_2012_03_hyperparameter_tuning_results/mca73_euclidean_fcm_m1p1_labels_K7.npy,before_2012_03_hyperparameter_tuning_results/mca73_euclidean_fcm_m1p1_membership_K7.npy,,before_2012_03_hyperparameter_tuning_results/mca73_euclidean_fcm_m1p1_cluster_size_K7.csv
before_2012_03,73,100%,FCM,euclidean,mca_coordinates,7,,,1.2,0.01,300.0,0.027214186403544262,6.364352605238352,502.36993840471604,10000,0.23247623583167082,0.26752391040589474,0.8673647118046816,,3.576951026916504,,before_2012_03_hyperparameter_tuning_results/mca73_euclidean_fcm_m1p2_labels_K7.npy,before_2012_03_hyperparameter_tuning_results/mca73_euclidean_fcm_m1p2_membership_K7.npy,,before_2012_03_hyperparameter_tuning_results/mca73_euclidean_fcm_m1p2_cluster_size_K7.csv
before_2012_03,73,100%,FCM,euclidean,mca_coordinates,7,,,1.3,0.01,300.0,-0.013778722241448754,5.885208765517383,423.1477879188266,10000,0.20609271262398915,0.23503895771850977,0.9070626730430406,,7.631258964538574,,before_2012_03_hyperparameter_tuning_results/mca73_euclidean_fcm_m1p3_labels_K7.npy,before_2012_03_hyperparameter_tuning_results/mca73_euclidean_fcm_m1p3_membership_K7.npy,,before_2012_03_hyperparameter_tuning_results/mca73_euclidean_fcm_m1p3_cluster_size_K7.csv
before_2012_03,73,100%,FCM,euclidean,mca_coordinates,7,,,1.4,0.01,300.0,0.15590763110990669,4.331188584740443,599.2747542946146,10000,0.14285716483386537,0.1429105581005898,1.0,,1.9074721336364746,,before_2012_03_hyperparameter_tuning_results/mca73_euclidean_fcm_m1p4_labels_K7.npy,before_2012_03_hyperparameter_tuning_results/mca73_euclidean_fcm_m1p4_membership_K7.npy,,before_2012_03_hyperparameter_tuning_results/mca73_euclidean_fcm_m1p4_cluster_size_K7.csv
before_2012_03,73,100%,FCM,euclidean,mca_coordinates,7,,,1.5,0.01,300.0,-0.13899931722369246,4.280813167373276,453.0950287552141,10000,0.14285714806722116,0.14288322155193722,1.0,,1.7113289833068848,,before_2012_03_hyperparameter_tuning_results/mca73_euclidean_fcm_m1p5_labels_K7.npy,before_2012_03_hyperparameter_tuning_results/mca73_euclidean_fcm_m1p5_membership_K7.npy,,before_2012_03_hyperparameter_tuning_results/mca73_euclidean_fcm_m1p5_cluster_size_K7.csv
before_2012_03,73,100%,FCM,euclidean,mca_coordinates,7,,,1.6,0.01,300.0,-0.08945652160939592,3.6110259312560533,387.07392556266547,10000,0.1428571453621796,0.1428753055615868,1.0,,1.8259248733520508,,before_2012_03_hyperparameter_tuning_results/mca73_euclidean_fcm_m1p6_labels_K7.npy,before_2012_03_hyperparameter_tuning_results/mca73_euclidean_fcm_m1p6_membership_K7.npy,,before_2012_03_hyperparameter_tuning_results/mca73_euclidean_fcm_m1p6_cluster_size_K7.csv
before_2012_03,73,100%,FCM,euclidean,mca_coordinates,7,,,1.7,0.01,300.0,-0.08945652160939592,3.6116174745396368,387.07763077792674,10000,0.14285714369446845,0.1428676874035234,1.0,,1.7379019260406494,,before_2012_03_hyperparameter_tuning_results/mca73_euclidean_fcm_m1p7_labels_K7.npy,before_2012_03_hyperparameter_tuning_results/mca73_euclidean_fcm_m1p7_membership_K7.npy,,before_2012_03_hyperparameter_tuning_results/mca73_euclidean_fcm_m1p7_cluster_size_K7.csv
before_2012_03,73,100%,FCM,euclidean,mca_coordinates,7,,,1.8,0.01,300.0,-0.06517450402557476,4.503574825117657,417.72143792300756,10000,0.14285714403555808,0.14286972445197121,1.0,,1.5830702781677246,,before_2012_03_hyperparameter_tuning_results/mca73_euclidean_fcm_m1p8_labels_K7.npy,before_2012_03_hyperparameter_tuning_results/mca73_euclidean_fcm_m1p8_membership_K7.npy,,before_2012_03_hyperparameter_tuning_results/mca73_euclidean_fcm_m1p8_cluster_size_K7.csv
before_2012_03,73,100%,FCM,euclidean,mca_coordinates,7,,,1.9,0.01,300.0,-0.040159352483074666,4.622017899547128,410.8082330115428,10000,0.14285714349747183,0.14286645208265678,1.0,,1.5641770362854004,,before_2012_03_hyperparameter_tuning_results/mca73_euclidean_fcm_m1p9_labels_K7.npy,before_2012_03_hyperparameter_tuning_results/mca73_euclidean_fcm_m1p9_membership_K7.npy,,before_2012_03_hyperparameter_tuning_results/mca73_euclidean_fcm_m1p9_cluster_size_K7.csv
before_2012_03,73,100%,FCM,euclidean,mca_coordinates,7,,,2.0,0.01,300.0,-0.0340836562124271,4.481692791602336,412.21358334422763,10000,0.14285714324052426,0.14286437167591262,1.0,,1.599301815032959,,before_2012_03_hyperparameter_tuning_results/mca73_euclidean_fcm_m2p0_labels_K7.npy,before_2012_03_hyperparameter_tuning_results/mca73_euclidean_fcm_m2p0_membership_K7.npy,,before_2012_03_hyperparameter_tuning_results/mca73_euclidean_fcm_m2p0_cluster_size_K7.csv
before_2012_03,73,100%,FCM,euclidean,mca_coordinates,7,,,4.0,0.01,300.0,-0.06065218180374155,6.517457656955491,548.326386216025,10000,0.1428571429993182,0.14286165989806435,1.0,,1.4476637840270996,,before_2012_03_hyperparameter_tuning_results/mca73_euclidean_fcm_m4p0_labels_K7.npy,before_2012_03_hyperparameter_tuning_results/mca73_euclidean_fcm_m4p0_membership_K7.npy,,before_2012_03_hyperparameter_tuning_results/mca73_euclidean_fcm_m4p0_cluster_size_K7.csv
before_2012_03,73,100%,KMeans,euclidean,mca_coordinates,8,4096.0,5.0,,,,-0.0023498407852568432,3.5095748055775253,1584.5872659385213,10000,,,,,1.2345380783081055,,before_2012_03_hyperparameter_tuning_results/mca73_euclidean_kmeans_bs4096_ninit5_labels_K8.npy,,,before_2012_03_hyperparameter_tuning_results/mca73_euclidean_kmeans_bs4096_ninit5_cluster_size_K8.csv
before_2012_03,73,100%,KMeans,euclidean,mca_coordinates,8,4096.0,10.0,,,,0.0040527558633376305,3.6080685716937673,1433.060787755332,10000,,,,,1.6105570793151855,,before_2012_03_hyperparameter_tuning_results/mca73_euclidean_kmeans_bs4096_ninit10_labels_K8.npy,,,before_2012_03_hyperparameter_tuning_results/mca73_euclidean_kmeans_bs4096_ninit10_cluster_size_K8.csv
before_2012_03,73,100%,KMeans,euclidean,mca_coordinates,8,4096.0,20.0,,,,0.042939701326369116,3.122539726636661,1646.1501289212333,10000,,,,,1.6164240837097168,,before_2012_03_hyperparameter_tuning_results/mca73_euclidean_kmeans_bs4096_ninit20_labels_K8.npy,,,before_2012_03_hyperparameter_tuning_results/mca73_euclidean_kmeans_bs4096_ninit20_cluster_size_K8.csv
before_2012_03,73,100%,KMeans,euclidean,mca_coordinates,8,8192.0,5.0,,,,-0.017476602528070116,3.3625719470195516,1717.9443132505223,10000,,,,,1.4635980129241943,,before_2012_03_hyperparameter_tuning_results/mca73_euclidean_kmeans_bs8192_ninit5_labels_K8.npy,,,before_2012_03_hyperparameter_tuning_results/mca73_euclidean_kmeans_bs8192_ninit5_cluster_size_K8.csv
before_2012_03,73,100%,KMeans,euclidean,mca_coordinates,8,8192.0,10.0,,,,0.02279177292545794,3.205580042158291,1757.7696511777115,10000,,,,,1.6353099346160889,,before_2012_03_hyperparameter_tuning_results/mca73_euclidean_kmeans_bs8192_ninit10_labels_K8.npy,,,before_2012_03_hyperparameter_tuning_results/mca73_euclidean_kmeans_bs8192_ninit10_cluster_size_K8.csv
before_2012_03,73,100%,KMeans,euclidean,mca_coordinates,8,8192.0,20.0,,,,0.03516966752276561,3.204901838499299,1707.2571583386468,10000,,,,,2.1437249183654785,,before_2012_03_hyperparameter_tuning_results/mca73_euclidean_kmeans_bs8192_ninit20_labels_K8.npy,,,before_2012_03_hyperparameter_tuning_results/mca73_euclidean_kmeans_bs8192_ninit20_cluster_size_K8.csv
before_2012_03,73,100%,KMeans,euclidean,mca_coordinates,8,16384.0,5.0,,,,0.12523188148201625,2.49312798911112,1757.27394578241,10000,,,,,1.6805088520050049,,before_2012_03_hyperparameter_tuning_results/mca73_euclidean_kmeans_bs16384_ninit5_labels_K8.npy,,,before_2012_03_hyperparameter_tuning_results/mca73_euclidean_kmeans_bs16384_ninit5_cluster_size_K8.csv
before_2012_03,73,100%,KMeans,euclidean,mca_coordinates,8,16384.0,10.0,,,,0.05428386604103794,2.979823426482385,1730.0399406786019,10000,,,,,1.8074288368225098,,before_2012_03_hyperparameter_tuning_results/mca73_euclidean_kmeans_bs16384_ninit10_labels_K8.npy,,,before_2012_03_hyperparameter_tuning_results/mca73_euclidean_kmeans_bs16384_ninit10_cluster_size_K8.csv
before_2012_03,73,100%,KMeans,euclidean,mca_coordinates,8,16384.0,20.0,,,,0.11317811563844304,2.818700096468836,1807.4629865808004,10000,,,,,2.5096311569213867,,before_2012_03_hyperparameter_tuning_results/mca73_euclidean_kmeans_bs16384_ninit20_labels_K8.npy,,,before_2012_03_hyperparameter_tuning_results/mca73_euclidean_kmeans_bs16384_ninit20_cluster_size_K8.csv
before_2012_03,73,100%,FCM,euclidean,mca_coordinates,8,,,1.1,0.01,300.0,-0.001025555679253669,4.269486106655815,1301.096531658592,10000,0.563544707485305,0.6468366925842387,0.37341052101686384,,12.866561651229858,,before_2012_03_hyperparameter_tuning_results/mca73_euclidean_fcm_m1p1_labels_K8.npy,before_2012_03_hyperparameter_tuning_results/mca73_euclidean_fcm_m1p1_membership_K8.npy,,before_2012_03_hyperparameter_tuning_results/mca73_euclidean_fcm_m1p1_cluster_size_K8.csv
before_2012_03,73,100%,FCM,euclidean,mca_coordinates,8,,,1.2,0.01,300.0,0.035176540925694146,4.899125585823647,433.5172440666086,10000,0.21374237499329404,0.2467591336827129,0.8788421847470426,,4.052155256271362,,before_2012_03_hyperparameter_tuning_results/mca73_euclidean_fcm_m1p2_labels_K8.npy,before_2012_03_hyperparameter_tuning_results/mca73_euclidean_fcm_m1p2_membership_K8.npy,,before_2012_03_hyperparameter_tuning_results/mca73_euclidean_fcm_m1p2_cluster_size_K8.csv
before_2012_03,73,100%,FCM,euclidean,mca_coordinates,8,,,1.3,0.01,300.0,-0.007567059301746219,6.009209595192877,357.5112745750837,10000,0.18916402867123092,0.21569946465761666,0.9070626730430406,,8.231711864471436,,before_2012_03_hyperparameter_tuning_results/mca73_euclidean_fcm_m1p3_labels_K8.npy,before_2012_03_hyperparameter_tuning_results/mca73_euclidean_fcm_m1p3_membership_K8.npy,,before_2012_03_hyperparameter_tuning_results/mca73_euclidean_fcm_m1p3_cluster_size_K8.csv
before_2012_03,73,100%,FCM,euclidean,mca_coordinates,8,,,1.4,0.01,300.0,-0.03807148588563519,4.1041771840034285,361.0564841652856,10000,0.12500002408301128,0.12504526796965604,1.0,,1.8413670063018799,,before_2012_03_hyperparameter_tuning_results/mca73_euclidean_fcm_m1p4_labels_K8.npy,before_2012_03_hyperparameter_tuning_results/mca73_euclidean_fcm_m1p4_membership_K8.npy,,before_2012_03_hyperparameter_tuning_results/mca73_euclidean_fcm_m1p4_cluster_size_K8.csv
before_2012_03,73,100%,FCM,euclidean,mca_coordinates,8,,,1.5,0.01,300.0,-0.10961522276739215,4.2702438708596615,365.66869477628114,10000,0.12500000398461358,0.12501856758356147,1.0,,1.545593023300171,,before_2012_03_hyperparameter_tuning_results/mca73_euclidean_fcm_m1p5_labels_K8.npy,before_2012_03_hyperparameter_tuning_results/mca73_euclidean_fcm_m1p5_membership_K8.npy,,before_2012_03_hyperparameter_tuning_results/mca73_euclidean_fcm_m1p5_cluster_size_K8.csv
before_2012_03,73,100%,FCM,euclidean,mca_coordinates,8,,,1.6,0.01,300.0,-0.06189305505414669,5.069183882266743,387.5222617112504,10000,0.12500000189165925,0.1250129115954601,1.0,,1.592987060546875,,before_2012_03_hyperparameter_tuning_results/mca73_euclidean_fcm_m1p6_labels_K8.npy,before_2012_03_hyperparameter_tuning_results/mca73_euclidean_fcm_m1p6_membership_K8.npy,,before_2012_03_hyperparameter_tuning_results/mca73_euclidean_fcm_m1p6_cluster_size_K8.csv
before_2012_03,73,100%,FCM,euclidean,mca_coordinates,8,,,1.7,0.01,300.0,0.021564521104463785,6.128346553047636,575.4642363539592,10000,0.12500000183782492,0.12501287326661942,1.0,,1.5447988510131836,,before_2012_03_hyperparameter_tuning_results/mca73_euclidean_fcm_m1p7_labels_K8.npy,before_2012_03_hyperparameter_tuning_results/mca73_euclidean_fcm_m1p7_membership_K8.npy,,before_2012_03_hyperparameter_tuning_results/mca73_euclidean_fcm_m1p7_cluster_size_K8.csv
before_2012_03,73,100%,FCM,euclidean,mca_coordinates,8,,,1.8,0.01,300.0,0.02284544369412853,6.173991240448914,574.7325712230345,10000,0.12500000086919552,0.1250089259598658,1.0,,1.3867042064666748,,before_2012_03_hyperparameter_tuning_results/mca73_euclidean_fcm_m1p8_labels_K8.npy,before_2012_03_hyperparameter_tuning_results/mca73_euclidean_fcm_m1p8_membership_K8.npy,,before_2012_03_hyperparameter_tuning_results/mca73_euclidean_fcm_m1p8_cluster_size_K8.csv
before_2012_03,73,100%,FCM,euclidean,mca_coordinates,8,,,1.9,0.01,300.0,0.021802755027765984,6.125781111664352,575.6354386870863,10000,0.12500000046697263,0.12500659462079008,1.0,,1.4978961944580078,,before_2012_03_hyperparameter_tuning_results/mca73_euclidean_fcm_m1p9_labels_K8.npy,before_2012_03_hyperparameter_tuning_results/mca73_euclidean_fcm_m1p9_membership_K8.npy,,before_2012_03_hyperparameter_tuning_results/mca73_euclidean_fcm_m1p9_cluster_size_K8.csv
before_2012_03,73,100%,FCM,euclidean,mca_coordinates,8,,,2.0,0.01,300.0,0.018531818019081346,6.759327272533916,572.5430146137257,10000,0.12500000027654032,0.12500511415944748,1.0,,1.701664924621582,,before_2012_03_hyperparameter_tuning_results/mca73_euclidean_fcm_m2p0_labels_K8.npy,before_2012_03_hyperparameter_tuning_results/mca73_euclidean_fcm_m2p0_membership_K8.npy,,before_2012_03_hyperparameter_tuning_results/mca73_euclidean_fcm_m2p0_cluster_size_K8.csv
before_2012_03,73,100%,FCM,euclidean,mca_coordinates,8,,,4.0,0.01,300.0,-0.03223148632145606,6.339508169172652,563.2967183373564,10000,0.12500000007910125,0.12500315797751044,1.0,,1.3401672840118408,,before_2012_03_hyperparameter_tuning_results/mca73_euclidean_fcm_m4p0_labels_K8.npy,before_2012_03_hyperparameter_tuning_results/mca73_euclidean_fcm_m4p0_membership_K8.npy,,before_2012_03_hyperparameter_tuning_results/mca73_euclidean_fcm_m4p0_cluster_size_K8.csv
before_2012_03,not_used,not_used,JaccardPrototypeKMeans,jaccard,raw_binary_disease_matrix,6,4096.0,5.0,,,100.0,0.11199947623399276,,,10000,,,,0.7197752369036193,3.9770429134368896,,before_2012_03_hyperparameter_tuning_results/rawbinary_jaccard_kmeans_bs4096_ninit5_labels_K6.npy,,before_2012_03_hyperparameter_tuning_results/rawbinary_jaccard_kmeans_bs4096_ninit5_centers_K6.npy,before_2012_03_hyperparameter_tuning_results/rawbinary_jaccard_kmeans_bs4096_ninit5_cluster_size_K6.csv
before_2012_03,not_used,not_used,JaccardPrototypeKMeans,jaccard,raw_binary_disease_matrix,6,4096.0,10.0,,,100.0,0.05318995546481675,,,10000,,,,0.681926611639994,3.817950963973999,,before_2012_03_hyperparameter_tuning_results/rawbinary_jaccard_kmeans_bs4096_ninit10_labels_K6.npy,,before_2012_03_hyperparameter_tuning_results/rawbinary_jaccard_kmeans_bs4096_ninit10_centers_K6.npy,before_2012_03_hyperparameter_tuning_results/rawbinary_jaccard_kmeans_bs4096_ninit10_cluster_size_K6.csv
before_2012_03,not_used,not_used,JaccardPrototypeKMeans,jaccard,raw_binary_disease_matrix,6,4096.0,20.0,,,100.0,0.05318995546481675,,,10000,,,,0.681926611639994,3.8497848510742188,,before_2012_03_hyperparameter_tuning_results/rawbinary_jaccard_kmeans_bs4096_ninit20_labels_K6.npy,,before_2012_03_hyperparameter_tuning_results/rawbinary_jaccard_kmeans_bs4096_ninit20_centers_K6.npy,before_2012_03_hyperparameter_tuning_results/rawbinary_jaccard_kmeans_bs4096_ninit20_cluster_size_K6.csv
before_2012_03,not_used,not_used,JaccardPrototypeKMeans,jaccard,raw_binary_disease_matrix,6,8192.0,5.0,,,100.0,0.13147558874609014,,,10000,,,,0.6963555560289384,3.7876129150390625,,before_2012_03_hyperparameter_tuning_results/rawbinary_jaccard_kmeans_bs8192_ninit5_labels_K6.npy,,before_2012_03_hyperparameter_tuning_results/rawbinary_jaccard_kmeans_bs8192_ninit5_centers_K6.npy,before_2012_03_hyperparameter_tuning_results/rawbinary_jaccard_kmeans_bs8192_ninit5_cluster_size_K6.csv
before_2012_03,not_used,not_used,JaccardPrototypeKMeans,jaccard,raw_binary_disease_matrix,6,8192.0,10.0,,,100.0,0.13147558874609014,,,10000,,,,0.6963555560289384,3.9509758949279785,,before_2012_03_hyperparameter_tuning_results/rawbinary_jaccard_kmeans_bs8192_ninit10_labels_K6.npy,,before_2012_03_hyperparameter_tuning_results/rawbinary_jaccard_kmeans_bs8192_ninit10_centers_K6.npy,before_2012_03_hyperparameter_tuning_results/rawbinary_jaccard_kmeans_bs8192_ninit10_cluster_size_K6.csv
before_2012_03,not_used,not_used,JaccardPrototypeKMeans,jaccard,raw_binary_disease_matrix,6,8192.0,20.0,,,100.0,0.12932538631706786,,,10000,,,,0.6773913324747148,3.9774720668792725,,before_2012_03_hyperparameter_tuning_results/rawbinary_jaccard_kmeans_bs8192_ninit20_labels_K6.npy,,before_2012_03_hyperparameter_tuning_results/rawbinary_jaccard_kmeans_bs8192_ninit20_centers_K6.npy,before_2012_03_hyperparameter_tuning_results/rawbinary_jaccard_kmeans_bs8192_ninit20_cluster_size_K6.csv
before_2012_03,not_used,not_used,JaccardPrototypeKMeans,jaccard,raw_binary_disease_matrix,6,16384.0,5.0,,,100.0,0.10933487103028501,,,10000,,,,0.6901286940020763,3.860727071762085,,before_2012_03_hyperparameter_tuning_results/rawbinary_jaccard_kmeans_bs16384_ninit5_labels_K6.npy,,before_2012_03_hyperparameter_tuning_results/rawbinary_jaccard_kmeans_bs16384_ninit5_centers_K6.npy,before_2012_03_hyperparameter_tuning_results/rawbinary_jaccard_kmeans_bs16384_ninit5_cluster_size_K6.csv
before_2012_03,not_used,not_used,JaccardPrototypeKMeans,jaccard,raw_binary_disease_matrix,6,16384.0,10.0,,,100.0,0.10933487103028501,,,10000,,,,0.6901286940020763,3.950288772583008,,before_2012_03_hyperparameter_tuning_results/rawbinary_jaccard_kmeans_bs16384_ninit10_labels_K6.npy,,before_2012_03_hyperparameter_tuning_results/rawbinary_jaccard_kmeans_bs16384_ninit10_centers_K6.npy,before_2012_03_hyperparameter_tuning_results/rawbinary_jaccard_kmeans_bs16384_ninit10_cluster_size_K6.csv
before_2012_03,not_used,not_used,JaccardPrototypeKMeans,jaccard,raw_binary_disease_matrix,6,16384.0,20.0,,,100.0,0.10933487103028501,,,10000,,,,0.6901286940020763,4.126874923706055,,before_2012_03_hyperparameter_tuning_results/rawbinary_jaccard_kmeans_bs16384_ninit20_labels_K6.npy,,before_2012_03_hyperparameter_tuning_results/rawbinary_jaccard_kmeans_bs16384_ninit20_centers_K6.npy,before_2012_03_hyperparameter_tuning_results/rawbinary_jaccard_kmeans_bs16384_ninit20_cluster_size_K6.csv
before_2012_03,not_used,not_used,JaccardPrototypeFCM,jaccard,raw_binary_disease_matrix,6,,,1.1,0.01,100.0,0.07946809697405806,,,10000,0.6277062825117258,0.6569844214882278,0.40428895041530327,,3.9828360080718994,,before_2012_03_hyperparameter_tuning_results/rawbinary_jaccard_fcm_m1p1_labels_K6.npy,before_2012_03_hyperparameter_tuning_results/rawbinary_jaccard_fcm_m1p1_membership_K6.npy,before_2012_03_hyperparameter_tuning_results/rawbinary_jaccard_fcm_m1p1_centers_K6.npy,before_2012_03_hyperparameter_tuning_results/rawbinary_jaccard_fcm_m1p1_cluster_size_K6.csv
before_2012_03,not_used,not_used,JaccardPrototypeFCM,jaccard,raw_binary_disease_matrix,6,,,1.2,0.01,100.0,0.07360629742848877,,,10000,0.38864713329631545,0.41987888428704834,0.7600402718348854,,4.044630765914917,,before_2012_03_hyperparameter_tuning_results/rawbinary_jaccard_fcm_m1p2_labels_K6.npy,before_2012_03_hyperparameter_tuning_results/rawbinary_jaccard_fcm_m1p2_membership_K6.npy,before_2012_03_hyperparameter_tuning_results/rawbinary_jaccard_fcm_m1p2_centers_K6.npy,before_2012_03_hyperparameter_tuning_results/rawbinary_jaccard_fcm_m1p2_cluster_size_K6.csv
before_2012_03,not_used,not_used,JaccardPrototypeFCM,jaccard,raw_binary_disease_matrix,6,,,1.3,0.01,100.0,0.07360629742848877,,,10000,0.3344307943373624,0.37966691089637,0.7927913415554996,,4.030842065811157,,before_2012_03_hyperparameter_tuning_results/rawbinary_jaccard_fcm_m1p3_labels_K6.npy,before_2012_03_hyperparameter_tuning_results/rawbinary_jaccard_fcm_m1p3_membership_K6.npy,before_2012_03_hyperparameter_tuning_results/rawbinary_jaccard_fcm_m1p3_centers_K6.npy,before_2012_03_hyperparameter_tuning_results/rawbinary_jaccard_fcm_m1p3_cluster_size_K6.csv
before_2012_03,not_used,not_used,JaccardPrototypeFCM,jaccard,raw_binary_disease_matrix,6,,,1.4,0.01,100.0,0.06370014623506258,,,10000,0.2648014777686902,0.30801963072136673,0.8829297759879184,,4.060301065444946,,before_2012_03_hyperparameter_tuning_results/rawbinary_jaccard_fcm_m1p4_labels_K6.npy,before_2012_03_hyperparameter_tuning_results/rawbinary_jaccard_fcm_m1p4_membership_K6.npy,before_2012_03_hyperparameter_tuning_results/rawbinary_jaccard_fcm_m1p4_centers_K6.npy,before_2012_03_hyperparameter_tuning_results/rawbinary_jaccard_fcm_m1p4_cluster_size_K6.csv
before_2012_03,not_used,not_used,JaccardPrototypeFCM,jaccard,raw_binary_disease_matrix,6,,,1.5,0.01,100.0,0.09516408393064146,,,10000,0.2088512229912884,0.23481632170725306,0.9725245406493833,,3.994202136993408,,before_2012_03_hyperparameter_tuning_results/rawbinary_jaccard_fcm_m1p5_labels_K6.npy,before_2012_03_hyperparameter_tuning_results/rawbinary_jaccard_fcm_m1p5_membership_K6.npy,before_2012_03_hyperparameter_tuning_results/rawbinary_jaccard_fcm_m1p5_centers_K6.npy,before_2012_03_hyperparameter_tuning_results/rawbinary_jaccard_fcm_m1p5_cluster_size_K6.csv
before_2012_03,not_used,not_used,JaccardPrototypeFCM,jaccard,raw_binary_disease_matrix,6,,,1.6,0.01,100.0,0.09516408393064146,,,10000,0.20091782402110978,0.2264981180441454,0.9725245406493833,,4.117390155792236,,before_2012_03_hyperparameter_tuning_results/rawbinary_jaccard_fcm_m1p6_labels_K6.npy,before_2012_03_hyperparameter_tuning_results/rawbinary_jaccard_fcm_m1p6_membership_K6.npy,before_2012_03_hyperparameter_tuning_results/rawbinary_jaccard_fcm_m1p6_centers_K6.npy,before_2012_03_hyperparameter_tuning_results/rawbinary_jaccard_fcm_m1p6_cluster_size_K6.csv
before_2012_03,not_used,not_used,JaccardPrototypeFCM,jaccard,raw_binary_disease_matrix,6,,,1.7,0.01,100.0,0.09516408393064146,,,10000,0.19526344661898834,0.21998507094629807,0.9725245406493833,,3.9906482696533203,,before_2012_03_hyperparameter_tuning_results/rawbinary_jaccard_fcm_m1p7_labels_K6.npy,before_2012_03_hyperparameter_tuning_results/rawbinary_jaccard_fcm_m1p7_membership_K6.npy,before_2012_03_hyperparameter_tuning_results/rawbinary_jaccard_fcm_m1p7_centers_K6.npy,before_2012_03_hyperparameter_tuning_results/rawbinary_jaccard_fcm_m1p7_cluster_size_K6.csv
before_2012_03,not_used,not_used,JaccardPrototypeFCM,jaccard,raw_binary_disease_matrix,6,,,1.8,0.01,100.0,0.09516408393064146,,,10000,0.19117206466338088,0.2148037582855728,0.9725245406493833,,4.0247979164123535,,before_2012_03_hyperparameter_tuning_results/rawbinary_jaccard_fcm_m1p8_labels_K6.npy,before_2012_03_hyperparameter_tuning_results/rawbinary_jaccard_fcm_m1p8_membership_K6.npy,before_2012_03_hyperparameter_tuning_results/rawbinary_jaccard_fcm_m1p8_centers_K6.npy,before_2012_03_hyperparameter_tuning_results/rawbinary_jaccard_fcm_m1p8_cluster_size_K6.csv
before_2012_03,not_used,not_used,JaccardPrototypeFCM,jaccard,raw_binary_disease_matrix,6,,,1.9,0.01,100.0,0.09516408393064146,,,10000,0.18816182188620184,0.21061744408313765,0.9725245406493833,,4.015383005142212,,before_2012_03_hyperparameter_tuning_results/rawbinary_jaccard_fcm_m1p9_labels_K6.npy,before_2012_03_hyperparameter_tuning_results/rawbinary_jaccard_fcm_m1p9_membership_K6.npy,before_2012_03_hyperparameter_tuning_results/rawbinary_jaccard_fcm_m1p9_centers_K6.npy,before_2012_03_hyperparameter_tuning_results/rawbinary_jaccard_fcm_m1p9_cluster_size_K6.csv
before_2012_03,not_used,not_used,JaccardPrototypeFCM,jaccard,raw_binary_disease_matrix,6,,,2.0,0.01,100.0,0.09516408393064146,,,10000,0.18590761963346153,0.20718470307831616,0.9725245406493833,,3.9658801555633545,,before_2012_03_hyperparameter_tuning_results/rawbinary_jaccard_fcm_m2p0_labels_K6.npy,before_2012_03_hyperparameter_tuning_results/rawbinary_jaccard_fcm_m2p0_membership_K6.npy,before_2012_03_hyperparameter_tuning_results/rawbinary_jaccard_fcm_m2p0_centers_K6.npy,before_2012_03_hyperparameter_tuning_results/rawbinary_jaccard_fcm_m2p0_cluster_size_K6.csv
before_2012_03,not_used,not_used,JaccardPrototypeFCM,jaccard,raw_binary_disease_matrix,6,,,4.0,0.01,100.0,0.055596997375426074,,,10000,0.1965477260953092,0.22034557658726164,0.9667052605084319,,4.0494232177734375,,before_2012_03_hyperparameter_tuning_results/rawbinary_jaccard_fcm_m4p0_labels_K6.npy,before_2012_03_hyperparameter_tuning_results/rawbinary_jaccard_fcm_m4p0_membership_K6.npy,before_2012_03_hyperparameter_tuning_results/rawbinary_jaccard_fcm_m4p0_centers_K6.npy,before_2012_03_hyperparameter_tuning_results/rawbinary_jaccard_fcm_m4p0_cluster_size_K6.csv
before_2012_03,not_used,not_used,JaccardPrototypeKMeans,jaccard,raw_binary_disease_matrix,7,4096.0,5.0,,,100.0,0.11836708805249632,,,10000,,,,0.6753960999294822,3.8532309532165527,,before_2012_03_hyperparameter_tuning_results/rawbinary_jaccard_kmeans_bs4096_ninit5_labels_K7.npy,,before_2012_03_hyperparameter_tuning_results/rawbinary_jaccard_kmeans_bs4096_ninit5_centers_K7.npy,before_2012_03_hyperparameter_tuning_results/rawbinary_jaccard_kmeans_bs4096_ninit5_cluster_size_K7.csv
before_2012_03,not_used,not_used,JaccardPrototypeKMeans,jaccard,raw_binary_disease_matrix,7,4096.0,10.0,,,100.0,0.12457168378401462,,,10000,,,,0.6694452607278343,3.776978015899658,,before_2012_03_hyperparameter_tuning_results/rawbinary_jaccard_kmeans_bs4096_ninit10_labels_K7.npy,,before_2012_03_hyperparameter_tuning_results/rawbinary_jaccard_kmeans_bs4096_ninit10_centers_K7.npy,before_2012_03_hyperparameter_tuning_results/rawbinary_jaccard_kmeans_bs4096_ninit10_cluster_size_K7.csv
before_2012_03,not_used,not_used,JaccardPrototypeKMeans,jaccard,raw_binary_disease_matrix,7,4096.0,20.0,,,100.0,0.12457168378401462,,,10000,,,,0.6694452607278343,4.016174793243408,,before_2012_03_hyperparameter_tuning_results/rawbinary_jaccard_kmeans_bs4096_ninit20_labels_K7.npy,,before_2012_03_hyperparameter_tuning_results/rawbinary_jaccard_kmeans_bs4096_ninit20_centers_K7.npy,before_2012_03_hyperparameter_tuning_results/rawbinary_jaccard_kmeans_bs4096_ninit20_cluster_size_K7.csv
before_2012_03,not_used,not_used,JaccardPrototypeKMeans,jaccard,raw_binary_disease_matrix,7,8192.0,5.0,,,100.0,0.11505274165639767,,,10000,,,,0.6976699702421761,3.804147958755493,,before_2012_03_hyperparameter_tuning_results/rawbinary_jaccard_kmeans_bs8192_ninit5_labels_K7.npy,,before_2012_03_hyperparameter_tuning_results/rawbinary_jaccard_kmeans_bs8192_ninit5_centers_K7.npy,before_2012_03_hyperparameter_tuning_results/rawbinary_jaccard_kmeans_bs8192_ninit5_cluster_size_K7.csv
before_2012_03,not_used,not_used,JaccardPrototypeKMeans,jaccard,raw_binary_disease_matrix,7,8192.0,10.0,,,100.0,0.11281419013843759,,,10000,,,,0.6828078856029591,3.8701908588409424,,before_2012_03_hyperparameter_tuning_results/rawbinary_jaccard_kmeans_bs8192_ninit10_labels_K7.npy,,before_2012_03_hyperparameter_tuning_results/rawbinary_jaccard_kmeans_bs8192_ninit10_centers_K7.npy,before_2012_03_hyperparameter_tuning_results/rawbinary_jaccard_kmeans_bs8192_ninit10_cluster_size_K7.csv
before_2012_03,not_used,not_used,JaccardPrototypeKMeans,jaccard,raw_binary_disease_matrix,7,8192.0,20.0,,,100.0,0.12852720022921452,,,10000,,,,0.6766203245937069,3.942186117172241,,before_2012_03_hyperparameter_tuning_results/rawbinary_jaccard_kmeans_bs8192_ninit20_labels_K7.npy,,before_2012_03_hyperparameter_tuning_results/rawbinary_jaccard_kmeans_bs8192_ninit20_centers_K7.npy,before_2012_03_hyperparameter_tuning_results/rawbinary_jaccard_kmeans_bs8192_ninit20_cluster_size_K7.csv
before_2012_03,not_used,not_used,JaccardPrototypeKMeans,jaccard,raw_binary_disease_matrix,7,16384.0,5.0,,,100.0,0.11062192203716859,,,10000,,,,0.6933596066188713,3.773827075958252,,before_2012_03_hyperparameter_tuning_results/rawbinary_jaccard_kmeans_bs16384_ninit5_labels_K7.npy,,before_2012_03_hyperparameter_tuning_results/rawbinary_jaccard_kmeans_bs16384_ninit5_centers_K7.npy,before_2012_03_hyperparameter_tuning_results/rawbinary_jaccard_kmeans_bs16384_ninit5_cluster_size_K7.csv
before_2012_03,not_used,not_used,JaccardPrototypeKMeans,jaccard,raw_binary_disease_matrix,7,16384.0,10.0,,,100.0,0.12764882832345298,,,10000,,,,0.6833874194433017,3.891479730606079,,before_2012_03_hyperparameter_tuning_results/rawbinary_jaccard_kmeans_bs16384_ninit10_labels_K7.npy,,before_2012_03_hyperparameter_tuning_results/rawbinary_jaccard_kmeans_bs16384_ninit10_centers_K7.npy,before_2012_03_hyperparameter_tuning_results/rawbinary_jaccard_kmeans_bs16384_ninit10_cluster_size_K7.csv
before_2012_03,not_used,not_used,JaccardPrototypeKMeans,jaccard,raw_binary_disease_matrix,7,16384.0,20.0,,,100.0,0.12165696627402685,,,10000,,,,0.6784498966882792,4.121199131011963,,before_2012_03_hyperparameter_tuning_results/rawbinary_jaccard_kmeans_bs16384_ninit20_labels_K7.npy,,before_2012_03_hyperparameter_tuning_results/rawbinary_jaccard_kmeans_bs16384_ninit20_centers_K7.npy,before_2012_03_hyperparameter_tuning_results/rawbinary_jaccard_kmeans_bs16384_ninit20_cluster_size_K7.csv
before_2012_03,not_used,not_used,JaccardPrototypeFCM,jaccard,raw_binary_disease_matrix,7,,,1.1,0.01,100.0,0.06724137070353398,,,10000,0.3862475731964451,0.39221189144911717,0.8334356909136672,,4.210063219070435,,before_2012_03_hyperparameter_tuning_results/rawbinary_jaccard_fcm_m1p1_labels_K7.npy,before_2012_03_hyperparameter_tuning_results/rawbinary_jaccard_fcm_m1p1_membership_K7.npy,before_2012_03_hyperparameter_tuning_results/rawbinary_jaccard_fcm_m1p1_centers_K7.npy,before_2012_03_hyperparameter_tuning_results/rawbinary_jaccard_fcm_m1p1_cluster_size_K7.csv
before_2012_03,not_used,not_used,JaccardPrototypeFCM,jaccard,raw_binary_disease_matrix,7,,,1.2,0.01,100.0,0.0794308719223474,,,10000,0.4184875194302817,0.47718154926705814,0.5928517493078278,,3.961979866027832,,before_2012_03_hyperparameter_tuning_results/rawbinary_jaccard_fcm_m1p2_labels_K7.npy,before_2012_03_hyperparameter_tuning_results/rawbinary_jaccard_fcm_m1p2_membership_K7.npy,before_2012_03_hyperparameter_tuning_results/rawbinary_jaccard_fcm_m1p2_centers_K7.npy,before_2012_03_hyperparameter_tuning_results/rawbinary_jaccard_fcm_m1p2_cluster_size_K7.csv
before_2012_03,not_used,not_used,JaccardPrototypeFCM,jaccard,raw_binary_disease_matrix,7,,,1.3,0.01,100.0,0.07324657016429938,,,10000,0.2914073798496437,0.35428928624035816,0.7660407752328215,,3.993511915206909,,before_2012_03_hyperparameter_tuning_results/rawbinary_jaccard_fcm_m1p3_labels_K7.npy,before_2012_03_hyperparameter_tuning_results/rawbinary_jaccard_fcm_m1p3_membership_K7.npy,before_2012_03_hyperparameter_tuning_results/rawbinary_jaccard_fcm_m1p3_centers_K7.npy,before_2012_03_hyperparameter_tuning_results/rawbinary_jaccard_fcm_m1p3_cluster_size_K7.csv
before_2012_03,not_used,not_used,JaccardPrototypeFCM,jaccard,raw_binary_disease_matrix,7,,,1.4,0.01,100.0,0.07324657016429938,,,10000,0.2499183978130804,0.313836611499286,0.8248376541656179,,4.032188177108765,,before_2012_03_hyperparameter_tuning_results/rawbinary_jaccard_fcm_m1p4_labels_K7.npy,before_2012_03_hyperparameter_tuning_results/rawbinary_jaccard_fcm_m1p4_membership_K7.npy,before_2012_03_hyperparameter_tuning_results/rawbinary_jaccard_fcm_m1p4_centers_K7.npy,before_2012_03_hyperparameter_tuning_results/rawbinary_jaccard_fcm_m1p4_cluster_size_K7.csv
before_2012_03,not_used,not_used,JaccardPrototypeFCM,jaccard,raw_binary_disease_matrix,7,,,1.5,0.01,100.0,0.07324657016429938,,,10000,0.22376528451421074,0.2852131938703324,0.8892725899823811,,4.069398880004883,,before_2012_03_hyperparameter_tuning_results/rawbinary_jaccard_fcm_m1p5_labels_K7.npy,before_2012_03_hyperparameter_tuning_results/rawbinary_jaccard_fcm_m1p5_membership_K7.npy,before_2012_03_hyperparameter_tuning_results/rawbinary_jaccard_fcm_m1p5_centers_K7.npy,before_2012_03_hyperparameter_tuning_results/rawbinary_jaccard_fcm_m1p5_cluster_size_K7.csv
before_2012_03,not_used,not_used,JaccardPrototypeFCM,jaccard,raw_binary_disease_matrix,7,,,1.6,0.01,100.0,0.07324657016429938,,,10000,0.20672495830569593,0.26440175291038304,0.8892725899823811,,4.018687963485718,,before_2012_03_hyperparameter_tuning_results/rawbinary_jaccard_fcm_m1p6_labels_K7.npy,before_2012_03_hyperparameter_tuning_results/rawbinary_jaccard_fcm_m1p6_membership_K7.npy,before_2012_03_hyperparameter_tuning_results/rawbinary_jaccard_fcm_m1p6_centers_K7.npy,before_2012_03_hyperparameter_tuning_results/rawbinary_jaccard_fcm_m1p6_cluster_size_K7.csv
before_2012_03,not_used,not_used,JaccardPrototypeFCM,jaccard,raw_binary_disease_matrix,7,,,1.7,0.01,100.0,0.07324657016429938,,,10000,0.19536316651152505,0.24889020150004287,0.9187616410772715,,4.027373790740967,,before_2012_03_hyperparameter_tuning_results/rawbinary_jaccard_fcm_m1p7_labels_K7.npy,before_2012_03_hyperparameter_tuning_results/rawbinary_jaccard_fcm_m1p7_membership_K7.npy,before_2012_03_hyperparameter_tuning_results/rawbinary_jaccard_fcm_m1p7_centers_K7.npy,before_2012_03_hyperparameter_tuning_results/rawbinary_jaccard_fcm_m1p7_cluster_size_K7.csv
before_2012_03,not_used,not_used,JaccardPrototypeFCM,jaccard,raw_binary_disease_matrix,7,,,1.8,0.01,100.0,0.07324657016429938,,,10000,0.1876144096121982,0.237061378036711,0.9367933551472439,,4.086676120758057,,before_2012_03_hyperparameter_tuning_results/rawbinary_jaccard_fcm_m1p8_labels_K7.npy,before_2012_03_hyperparameter_tuning_results/rawbinary_jaccard_fcm_m1p8_membership_K7.npy,before_2012_03_hyperparameter_tuning_results/rawbinary_jaccard_fcm_m1p8_centers_K7.npy,before_2012_03_hyperparameter_tuning_results/rawbinary_jaccard_fcm_m1p8_cluster_size_K7.csv
before_2012_03,not_used,not_used,JaccardPrototypeFCM,jaccard,raw_binary_disease_matrix,7,,,1.9,0.01,100.0,0.07324657016429938,,,10000,0.19801420263197322,0.2536625716947999,0.9367933551472439,,4.281444072723389,,before_2012_03_hyperparameter_tuning_results/rawbinary_jaccard_fcm_m1p9_labels_K7.npy,before_2012_03_hyperparameter_tuning_results/rawbinary_jaccard_fcm_m1p9_membership_K7.npy,before_2012_03_hyperparameter_tuning_results/rawbinary_jaccard_fcm_m1p9_centers_K7.npy,before_2012_03_hyperparameter_tuning_results/rawbinary_jaccard_fcm_m1p9_cluster_size_K7.csv
before_2012_03,not_used,not_used,JaccardPrototypeFCM,jaccard,raw_binary_disease_matrix,7,,,2.0,0.01,100.0,0.07324657016429938,,,10000,0.1934547500185859,0.24458702524789344,0.9367933551472439,,4.0073981285095215,,before_2012_03_hyperparameter_tuning_results/rawbinary_jaccard_fcm_m2p0_labels_K7.npy,before_2012_03_hyperparameter_tuning_results/rawbinary_jaccard_fcm_m2p0_membership_K7.npy,before_2012_03_hyperparameter_tuning_results/rawbinary_jaccard_fcm_m2p0_centers_K7.npy,before_2012_03_hyperparameter_tuning_results/rawbinary_jaccard_fcm_m2p0_cluster_size_K7.csv
before_2012_03,not_used,not_used,JaccardPrototypeFCM,jaccard,raw_binary_disease_matrix,7,,,4.0,0.01,100.0,0.06773140662858844,,,10000,0.14731153573812647,0.16765121666055732,0.9964762144475208,,3.991482734680176,,before_2012_03_hyperparameter_tuning_results/rawbinary_jaccard_fcm_m4p0_labels_K7.npy,before_2012_03_hyperparameter_tuning_results/rawbinary_jaccard_fcm_m4p0_membership_K7.npy,before_2012_03_hyperparameter_tuning_results/rawbinary_jaccard_fcm_m4p0_centers_K7.npy,before_2012_03_hyperparameter_tuning_results/rawbinary_jaccard_fcm_m4p0_cluster_size_K7.csv
before_2012_03,not_used,not_used,JaccardPrototypeKMeans,jaccard,raw_binary_disease_matrix,8,4096.0,5.0,,,100.0,0.08089371030390889,,,10000,,,,0.6519912952896777,3.801949977874756,,before_2012_03_hyperparameter_tuning_results/rawbinary_jaccard_kmeans_bs4096_ninit5_labels_K8.npy,,before_2012_03_hyperparameter_tuning_results/rawbinary_jaccard_kmeans_bs4096_ninit5_centers_K8.npy,before_2012_03_hyperparameter_tuning_results/rawbinary_jaccard_kmeans_bs4096_ninit5_cluster_size_K8.csv
before_2012_03,not_used,not_used,JaccardPrototypeKMeans,jaccard,raw_binary_disease_matrix,8,4096.0,10.0,,,100.0,0.08089371030390889,,,10000,,,,0.6519912952896777,4.080019235610962,,before_2012_03_hyperparameter_tuning_results/rawbinary_jaccard_kmeans_bs4096_ninit10_labels_K8.npy,,before_2012_03_hyperparameter_tuning_results/rawbinary_jaccard_kmeans_bs4096_ninit10_centers_K8.npy,before_2012_03_hyperparameter_tuning_results/rawbinary_jaccard_kmeans_bs4096_ninit10_cluster_size_K8.csv
before_2012_03,not_used,not_used,JaccardPrototypeKMeans,jaccard,raw_binary_disease_matrix,8,4096.0,20.0,,,100.0,0.08089371030390889,,,10000,,,,0.6519912952896777,3.9577150344848633,,before_2012_03_hyperparameter_tuning_results/rawbinary_jaccard_kmeans_bs4096_ninit20_labels_K8.npy,,before_2012_03_hyperparameter_tuning_results/rawbinary_jaccard_kmeans_bs4096_ninit20_centers_K8.npy,before_2012_03_hyperparameter_tuning_results/rawbinary_jaccard_kmeans_bs4096_ninit20_cluster_size_K8.csv
before_2012_03,not_used,not_used,JaccardPrototypeKMeans,jaccard,raw_binary_disease_matrix,8,8192.0,5.0,,,100.0,0.12410252320562903,,,10000,,,,0.6535219139765465,3.7913882732391357,,before_2012_03_hyperparameter_tuning_results/rawbinary_jaccard_kmeans_bs8192_ninit5_labels_K8.npy,,before_2012_03_hyperparameter_tuning_results/rawbinary_jaccard_kmeans_bs8192_ninit5_centers_K8.npy,before_2012_03_hyperparameter_tuning_results/rawbinary_jaccard_kmeans_bs8192_ninit5_cluster_size_K8.csv
before_2012_03,not_used,not_used,JaccardPrototypeKMeans,jaccard,raw_binary_disease_matrix,8,8192.0,10.0,,,100.0,0.12410252320562903,,,10000,,,,0.6535219139765465,3.904331922531128,,before_2012_03_hyperparameter_tuning_results/rawbinary_jaccard_kmeans_bs8192_ninit10_labels_K8.npy,,before_2012_03_hyperparameter_tuning_results/rawbinary_jaccard_kmeans_bs8192_ninit10_centers_K8.npy,before_2012_03_hyperparameter_tuning_results/rawbinary_jaccard_kmeans_bs8192_ninit10_cluster_size_K8.csv
before_2012_03,not_used,not_used,JaccardPrototypeKMeans,jaccard,raw_binary_disease_matrix,8,8192.0,20.0,,,100.0,0.12410252320562903,,,10000,,,,0.6535219139765465,4.00933313369751,,before_2012_03_hyperparameter_tuning_results/rawbinary_jaccard_kmeans_bs8192_ninit20_labels_K8.npy,,before_2012_03_hyperparameter_tuning_results/rawbinary_jaccard_kmeans_bs8192_ninit20_centers_K8.npy,before_2012_03_hyperparameter_tuning_results/rawbinary_jaccard_kmeans_bs8192_ninit20_cluster_size_K8.csv
before_2012_03,not_used,not_used,JaccardPrototypeKMeans,jaccard,raw_binary_disease_matrix,8,16384.0,5.0,,,100.0,0.1050842248212768,,,10000,,,,0.6823425102838339,3.833303928375244,,before_2012_03_hyperparameter_tuning_results/rawbinary_jaccard_kmeans_bs16384_ninit5_labels_K8.npy,,before_2012_03_hyperparameter_tuning_results/rawbinary_jaccard_kmeans_bs16384_ninit5_centers_K8.npy,before_2012_03_hyperparameter_tuning_results/rawbinary_jaccard_kmeans_bs16384_ninit5_cluster_size_K8.csv
before_2012_03,not_used,not_used,JaccardPrototypeKMeans,jaccard,raw_binary_disease_matrix,8,16384.0,10.0,,,100.0,0.08312808450849497,,,10000,,,,0.6530536793925029,3.989295244216919,,before_2012_03_hyperparameter_tuning_results/rawbinary_jaccard_kmeans_bs16384_ninit10_labels_K8.npy,,before_2012_03_hyperparameter_tuning_results/rawbinary_jaccard_kmeans_bs16384_ninit10_centers_K8.npy,before_2012_03_hyperparameter_tuning_results/rawbinary_jaccard_kmeans_bs16384_ninit10_cluster_size_K8.csv
before_2012_03,not_used,not_used,JaccardPrototypeKMeans,jaccard,raw_binary_disease_matrix,8,16384.0,20.0,,,100.0,0.08312808450849497,,,10000,,,,0.6530536793925029,4.200427055358887,,before_2012_03_hyperparameter_tuning_results/rawbinary_jaccard_kmeans_bs16384_ninit20_labels_K8.npy,,before_2012_03_hyperparameter_tuning_results/rawbinary_jaccard_kmeans_bs16384_ninit20_centers_K8.npy,before_2012_03_hyperparameter_tuning_results/rawbinary_jaccard_kmeans_bs16384_ninit20_cluster_size_K8.csv
before_2012_03,not_used,not_used,JaccardPrototypeFCM,jaccard,raw_binary_disease_matrix,8,,,1.1,0.01,100.0,0.07229122139555592,,,10000,0.611826108151077,0.6417323719155799,0.4340699723131135,,4.0470709800720215,,before_2012_03_hyperparameter_tuning_results/rawbinary_jaccard_fcm_m1p1_labels_K8.npy,before_2012_03_hyperparameter_tuning_results/rawbinary_jaccard_fcm_m1p1_membership_K8.npy,before_2012_03_hyperparameter_tuning_results/rawbinary_jaccard_fcm_m1p1_centers_K8.npy,before_2012_03_hyperparameter_tuning_results/rawbinary_jaccard_fcm_m1p1_cluster_size_K8.csv
before_2012_03,not_used,not_used,JaccardPrototypeFCM,jaccard,raw_binary_disease_matrix,8,,,1.2,0.01,100.0,0.06907229240871614,,,10000,0.45346671326596916,0.5119505367185824,0.5573420588975585,,4.009577035903931,,before_2012_03_hyperparameter_tuning_results/rawbinary_jaccard_fcm_m1p2_labels_K8.npy,before_2012_03_hyperparameter_tuning_results/rawbinary_jaccard_fcm_m1p2_membership_K8.npy,before_2012_03_hyperparameter_tuning_results/rawbinary_jaccard_fcm_m1p2_centers_K8.npy,before_2012_03_hyperparameter_tuning_results/rawbinary_jaccard_fcm_m1p2_cluster_size_K8.csv
before_2012_03,not_used,not_used,JaccardPrototypeFCM,jaccard,raw_binary_disease_matrix,8,,,1.3,0.01,100.0,0.059067629487786634,,,10000,0.3486859026452121,0.42156472234746933,0.6685325950163604,,4.029922962188721,,before_2012_03_hyperparameter_tuning_results/rawbinary_jaccard_fcm_m1p3_labels_K8.npy,before_2012_03_hyperparameter_tuning_results/rawbinary_jaccard_fcm_m1p3_membership_K8.npy,before_2012_03_hyperparameter_tuning_results/rawbinary_jaccard_fcm_m1p3_centers_K8.npy,before_2012_03_hyperparameter_tuning_results/rawbinary_jaccard_fcm_m1p3_cluster_size_K8.csv
before_2012_03,not_used,not_used,JaccardPrototypeFCM,jaccard,raw_binary_disease_matrix,8,,,1.4,0.01,100.0,0.06265092920383156,,,10000,0.2945028086216036,0.3733606258031258,0.7413340045305814,,4.210430145263672,,before_2012_03_hyperparameter_tuning_results/rawbinary_jaccard_fcm_m1p4_labels_K8.npy,before_2012_03_hyperparameter_tuning_results/rawbinary_jaccard_fcm_m1p4_membership_K8.npy,before_2012_03_hyperparameter_tuning_results/rawbinary_jaccard_fcm_m1p4_centers_K8.npy,before_2012_03_hyperparameter_tuning_results/rawbinary_jaccard_fcm_m1p4_cluster_size_K8.csv
before_2012_03,not_used,not_used,JaccardPrototypeFCM,jaccard,raw_binary_disease_matrix,8,,,1.5,0.01,100.0,0.09187607116421291,,,10000,0.24534452099148854,0.3261777176835715,0.818243141203121,,4.1608991622924805,,before_2012_03_hyperparameter_tuning_results/rawbinary_jaccard_fcm_m1p5_labels_K8.npy,before_2012_03_hyperparameter_tuning_results/rawbinary_jaccard_fcm_m1p5_membership_K8.npy,before_2012_03_hyperparameter_tuning_results/rawbinary_jaccard_fcm_m1p5_centers_K8.npy,before_2012_03_hyperparameter_tuning_results/rawbinary_jaccard_fcm_m1p5_cluster_size_K8.csv
before_2012_03,not_used,not_used,JaccardPrototypeFCM,jaccard,raw_binary_disease_matrix,8,,,1.6,0.01,100.0,0.09187607116421291,,,10000,0.21972679512873805,0.29653011574606897,0.8572262773722628,,4.022055149078369,,before_2012_03_hyperparameter_tuning_results/rawbinary_jaccard_fcm_m1p6_labels_K8.npy,before_2012_03_hyperparameter_tuning_results/rawbinary_jaccard_fcm_m1p6_membership_K8.npy,before_2012_03_hyperparameter_tuning_results/rawbinary_jaccard_fcm_m1p6_centers_K8.npy,before_2012_03_hyperparameter_tuning_results/rawbinary_jaccard_fcm_m1p6_cluster_size_K8.csv
before_2012_03,not_used,not_used,JaccardPrototypeFCM,jaccard,raw_binary_disease_matrix,8,,,1.7,0.01,100.0,0.09187607116421291,,,10000,0.202554833597722,0.2742903988558679,0.8616360432922225,,4.011303901672363,,before_2012_03_hyperparameter_tuning_results/rawbinary_jaccard_fcm_m1p7_labels_K8.npy,before_2012_03_hyperparameter_tuning_results/rawbinary_jaccard_fcm_m1p7_membership_K8.npy,before_2012_03_hyperparameter_tuning_results/rawbinary_jaccard_fcm_m1p7_centers_K8.npy,before_2012_03_hyperparameter_tuning_results/rawbinary_jaccard_fcm_m1p7_cluster_size_K8.csv
before_2012_03,not_used,not_used,JaccardPrototypeFCM,jaccard,raw_binary_disease_matrix,8,,,1.8,0.01,100.0,0.09187607116421291,,,10000,0.19086953601315468,0.25731392043955054,0.906065945129625,,4.031499147415161,,before_2012_03_hyperparameter_tuning_results/rawbinary_jaccard_fcm_m1p8_labels_K8.npy,before_2012_03_hyperparameter_tuning_results/rawbinary_jaccard_fcm_m1p8_membership_K8.npy,before_2012_03_hyperparameter_tuning_results/rawbinary_jaccard_fcm_m1p8_centers_K8.npy,before_2012_03_hyperparameter_tuning_results/rawbinary_jaccard_fcm_m1p8_cluster_size_K8.csv
before_2012_03,not_used,not_used,JaccardPrototypeFCM,jaccard,raw_binary_disease_matrix,8,,,1.9,0.01,100.0,0.07921253267585851,,,10000,0.18670295829429404,0.24657700796818,0.9041631009312862,,3.972615957260132,,before_2012_03_hyperparameter_tuning_results/rawbinary_jaccard_fcm_m1p9_labels_K8.npy,before_2012_03_hyperparameter_tuning_results/rawbinary_jaccard_fcm_m1p9_membership_K8.npy,before_2012_03_hyperparameter_tuning_results/rawbinary_jaccard_fcm_m1p9_centers_K8.npy,before_2012_03_hyperparameter_tuning_results/rawbinary_jaccard_fcm_m1p9_cluster_size_K8.csv
before_2012_03,not_used,not_used,JaccardPrototypeFCM,jaccard,raw_binary_disease_matrix,8,,,2.0,0.01,100.0,0.07921253267585851,,,10000,0.18126789969036203,0.23648251130734707,0.9295343569091367,,3.9447057247161865,,before_2012_03_hyperparameter_tuning_results/rawbinary_jaccard_fcm_m2p0_labels_K8.npy,before_2012_03_hyperparameter_tuning_results/rawbinary_jaccard_fcm_m2p0_membership_K8.npy,before_2012_03_hyperparameter_tuning_results/rawbinary_jaccard_fcm_m2p0_centers_K8.npy,before_2012_03_hyperparameter_tuning_results/rawbinary_jaccard_fcm_m2p0_cluster_size_K8.csv
before_2012_03,not_used,not_used,JaccardPrototypeFCM,jaccard,raw_binary_disease_matrix,8,,,4.0,0.01,100.0,0.11056994973497751,,,10000,0.16691221892635477,0.18682248182552347,0.9383035489554493,,3.97851300239563,,before_2012_03_hyperparameter_tuning_results/rawbinary_jaccard_fcm_m4p0_labels_K8.npy,before_2012_03_hyperparameter_tuning_results/rawbinary_jaccard_fcm_m4p0_membership_K8.npy,before_2012_03_hyperparameter_tuning_results/rawbinary_jaccard_fcm_m4p0_centers_K8.npy,before_2012_03_hyperparameter_tuning_results/rawbinary_jaccard_fcm_m4p0_cluster_size_K8.csv
